"eventId","subEventName","tags","playerId","positions","matchId","eventName","teamId","matchPeriod","eventSec","subEventId","id","tagsList","pos_orig_y","pos_orig_x","pos_dest_y","pos_dest_x","period_order","possession_id","case:concept:name","concept:name","time:timestamp","org:resource"
8,"Simple pass","[{'id': 1801}]",3685,"[{'y': 50, 'x': 50}, {'y': 53, 'x': 45}]",2057984,"Pass","Mexico","1H",2.22747699999999,85,258947938,"[1801]",50,50,53,45,1,2,2,"Simple pass","1970-01-01 00:00:00.000000002","C. Vela"
8,"Simple pass","[{'id': 1801}]",112459,"[{'y': 53, 'x': 45}, {'y': 10, 'x': 31}]",2057984,"Pass","Mexico","1H",3.949556,85,258947939,"[1801]",53,45,10,31,1,2,2,"Simple pass","1970-01-01 00:00:00.000000003","H. Herrera"
8,"Simple pass","[{'id': 1801}]",336178,"[{'y': 10, 'x': 31}, {'y': 33, 'x': 26}]",2057984,"Pass","Mexico","1H",7.164715,85,258947940,"[1801]",10,31,33,26,1,2,2,"Simple pass","1970-01-01 00:00:00.000000007","J. Gallardo"
8,"Simple pass","[{'id': 1801}]",3795,"[{'y': 33, 'x': 26}, {'y': 61, 'x': 28}]",2057984,"Pass","Mexico","1H",11.356112,85,258947942,"[1801]",33,26,61,28,1,2,2,"Simple pass","1970-01-01 00:00:00.000000011","H. Moreno"
8,"Simple pass","[{'id': 1801}]",112777,"[{'y': 61, 'x': 28}, {'y': 48, 'x': 10}]",2057984,"Pass","Mexico","1H",15.253747,85,258947943,"[1801]",61,28,48,10,1,2,2,"Simple pass","1970-01-01 00:00:00.000000015","H. Ayala"
8,"Launch","[{'id': 1801}]",25816,"[{'y': 48, 'x': 10}, {'y': 15, 'x': 46}]",2057984,"Pass","Mexico","1H",19.520414,84,258947944,"[1801]",48,10,15,46,1,2,2,"Launch","1970-01-01 00:00:00.000000019","G. Ochoa"
1,"Air duel","[{'id': 703}, {'id': 1801}]",14732,"[{'y': 85, 'x': 54}, {'y': 74, 'x': 66}]",2057984,"Duel","Germany","1H",22.067938,10,258947857,"[703, 1801]",85,54,74,66,1,3,3,"Air duel","1970-01-01 00:00:00.000000022","T. Müller"
1,"Air duel","[{'id': 701}, {'id': 1802}]",336178,"[{'y': 15, 'x': 46}, {'y': 26, 'x': 34}]",2057984,"Duel","Mexico","1H",22.157485,10,258947947,"[701, 1802]",15,46,26,34,1,4,4,"Air duel","1970-01-01 00:00:00.000000022","J. Gallardo"
8,"Simple pass","[{'id': 1801}]",3319,"[{'y': 74, 'x': 66}, {'y': 73, 'x': 58}]",2057984,"Pass","Germany","1H",23.859712,85,258947858,"[1801]",74,66,73,58,1,5,5,"Simple pass","1970-01-01 00:00:00.000000023","M. Özil"
8,"Simple pass","[{'id': 1802}]",3318,"[{'y': 73, 'x': 58}, {'y': 92, 'x': 67}]",2057984,"Pass","Germany","1H",24.978494,85,258947859,"[1802]",73,58,92,67,1,6,6,"Simple pass","1970-01-01 00:00:00.000000024","S. Khedira"
1,"Ground defending duel","[{'id': 702}, {'id': 1801}]",14732,"[{'y': 92, 'x': 67}, {'y': 91, 'x': 75}]",2057984,"Duel","Germany","1H",26.307318,12,258947861,"[702, 1801]",92,67,91,75,1,6,6,"Ground defending duel","1970-01-01 00:00:00.000000026","T. Müller"
1,"Ground attacking duel","[{'id': 1401}, {'id': 702}, {'id': 1801}]",336178,"[{'y': 8, 'x': 33}, {'y': 9, 'x': 25}]",2057984,"Duel","Mexico","1H",26.482503,11,258947951,"[1401, 702, 1801]",8,33,9,25,1,7,7,"Ground attacking duel","1970-01-01 00:00:00.000000026","J. Gallardo"
7,"Touch","[{'id': 1401}]",14732,"[{'y': 95, 'x': 73}, {'y': 81, 'x': 62}]",2057984,"Others on the ball","Germany","1H",29.233493,72,258947862,"[1401]",95,73,81,62,1,8,8,"Touch","1970-01-01 00:00:00.000000029","T. Müller"
8,"Simple pass","[{'id': 1802}]",336178,"[{'y': 9, 'x': 25}, {'y': 5, 'x': 27}]",2057984,"Pass","Mexico","1H",29.968657,85,258947952,"[1802]",9,25,5,27,1,9,9,"Simple pass","1970-01-01 00:00:00.000000029","J. Gallardo"
8,"Simple pass","[{'id': 1801}]",295156,"[{'y': 19, 'x': 38}, {'y': 30, 'x': 37}]",2057984,"Pass","Mexico","1H",31.755271,85,258947953,"[1801]",19,38,30,37,1,9,9,"Simple pass","1970-01-01 00:00:00.000000031","H. Lozano"
8,"Simple pass","[{'id': 1801}]",112459,"[{'y': 30, 'x': 37}, {'y': 26, 'x': 31}]",2057984,"Pass","Mexico","1H",32.473605,85,258947954,"[1801]",30,37,26,31,1,9,9,"Simple pass","1970-01-01 00:00:00.000000032","H. Herrera"
8,"Simple pass","[{'id': 1801}]",3384,"[{'y': 26, 'x': 31}, {'y': 27, 'x': 41}]",2057984,"Pass","Mexico","1H",33.711383,85,258947955,"[1801]",26,31,27,41,1,9,9,"Simple pass","1970-01-01 00:00:00.000000033","A. Guardado"
8,"Simple pass","[{'id': 1801}]",3685,"[{'y': 27, 'x': 41}, {'y': 38, 'x': 46}]",2057984,"Pass","Mexico","1H",34.57151,85,258947956,"[1801]",27,41,38,46,1,9,9,"Simple pass","1970-01-01 00:00:00.000000034","C. Vela"
1,"Ground loose ball duel","[{'id': 701}, {'id': 1802}]",14723,"[{'y': 62, 'x': 54}, {'y': 51, 'x': 45}]",2057984,"Duel","Germany","1H",35.455976,13,258947863,"[701, 1802]",62,54,51,45,1,10,10,"Ground loose ball duel","1970-01-01 00:00:00.000000035","T. Kroos"
1,"Ground loose ball duel","[{'id': 703}, {'id': 1801}]",112459,"[{'y': 38, 'x': 46}, {'y': 49, 'x': 55}]",2057984,"Duel","Mexico","1H",35.455976,13,258947959,"[703, 1801]",38,46,49,55,1,11,11,"Ground loose ball duel","1970-01-01 00:00:00.000000035","H. Herrera"
8,"Simple pass","[{'id': 1801}]",7941,"[{'y': 49, 'x': 55}, {'y': 95, 'x': 34}]",2057984,"Pass","Mexico","1H",36.869373,85,258947961,"[1801]",49,55,95,34,1,11,11,"Simple pass","1970-01-01 00:00:00.000000036","J. Hernández"
7,"Touch","[]",255387,"[{'y': 95, 'x': 34}, {'y': 76, 'x': 58}]",2057984,"Others on the ball","Mexico","1H",39.975056,72,258947963,,95,34,76,58,1,11,11,"Touch","1970-01-01 00:00:00.000000039","C. Salcedo"
8,"Simple pass","[{'id': 1801}]",255387,"[{'y': 76, 'x': 58}, {'y': 64, 'x': 43}]",2057984,"Pass","Mexico","1H",45.320548,85,258947965,"[1801]",76,58,64,43,1,11,11,"Simple pass","1970-01-01 00:00:00.000000045","C. Salcedo"
8,"Simple pass","[{'id': 1801}]",112777,"[{'y': 64, 'x': 43}, {'y': 28, 'x': 43}]",2057984,"Pass","Mexico","1H",47.528834,85,258947966,"[1801]",64,43,28,43,1,11,11,"Simple pass","1970-01-01 00:00:00.000000047","H. Ayala"
8,"Simple pass","[{'id': 1801}]",3795,"[{'y': 28, 'x': 43}, {'y': 48, 'x': 69}]",2057984,"Pass","Mexico","1H",51.422469,85,258947967,"[1801]",28,43,48,69,1,11,11,"Simple pass","1970-01-01 00:00:00.000000051","H. Moreno"
8,"Simple pass","[{'id': 1801}]",7941,"[{'y': 48, 'x': 69}, {'y': 26, 'x': 76}]",2057984,"Pass","Mexico","1H",52.587707,85,258947997,"[1801]",48,69,26,76,1,11,11,"Simple pass","1970-01-01 00:00:00.000000052","J. Hernández"
8,"Smart pass","[{'id': 302}, {'id': 1801}]",3685,"[{'y': 26, 'x': 76}, {'y': 35, 'x': 90}]",2057984,"Pass","Mexico","1H",54.946738,86,258947998,"[302, 1801]",26,76,35,90,1,11,11,"Smart pass","1970-01-01 00:00:00.000000054","C. Vela"
10,"Shot","[{'id': 402}, {'id': 2101}, {'id': 201}, {'id': 1802}]",295156,"[{'y': 35, 'x': 90}, {'y': 100, 'x': 100}]",2057984,"Shot","Mexico","1H",57.235054,100,258948009,"[402, 2101, 201, 1802]",35,90,100,100,1,11,11,"Shot","1970-01-01 00:00:00.000000057","H. Lozano"
7,"Touch","[{'id': 1401}]",14716,"[{'y': 63, 'x': 9}, {'y': 59, 'x': 0}]",2057984,"Others on the ball","Germany","1H",59.120842,72,258947867,"[1401]",63,9,59,0,1,12,12,"Touch","1970-01-01 00:00:00.000000059","J. Boateng"
3,"Corner","[{'id': 801}, {'id': 1801}]",112366,"[{'y': 0, 'x': 100}, {'y': 50, 'x': 95}]",2057984,"Free Kick","Mexico","1H",85.024053,30,258948014,"[801, 1801]",0,100,50,95,1,13,13,"Corner","1970-01-01 00:00:00.000000085","M. Layún"
7,"Touch","[]",15125,"[{'y': 40, 'x': 4}, {'y': 52, 'x': 3}]",2057984,"Others on the ball","Germany","1H",86.605347,72,258947868,,40,4,52,3,1,14,14,"Touch","1970-01-01 00:00:00.000000086","M. Plattenhardt"
1,"Ground loose ball duel","[{'id': 703}, {'id': 1801}]",14795,"[{'y': 50, 'x': 5}, {'y': 40, 'x': 4}]",2057984,"Duel","Germany","1H",86.984679,13,258947894,"[703, 1801]",50,5,40,4,1,14,14,"Ground loose ball duel","1970-01-01 00:00:00.000000086","M. Hummels"
7,"Touch","[{'id': 201}, {'id': 1302}]",7941,"[{'y': 46, 'x': 92}, {'y': 48, 'x': 97}]",2057984,"Others on the ball","Mexico","1H",87.002257,72,258948015,"[201, 1302]",46,92,48,97,1,15,15,"Touch","1970-01-01 00:00:00.000000087","J. Hernández"
1,"Ground loose ball duel","[{'id': 702}, {'id': 1801}]",14716,"[{'y': 52, 'x': 3}, {'y': 52, 'x': 4}]",2057984,"Duel","Germany","1H",88.480142,13,258947869,"[702, 1801]",52,3,52,4,1,16,16,"Ground loose ball duel","1970-01-01 00:00:00.000000088","J. Boateng"
1,"Ground loose ball duel","[{'id': 703}, {'id': 1801}]",14712,"[{'y': 52, 'x': 4}, {'y': 45, 'x': 7}]",2057984,"Duel","Germany","1H",89.182975,13,258947870,"[703, 1801]",52,4,45,7,1,16,16,"Ground loose ball duel","1970-01-01 00:00:00.000000089","M. Neuer"
1,"Ground loose ball duel","[{'id': 702}, {'id': 1801}]",112777,"[{'y': 48, 'x': 97}, {'y': 48, 'x': 96}]",2057984,"Duel","Mexico","1H",89.422314,13,258948020,"[702, 1801]",48,97,48,96,1,17,17,"Ground loose ball duel","1970-01-01 00:00:00.000000089","H. Ayala"
8,"Hand pass","[{'id': 1801}]",14712,"[{'y': 45, 'x': 7}, {'y': 8, 'x': 20}]",2057984,"Pass","Germany","1H",95.267158,81,258947871,"[1801]",45,7,8,20,1,18,18,"Hand pass","1970-01-01 00:00:00.000000095","M. Neuer"
8,"Simple pass","[{'id': 1801}]",15125,"[{'y': 8, 'x': 20}, {'y': 21, 'x': 26}]",2057984,"Pass","Germany","1H",98.075413,85,258947872,"[1801]",8,20,21,26,1,18,18,"Simple pass","1970-01-01 00:00:00.000000098","M. Plattenhardt"
8,"Simple pass","[{'id': 1801}]",14723,"[{'y': 21, 'x': 26}, {'y': 81, 'x': 16}]",2057984,"Pass","Germany","1H",100.383945,85,258947873,"[1801]",21,26,81,16,1,18,18,"Simple pass","1970-01-01 00:00:00.000000100","T. Kroos"
8,"Simple pass","[{'id': 1801}]",14716,"[{'y': 81, 'x': 16}, {'y': 92, 'x': 24}]",2057984,"Pass","Germany","1H",104.415132,85,258947874,"[1801]",81,16,92,24,1,18,18,"Simple pass","1970-01-01 00:00:00.000000104","J. Boateng"
1,"Ground attacking duel","[{'id': 703}, {'id': 1801}]",224593,"[{'y': 92, 'x': 24}, {'y': 85, 'x': 26}]",2057984,"Duel","Germany","1H",107.096881,11,258947875,"[703, 1801]",92,24,85,26,1,18,18,"Ground attacking duel","1970-01-01 00:00:00.000000107","J. Kimmich"
1,"Ground defending duel","[{'id': 701}, {'id': 1802}]",3685,"[{'y': 8, 'x': 76}, {'y': 15, 'x': 74}]",2057984,"Duel","Mexico","1H",107.096881,12,258948022,"[701, 1802]",8,76,15,74,1,19,19,"Ground defending duel","1970-01-01 00:00:00.000000107","C. Vela"
2,"Foul","[]",3685,"[{'y': 15, 'x': 74}, {'y': 8, 'x': 76}]",2057984,"Foul","Mexico","1H",108.285293,20,258948023,,15,74,8,76,1,19,19,"Foul","1970-01-01 00:00:00.000000108","C. Vela"
3,"Free Kick","[{'id': 1801}]",14716,"[{'y': 80, 'x': 22}, {'y': 73, 'x': 40}]",2057984,"Free Kick","Germany","1H",119.358389,31,258947876,"[1801]",80,22,73,40,1,20,20,"Free Kick","1970-01-01 00:00:00.000000119","J. Boateng"
8,"Simple pass","[{'id': 1801}]",173214,"[{'y': 73, 'x': 40}, {'y': 76, 'x': 25}]",2057984,"Pass","Germany","1H",120.740777,85,258947877,"[1801]",73,40,76,25,1,20,20,"Simple pass","1970-01-01 00:00:00.000000120","T. Werner"
7,"Touch","[]",14716,"[{'y': 76, 'x': 25}, {'y': 72, 'x': 37}]",2057984,"Others on the ball","Germany","1H",122.485084,72,258947878,,76,25,72,37,1,20,20,"Touch","1970-01-01 00:00:00.000000122","J. Boateng"
8,"High pass","[{'id': 1801}]",14716,"[{'y': 72, 'x': 37}, {'y': 1, 'x': 63}]",2057984,"Pass","Germany","1H",126.628285,83,258947879,"[1801]",72,37,1,63,1,20,20,"High pass","1970-01-01 00:00:00.000000126","J. Boateng"
8,"Simple pass","[{'id': 1801}]",15125,"[{'y': 1, 'x': 63}, {'y': 1, 'x': 75}]",2057984,"Pass","Germany","1H",130.851147,85,258947880,"[1801]",1,63,1,75,1,20,20,"Simple pass","1970-01-01 00:00:00.000000130","M. Plattenhardt"
7,"Touch","[]",14862,"[{'y': 1, 'x': 75}, {'y': 18, 'x': 72}]",2057984,"Others on the ball","Germany","1H",131.740666,72,258947882,,1,75,18,72,1,20,20,"Touch","1970-01-01 00:00:00.000000131","J. Draxler"
8,"Simple pass","[{'id': 1801}]",14862,"[{'y': 18, 'x': 72}, {'y': 26, 'x': 74}]",2057984,"Pass","Germany","1H",134.863979,85,258947883,"[1801]",18,72,26,74,1,20,20,"Simple pass","1970-01-01 00:00:00.000000134","J. Draxler"
8,"Simple pass","[{'id': 1801}]",3319,"[{'y': 26, 'x': 74}, {'y': 39, 'x': 73}]",2057984,"Pass","Germany","1H",135.744184,85,258947884,"[1801]",26,74,39,73,1,20,20,"Simple pass","1970-01-01 00:00:00.000000135","M. Özil"
1,"Ground attacking duel","[{'id': 503}, {'id': 701}, {'id': 1802}]",14862,"[{'y': 39, 'x': 73}, {'y': 35, 'x': 79}]",2057984,"Duel","Germany","1H",136.94745,11,258947885,"[503, 701, 1802]",39,73,35,79,1,20,20,"Ground attacking duel","1970-01-01 00:00:00.000000136","J. Draxler"
1,"Ground defending duel","[{'id': 504}, {'id': 703}, {'id': 1801}]",3384,"[{'y': 61, 'x': 27}, {'y': 65, 'x': 21}]",2057984,"Duel","Mexico","1H",136.94745,12,258948025,"[504, 703, 1801]",61,27,65,21,1,21,21,"Ground defending duel","1970-01-01 00:00:00.000000136","A. Guardado"
7,"Clearance","[{'id': 1802}]",255387,"[{'y': 65, 'x': 21}, {'y': 61, 'x': 66}]",2057984,"Others on the ball","Mexico","1H",138.73267,71,258948027,"[1802]",65,21,61,66,1,21,21,"Clearance","1970-01-01 00:00:00.000000138","C. Salcedo"
8,"Simple pass","[{'id': 1401}, {'id': 1801}]",14712,"[{'y': 39, 'x': 34}, {'y': 84, 'x': 38}]",2057984,"Pass","Germany","1H",141.958214,85,258947886,"[1401, 1801]",39,34,84,38,1,22,22,"Simple pass","1970-01-01 00:00:00.000000141","M. Neuer"
7,"Touch","[]",14716,"[{'y': 84, 'x': 38}, {'y': 81, 'x': 48}]",2057984,"Others on the ball","Germany","1H",145.365899,72,258947887,,84,38,81,48,1,22,22,"Touch","1970-01-01 00:00:00.000000145","J. Boateng"
8,"Simple pass","[{'id': 1801}]",14716,"[{'y': 81, 'x': 48}, {'y': 93, 'x': 61}]",2057984,"Pass","Germany","1H",149.44484,85,258947888,"[1801]",81,48,93,61,1,22,22,"Simple pass","1970-01-01 00:00:00.000000149","J. Boateng"
8,"Simple pass","[{'id': 1801}]",224593,"[{'y': 93, 'x': 61}, {'y': 82, 'x': 54}]",2057984,"Pass","Germany","1H",151.476829,85,258947889,"[1801]",93,61,82,54,1,22,22,"Simple pass","1970-01-01 00:00:00.000000151","J. Kimmich"
8,"Simple pass","[{'id': 1801}]",14716,"[{'y': 82, 'x': 54}, {'y': 93, 'x': 64}]",2057984,"Pass","Germany","1H",155.238444,85,258947890,"[1801]",82,54,93,64,1,22,22,"Simple pass","1970-01-01 00:00:00.000000155","J. Boateng"
8,"Smart pass","[{'id': 302}, {'id': 901}, {'id': 1801}]",224593,"[{'y': 93, 'x': 64}, {'y': 71, 'x': 94}]",2057984,"Pass","Germany","1H",157.116968,86,258947891,"[302, 901, 1801]",93,64,71,94,1,22,22,"Smart pass","1970-01-01 00:00:00.000000157","J. Kimmich"
10,"Shot","[{'id': 402}, {'id': 201}, {'id': 1212}, {'id': 1802}]",173214,"[{'y': 71, 'x': 94}, {'y': 0, 'x': 0}]",2057984,"Shot","Germany","1H",159.71794,100,258947893,"[402, 201, 1212, 1802]",71,94,0,0,1,22,22,"Shot","1970-01-01 00:00:00.000000159","T. Werner"
3,"Goal kick","[]",25816,"[{'y': 100, 'x': 100}, {'y': 19, 'x': 33}]",2057984,"Free Kick","Mexico","1H",191.694127,34,258948038,,100,100,19,33,1,23,23,"Goal kick","1970-01-01 00:00:00.000000191","G. Ochoa"
8,"Head pass","[{'id': 1802}]",3795,"[{'y': 19, 'x': 33}, {'y': 23, 'x': 47}]",2057984,"Pass","Mexico","1H",195.329428,82,258948040,"[1802]",19,33,23,47,1,24,24,"Head pass","1970-01-01 00:00:00.000000195","H. Moreno"
8,"Simple pass","[{'id': 1401}, {'id': 1801}]",3318,"[{'y': 77, 'x': 53}, {'y': 90, 'x': 65}]",2057984,"Pass","Germany","1H",196.58879,85,258947895,"[1401, 1801]",77,53,90,65,1,25,25,"Simple pass","1970-01-01 00:00:00.000000196","S. Khedira"
8,"Simple pass","[{'id': 1801}]",14732,"[{'y': 90, 'x': 65}, {'y': 94, 'x': 76}]",2057984,"Pass","Germany","1H",198.326746,85,258947896,"[1801]",90,65,94,76,1,25,25,"Simple pass","1970-01-01 00:00:00.000000198","T. Müller"
8,"Simple pass","[{'id': 1801}]",173214,"[{'y': 94, 'x': 76}, {'y': 94, 'x': 63}]",2057984,"Pass","Germany","1H",202.827783,85,258947897,"[1801]",94,76,94,63,1,25,25,"Simple pass","1970-01-01 00:00:00.000000202","T. Werner"
8,"Simple pass","[{'id': 1801}]",224593,"[{'y': 94, 'x': 63}, {'y': 89, 'x': 48}]",2057984,"Pass","Germany","1H",206.879132,85,258947898,"[1801]",94,63,89,48,1,25,25,"Simple pass","1970-01-01 00:00:00.000000206","J. Kimmich"
7,"Touch","[]",14716,"[{'y': 89, 'x': 48}, {'y': 81, 'x': 61}]",2057984,"Others on the ball","Germany","1H",208.737964,72,258947899,,89,48,81,61,1,25,25,"Touch","1970-01-01 00:00:00.000000208","J. Boateng"
8,"Simple pass","[{'id': 1802}]",14716,"[{'y': 81, 'x': 61}, {'y': 96, 'x': 74}]",2057984,"Pass","Germany","1H",212.668358,85,258947900,"[1802]",81,61,96,74,1,26,26,"Simple pass","1970-01-01 00:00:00.000000212","J. Boateng"
8,"Simple pass","[{'id': 1802}]",224593,"[{'y': 93, 'x': 67}, {'y': 100, 'x': 72}]",2057984,"Pass","Germany","1H",214.189515,85,258947901,"[1802]",93,67,100,72,1,27,27,"Simple pass","1970-01-01 00:00:00.000000214","J. Kimmich"
7,"Touch","[{'id': 1401}]",336178,"[{'y': 4, 'x': 26}, {'y': 7, 'x': 33}]",2057984,"Others on the ball","Mexico","1H",214.241902,72,258948042,"[1401]",4,26,7,33,1,28,28,"Touch","1970-01-01 00:00:00.000000214","J. Gallardo"
3,"Throw in","[{'id': 1801}]",224593,"[{'y': 100, 'x': 69}, {'y': 81, 'x': 66}]",2057984,"Free Kick","Germany","1H",226.507859,36,258947902,"[1801]",100,69,81,66,1,29,29,"Throw in","1970-01-01 00:00:00.000000226","J. Kimmich"
8,"Simple pass","[{'id': 1801}]",3318,"[{'y': 81, 'x': 66}, {'y': 92, 'x': 77}]",2057984,"Pass","Germany","1H",227.93285,85,258947903,"[1801]",81,66,92,77,1,29,29,"Simple pass","1970-01-01 00:00:00.000000227","S. Khedira"
8,"Simple pass","[{'id': 1801}]",173214,"[{'y': 92, 'x': 77}, {'y': 80, 'x': 73}]",2057984,"Pass","Germany","1H",228.768594,85,258947904,"[1801]",92,77,80,73,1,29,29,"Simple pass","1970-01-01 00:00:00.000000228","T. Werner"
8,"Simple pass","[{'id': 1801}]",14732,"[{'y': 80, 'x': 73}, {'y': 83, 'x': 67}]",2057984,"Pass","Germany","1H",230.508555,85,258947905,"[1801]",80,73,83,67,1,29,29,"Simple pass","1970-01-01 00:00:00.000000230","T. Müller"
1,"Ground defending duel","[{'id': 1601}, {'id': 702}, {'id': 1801}]",3795,"[{'y': 17, 'x': 33}, {'y': 24, 'x': 36}]",2057984,"Duel","Mexico","1H",230.582988,12,258948044,"[1601, 702, 1801]",17,33,24,36,1,30,30,"Ground defending duel","1970-01-01 00:00:00.000000230","H. Moreno"
8,"Simple pass","[{'id': 1801}]",3318,"[{'y': 76, 'x': 64}, {'y': 54, 'x': 54}]",2057984,"Pass","Germany","1H",232.237124,85,258947906,"[1801]",76,64,54,54,1,31,31,"Simple pass","1970-01-01 00:00:00.000000232","S. Khedira"
8,"Simple pass","[{'id': 1801}]",14795,"[{'y': 54, 'x': 54}, {'y': 24, 'x': 52}]",2057984,"Pass","Germany","1H",234.312438,85,258947907,"[1801]",54,54,24,52,1,31,31,"Simple pass","1970-01-01 00:00:00.000000234","M. Hummels"
8,"Simple pass","[{'id': 1801}]",14723,"[{'y': 24, 'x': 52}, {'y': 3, 'x': 64}]",2057984,"Pass","Germany","1H",236.23184,85,258947908,"[1801]",24,52,3,64,1,31,31,"Simple pass","1970-01-01 00:00:00.000000236","T. Kroos"
7,"Touch","[]",15125,"[{'y': 3, 'x': 64}, {'y': 11, 'x': 45}]",2057984,"Others on the ball","Germany","1H",237.505939,72,258947909,,3,64,11,45,1,31,31,"Touch","1970-01-01 00:00:00.000000237","M. Plattenhardt"
8,"Simple pass","[{'id': 1801}]",15125,"[{'y': 11, 'x': 45}, {'y': 32, 'x': 18}]",2057984,"Pass","Germany","1H",241.130638,85,258947910,"[1801]",11,45,32,18,1,31,31,"Simple pass","1970-01-01 00:00:00.000000241","M. Plattenhardt"
8,"Simple pass","[{'id': 1801}]",14712,"[{'y': 32, 'x': 18}, {'y': 63, 'x': 33}]",2057984,"Pass","Germany","1H",245.121325,85,258947911,"[1801]",32,18,63,33,1,31,31,"Simple pass","1970-01-01 00:00:00.000000245","M. Neuer"
8,"Simple pass","[{'id': 1801}]",14716,"[{'y': 63, 'x': 33}, {'y': 40, 'x': 34}]",2057984,"Pass","Germany","1H",248.771628,85,258947912,"[1801]",63,33,40,34,1,31,31,"Simple pass","1970-01-01 00:00:00.000000248","J. Boateng"
8,"Simple pass","[{'id': 1801}]",14795,"[{'y': 40, 'x': 34}, {'y': 69, 'x': 44}]",2057984,"Pass","Germany","1H",250.936237,85,258947913,"[1801]",40,34,69,44,1,31,31,"Simple pass","1970-01-01 00:00:00.000000250","M. Hummels"
8,"Simple pass","[{'id': 1801}]",14716,"[{'y': 69, 'x': 44}, {'y': 94, 'x': 69}]",2057984,"Pass","Germany","1H",253.713375,85,258947914,"[1801]",69,44,94,69,1,31,31,"Simple pass","1970-01-01 00:00:00.000000253","J. Boateng"
8,"Simple pass","[{'id': 1801}]",224593,"[{'y': 94, 'x': 69}, {'y': 92, 'x': 81}]",2057984,"Pass","Germany","1H",255.763486,85,258947915,"[1801]",94,69,92,81,1,31,31,"Simple pass","1970-01-01 00:00:00.000000255","J. Kimmich"
1,"Ground attacking duel","[{'id': 702}, {'id': 1801}]",173214,"[{'y': 92, 'x': 81}, {'y': 100, 'x': 83}]",2057984,"Duel","Germany","1H",259.079245,11,258947918,"[702, 1801]",92,81,100,83,1,31,31,"Ground attacking duel","1970-01-01 00:00:00.000000259","T. Werner"
1,"Ground defending duel","[{'id': 702}, {'id': 1801}]",295156,"[{'y': 8, 'x': 19}, {'y': 0, 'x': 17}]",2057984,"Duel","Mexico","1H",259.224749,12,258948061,"[702, 1801]",8,19,0,17,1,32,32,"Ground defending duel","1970-01-01 00:00:00.000000259","H. Lozano"
3,"Throw in","[{'id': 1801}]",224593,"[{'y': 100, 'x': 83}, {'y': 74, 'x': 77}]",2057984,"Free Kick","Germany","1H",266.09833,36,258947919,"[1801]",100,83,74,77,1,33,33,"Throw in","1970-01-01 00:00:00.000000266","J. Kimmich"
8,"Simple pass","[{'id': 1801}]",3319,"[{'y': 74, 'x': 77}, {'y': 75, 'x': 66}]",2057984,"Pass","Germany","1H",267.358647,85,258947920,"[1801]",74,77,75,66,1,33,33,"Simple pass","1970-01-01 00:00:00.000000267","M. Özil"
8,"Simple pass","[{'id': 1801}]",3318,"[{'y': 75, 'x': 66}, {'y': 80, 'x': 56}]",2057984,"Pass","Germany","1H",270.695844,85,258947921,"[1801]",75,66,80,56,1,33,33,"Simple pass","1970-01-01 00:00:00.000000270","S. Khedira"
8,"Simple pass","[{'id': 1801}]",14723,"[{'y': 80, 'x': 56}, {'y': 71, 'x': 40}]",2057984,"Pass","Germany","1H",272.548121,85,258947922,"[1801]",80,56,71,40,1,33,33,"Simple pass","1970-01-01 00:00:00.000000272","T. Kroos"
8,"Simple pass","[{'id': 1801}]",14716,"[{'y': 71, 'x': 40}, {'y': 31, 'x': 37}]",2057984,"Pass","Germany","1H",275.325335,85,258947923,"[1801]",71,40,31,37,1,33,33,"Simple pass","1970-01-01 00:00:00.000000275","J. Boateng"
8,"Simple pass","[{'id': 1801}]",14795,"[{'y': 31, 'x': 37}, {'y': 60, 'x': 43}]",2057984,"Pass","Germany","1H",277.820981,85,258947924,"[1801]",31,37,60,43,1,33,33,"Simple pass","1970-01-01 00:00:00.000000277","M. Hummels"
8,"Simple pass","[{'id': 1801}]",14716,"[{'y': 60, 'x': 43}, {'y': 74, 'x': 42}]",2057984,"Pass","Germany","1H",282.194227,85,258947925,"[1801]",60,43,74,42,1,33,33,"Simple pass","1970-01-01 00:00:00.000000282","J. Boateng"
8,"Simple pass","[{'id': 1801}]",14723,"[{'y': 74, 'x': 42}, {'y': 63, 'x': 39}]",2057984,"Pass","Germany","1H",284.790403,85,258947926,"[1801]",74,42,63,39,1,33,33,"Simple pass","1970-01-01 00:00:00.000000284","T. Kroos"
7,"Touch","[]",14716,"[{'y': 63, 'x': 39}, {'y': 60, 'x': 48}]",2057984,"Others on the ball","Germany","1H",286.012177,72,258947927,,63,39,60,48,1,33,33,"Touch","1970-01-01 00:00:00.000000286","J. Boateng"
8,"High pass","[{'id': 1801}]",14716,"[{'y': 60, 'x': 48}, {'y': 2, 'x': 82}]",2057984,"Pass","Germany","1H",294.429462,83,258947928,"[1801]",60,48,2,82,1,33,33,"High pass","1970-01-01 00:00:00.000000294","J. Boateng"
8,"Simple pass","[{'id': 1801}]",15125,"[{'y': 2, 'x': 82}, {'y': 4, 'x': 84}]",2057984,"Pass","Germany","1H",298.122506,85,258947929,"[1801]",2,82,4,84,1,33,33,"Simple pass","1970-01-01 00:00:00.000000298","M. Plattenhardt"
8,"Simple pass","[{'id': 1801}]",14862,"[{'y': 4, 'x': 84}, {'y': 6, 'x': 77}]",2057984,"Pass","Germany","1H",299.834625,85,258947931,"[1801]",4,84,6,77,1,33,33,"Simple pass","1970-01-01 00:00:00.000000299","J. Draxler"
8,"Simple pass","[{'id': 1801}]",15125,"[{'y': 6, 'x': 77}, {'y': 1, 'x': 72}]",2057984,"Pass","Germany","1H",302.720022,85,258947932,"[1801]",6,77,1,72,1,33,33,"Simple pass","1970-01-01 00:00:00.000000302","M. Plattenhardt"
8,"Simple pass","[{'id': 1801}]",14862,"[{'y': 1, 'x': 72}, {'y': 32, 'x': 68}]",2057984,"Pass","Germany","1H",304.82184,85,258947933,"[1801]",1,72,32,68,1,33,33,"Simple pass","1970-01-01 00:00:00.000000304","J. Draxler"
8,"High pass","[{'id': 901}, {'id': 1802}]",3318,"[{'y': 32, 'x': 68}, {'y': 54, 'x': 92}]",2057984,"Pass","Germany","1H",307.516274,83,258947934,"[901, 1802]",32,68,54,92,1,34,34,"High pass","1970-01-01 00:00:00.000000307","S. Khedira"
7,"Clearance","[{'id': 1802}]",336178,"[{'y': 46, 'x': 8}, {'y': 50, 'x': 20}]",2057984,"Others on the ball","Mexico","1H",308.930043,71,258948064,"[1802]",46,8,50,20,1,35,35,"Clearance","1970-01-01 00:00:00.000000308","J. Gallardo"
7,"Touch","[]",173214,"[{'y': 50, 'x': 80}, {'y': 55, 'x': 80}]",2057984,"Others on the ball","Germany","1H",310.470811,72,258947935,,50,80,55,80,1,36,36,"Touch","1970-01-01 00:00:00.000000310","T. Werner"
1,"Ground loose ball duel","[{'id': 701}, {'id': 1802}]",173214,"[{'y': 55, 'x': 80}, {'y': 62, 'x': 88}]",2057984,"Duel","Germany","1H",311.384439,13,258947936,"[701, 1802]",55,80,62,88,1,36,36,"Ground loose ball duel","1970-01-01 00:00:00.000000311","T. Werner"
1,"Ground loose ball duel","[{'id': 703}, {'id': 1801}]",112459,"[{'y': 45, 'x': 20}, {'y': 38, 'x': 12}]",2057984,"Duel","Mexico","1H",311.425532,13,258948065,"[703, 1801]",45,20,38,12,1,37,37,"Ground loose ball duel","1970-01-01 00:00:00.000000311","H. Herrera"
7,"Clearance","[{'id': 1801}]",3795,"[{'y': 38, 'x': 12}, {'y': 12, 'x': 56}]",2057984,"Others on the ball","Mexico","1H",313.866666,71,258948066,"[1801]",38,12,12,56,1,37,37,"Clearance","1970-01-01 00:00:00.000000313","H. Moreno"
1,"Ground loose ball duel","[{'id': 702}, {'id': 1801}]",14716,"[{'y': 88, 'x': 44}, {'y': 100, 'x': 33}]",2057984,"Duel","Germany","1H",316.124914,13,258947937,"[702, 1801]",88,44,100,33,1,38,38,"Ground loose ball duel","1970-01-01 00:00:00.000000316","J. Boateng"
1,"Ground loose ball duel","[{'id': 702}, {'id': 1801}]",7941,"[{'y': 12, 'x': 56}, {'y': 0, 'x': 67}]",2057984,"Duel","Mexico","1H",316.264469,13,258948067,"[702, 1801]",12,56,0,67,1,39,39,"Ground loose ball duel","1970-01-01 00:00:00.000000316","J. Hernández"
3,"Throw in","[{'id': 1801}]",336178,"[{'y': 0, 'x': 67}, {'y': 8, 'x': 82}]",2057984,"Free Kick","Mexico","1H",340.696133,36,258948074,"[1801]",0,67,8,82,1,39,39,"Throw in","1970-01-01 00:00:00.000000340","J. Gallardo"
1,"Ground attacking duel","[{'id': 602}, {'id': 702}, {'id': 1801}]",3685,"[{'y': 8, 'x': 82}, {'y': 0, 'x': 77}]",2057984,"Duel","Mexico","1H",342.872101,11,258948075,"[602, 702, 1801]",8,82,0,77,1,39,39,"Ground attacking duel","1970-01-01 00:00:00.000000342","C. Vela"
1,"Ground defending duel","[{'id': 601}, {'id': 702}, {'id': 1801}]",14716,"[{'y': 92, 'x': 18}, {'y': 100, 'x': 23}]",2057984,"Duel","Germany","1H",343.002286,12,258947941,"[601, 702, 1801]",92,18,100,23,1,40,40,"Ground defending duel","1970-01-01 00:00:00.000000343","J. Boateng"
3,"Throw in","[{'id': 1801}]",224593,"[{'y': 100, 'x': 23}, {'y': 78, 'x': 25}]",2057984,"Free Kick","Germany","1H",349.350572,36,258947945,"[1801]",100,23,78,25,1,40,40,"Throw in","1970-01-01 00:00:00.000000349","J. Kimmich"
8,"Simple pass","[{'id': 1801}]",14723,"[{'y': 78, 'x': 25}, {'y': 62, 'x': 12}]",2057984,"Pass","Germany","1H",350.962392,85,258947946,"[1801]",78,25,62,12,1,40,40,"Simple pass","1970-01-01 00:00:00.000000350","T. Kroos"
8,"Simple pass","[{'id': 1801}]",14795,"[{'y': 62, 'x': 12}, {'y': 21, 'x': 28}]",2057984,"Pass","Germany","1H",353.830001,85,258947948,"[1801]",62,12,21,28,1,40,40,"Simple pass","1970-01-01 00:00:00.000000353","M. Hummels"
8,"Simple pass","[{'id': 1801}]",15125,"[{'y': 21, 'x': 28}, {'y': 3, 'x': 45}]",2057984,"Pass","Germany","1H",356.413028,85,258947949,"[1801]",21,28,3,45,1,40,40,"Simple pass","1970-01-01 00:00:00.000000356","M. Plattenhardt"
7,"Acceleration","[{'id': 1801}]",14862,"[{'y': 3, 'x': 45}, {'y': 28, 'x': 76}]",2057984,"Others on the ball","Germany","1H",359.546971,70,258947957,"[1801]",3,45,28,76,1,40,40,"Acceleration","1970-01-01 00:00:00.000000359","J. Draxler"
8,"Smart pass","[{'id': 901}, {'id': 1801}]",14862,"[{'y': 28, 'x': 76}, {'y': 27, 'x': 98}]",2057984,"Pass","Germany","1H",364.80027,86,258947962,"[901, 1801]",28,76,27,98,1,40,40,"Smart pass","1970-01-01 00:00:00.000000364","J. Draxler"
8,"Cross","[{'id': 402}, {'id': 2101}, {'id': 1802}]",14732,"[{'y': 27, 'x': 98}, {'y': 0, 'x': 0}]",2057984,"Pass","Germany","1H",367.283315,80,258947964,"[402, 2101, 1802]",27,98,0,0,1,41,41,"Cross","1970-01-01 00:00:00.000000367","T. Müller"
7,"Touch","[{'id': 1401}]",112777,"[{'y': 70, 'x': 11}, {'y': 77, 'x': 0}]",2057984,"Others on the ball","Mexico","1H",367.908049,72,258948090,"[1401]",70,11,77,0,1,42,42,"Touch","1970-01-01 00:00:00.000000367","H. Ayala"
3,"Corner","[{'id': 1801}]",14723,"[{'y': 0, 'x': 100}, {'y': 7, 'x': 87}]",2057984,"Free Kick","Germany","1H",380.066137,30,258947969,"[1801]",0,100,7,87,1,43,43,"Corner","1970-01-01 00:00:00.000000380","T. Kroos"
8,"Simple pass","[{'id': 1801}]",3319,"[{'y': 7, 'x': 87}, {'y': 30, 'x': 78}]",2057984,"Pass","Germany","1H",383.105563,85,258947968,"[1801]",7,87,30,78,1,43,43,"Simple pass","1970-01-01 00:00:00.000000383","M. Özil"
1,"Ground attacking duel","[{'id': 502}, {'id': 703}, {'id': 1801}]",14862,"[{'y': 30, 'x': 78}, {'y': 27, 'x': 80}]",2057984,"Duel","Germany","1H",386.372082,11,258947970,"[502, 703, 1801]",30,78,27,80,1,43,43,"Ground attacking duel","1970-01-01 00:00:00.000000386","J. Draxler"
8,"Simple pass","[{'id': 1801}]",14862,"[{'y': 27, 'x': 80}, {'y': 33, 'x': 88}]",2057984,"Pass","Germany","1H",386.968341,85,258947971,"[1801]",27,80,33,88,1,43,43,"Simple pass","1970-01-01 00:00:00.000000386","J. Draxler"
8,"Smart pass","[{'id': 901}, {'id': 1802}]",14732,"[{'y': 33, 'x': 88}, {'y': 33, 'x': 90}]",2057984,"Pass","Germany","1H",387.775312,86,258947972,"[901, 1802]",33,88,33,90,1,44,44,"Smart pass","1970-01-01 00:00:00.000000387","T. Müller"
7,"Touch","[]",3319,"[{'y': 35, 'x': 89}, {'y': 29, 'x': 89}]",2057984,"Others on the ball","Germany","1H",388.055377,72,258947976,,35,89,29,89,1,44,44,"Touch","1970-01-01 00:00:00.000000388","M. Özil"
7,"Clearance","[{'id': 1401}, {'id': 1802}]",3384,"[{'y': 67, 'x': 10}, {'y': 65, 'x': 11}]",2057984,"Others on the ball","Mexico","1H",388.323418,71,258948096,"[1401, 1802]",67,10,65,11,1,45,45,"Clearance","1970-01-01 00:00:00.000000388","A. Guardado"
7,"Clearance","[{'id': 1802}]",255387,"[{'y': 71, 'x': 11}, {'y': 70, 'x': 13}]",2057984,"Others on the ball","Mexico","1H",389.669179,71,258948098,"[1802]",71,11,70,13,1,45,45,"Clearance","1970-01-01 00:00:00.000000389","C. Salcedo"
7,"Touch","[{'id': 1401}]",14732,"[{'y': 30, 'x': 87}, {'y': 50, 'x': 85}]",2057984,"Others on the ball","Germany","1H",390.698707,72,258947974,"[1401]",30,87,50,85,1,46,46,"Touch","1970-01-01 00:00:00.000000390","T. Müller"
10,"Shot","[{'id': 401}, {'id': 201}, {'id': 1201}, {'id': 1801}]",14795,"[{'y': 50, 'x': 85}, {'y': 0, 'x': 0}]",2057984,"Shot","Germany","1H",391.542842,100,258947975,"[401, 201, 1201, 1801]",50,85,0,0,1,46,46,"Shot","1970-01-01 00:00:00.000000391","M. Hummels"
9,"Save attempt","[{'id': 1201}, {'id': 1801}]",25816,"[{'y': 100, 'x': 100}, {'y': 67, 'x': 12}]",2057984,"Save attempt","Mexico","1H",393.022465,91,258948100,"[1201, 1801]",100,100,67,12,1,47,47,"Save attempt","1970-01-01 00:00:00.000000393","G. Ochoa"
8,"Simple pass","[{'id': 1801}]",3795,"[{'y': 19, 'x': 26}, {'y': 48, 'x': 11}]",2057984,"Pass","Mexico","1H",412.834588,85,258948102,"[1801]",19,26,48,11,1,47,47,"Simple pass","1970-01-01 00:00:00.000000412","H. Moreno"
8,"Launch","[{'id': 1801}]",25816,"[{'y': 48, 'x': 11}, {'y': 84, 'x': 60}]",2057984,"Pass","Mexico","1H",420.693236,84,258948103,"[1801]",48,11,84,60,1,47,47,"Launch","1970-01-01 00:00:00.000000420","G. Ochoa"
1,"Air duel","[{'id': 703}, {'id': 1801}]",15125,"[{'y': 16, 'x': 40}, {'y': 28, 'x': 45}]",2057984,"Duel","Germany","1H",422.565234,10,258947977,"[703, 1801]",16,40,28,45,1,48,48,"Air duel","1970-01-01 00:00:00.000000422","M. Plattenhardt"
1,"Air duel","[{'id': 701}, {'id': 1802}]",112366,"[{'y': 84, 'x': 60}, {'y': 72, 'x': 55}]",2057984,"Duel","Mexico","1H",422.721665,10,258948104,"[701, 1802]",84,60,72,55,1,49,49,"Air duel","1970-01-01 00:00:00.000000422","M. Layún"
1,"Ground attacking duel","[{'id': 703}, {'id': 1801}]",3318,"[{'y': 28, 'x': 45}, {'y': 24, 'x': 47}]",2057984,"Duel","Germany","1H",424.96573,11,258947978,"[703, 1801]",28,45,24,47,1,50,50,"Ground attacking duel","1970-01-01 00:00:00.000000424","S. Khedira"
8,"Simple pass","[{'id': 1801}]",3318,"[{'y': 24, 'x': 47}, {'y': 20, 'x': 57}]",2057984,"Pass","Germany","1H",425.064553,85,258947979,"[1801]",24,47,20,57,1,50,50,"Simple pass","1970-01-01 00:00:00.000000425","S. Khedira"
1,"Ground defending duel","[{'id': 701}, {'id': 1802}]",112459,"[{'y': 72, 'x': 55}, {'y': 76, 'x': 53}]",2057984,"Duel","Mexico","1H",425.834514,12,258948105,"[701, 1802]",72,55,76,53,1,51,51,"Ground defending duel","1970-01-01 00:00:00.000000425","H. Herrera"
8,"Simple pass","[{'id': 1801}]",3319,"[{'y': 20, 'x': 57}, {'y': 53, 'x': 48}]",2057984,"Pass","Germany","1H",427.20313,85,258947980,"[1801]",20,57,53,48,1,52,52,"Simple pass","1970-01-01 00:00:00.000000427","M. Özil"
8,"Simple pass","[{'id': 1801}]",14723,"[{'y': 53, 'x': 48}, {'y': 83, 'x': 63}]",2057984,"Pass","Germany","1H",430.028306,85,258947981,"[1801]",53,48,83,63,1,52,52,"Simple pass","1970-01-01 00:00:00.000000430","T. Kroos"
7,"Touch","[]",14732,"[{'y': 83, 'x': 63}, {'y': 68, 'x': 75}]",2057984,"Others on the ball","Germany","1H",431.869754,72,258947983,,83,63,68,75,1,52,52,"Touch","1970-01-01 00:00:00.000000431","T. Müller"
8,"Simple pass","[{'id': 1801}]",14732,"[{'y': 68, 'x': 75}, {'y': 53, 'x': 78}]",2057984,"Pass","Germany","1H",434.738427,85,258947984,"[1801]",68,75,53,78,1,52,52,"Simple pass","1970-01-01 00:00:00.000000434","T. Müller"
1,"Ground attacking duel","[{'id': 501}, {'id': 602}, {'id': 701}, {'id': 1802}]",3318,"[{'y': 53, 'x': 78}, {'y': 75, 'x': 68}]",2057984,"Duel","Germany","1H",436.000091,11,258947986,"[501, 602, 701, 1802]",53,78,75,68,1,52,52,"Ground attacking duel","1970-01-01 00:00:00.000000436","S. Khedira"
1,"Ground defending duel","[{'id': 1901}, {'id': 502}, {'id': 1601}, {'id': 601}, {'id': 703}, {'id': 1801}]",112777,"[{'y': 47, 'x': 22}, {'y': 25, 'x': 32}]",2057984,"Duel","Mexico","1H",436.299812,12,258948106,"[1901, 502, 1601, 601, 703, 1801]",47,22,25,32,1,53,53,"Ground defending duel","1970-01-01 00:00:00.000000436","H. Ayala"
8,"Simple pass","[{'id': 1901}, {'id': 1801}]",295156,"[{'y': 25, 'x': 32}, {'y': 53, 'x': 40}]",2057984,"Pass","Mexico","1H",438.094278,85,258948107,"[1901, 1801]",25,32,53,40,1,53,53,"Simple pass","1970-01-01 00:00:00.000000438","H. Lozano"
7,"Acceleration","[{'id': 1901}, {'id': 1801}]",3685,"[{'y': 53, 'x': 40}, {'y': 50, 'x': 71}]",2057984,"Others on the ball","Mexico","1H",440.487016,70,258949800,"[1901, 1801]",53,40,50,71,1,53,53,"Acceleration","1970-01-01 00:00:00.000000440","C. Vela"
8,"Simple pass","[{'id': 1901}, {'id': 1802}]",3685,"[{'y': 50, 'x': 71}, {'y': 56, 'x': 73}]",2057984,"Pass","Mexico","1H",444.827294,85,258948110,"[1901, 1802]",50,71,56,73,1,54,54,"Simple pass","1970-01-01 00:00:00.000000444","C. Vela"
7,"Touch","[{'id': 1401}]",14795,"[{'y': 44, 'x': 27}, {'y': 49, 'x': 26}]",2057984,"Others on the ball","Germany","1H",445.945357,72,258947990,"[1401]",44,27,49,26,1,55,55,"Touch","1970-01-01 00:00:00.000000445","M. Hummels"
1,"Ground attacking duel","[{'id': 502}, {'id': 703}, {'id': 1801}]",3685,"[{'y': 51, 'x': 74}, {'y': 51, 'x': 74}]",2057984,"Duel","Mexico","1H",446.636718,11,258948111,"[502, 703, 1801]",51,74,51,74,1,56,56,"Ground attacking duel","1970-01-01 00:00:00.000000446","C. Vela"
1,"Ground defending duel","[{'id': 501}, {'id': 701}, {'id': 1802}]",14795,"[{'y': 49, 'x': 26}, {'y': 49, 'x': 26}]",2057984,"Duel","Germany","1H",448.222396,12,258947991,"[501, 701, 1802]",49,26,49,26,1,57,57,"Ground defending duel","1970-01-01 00:00:00.000000448","M. Hummels"
2,"Foul","[]",14795,"[{'y': 49, 'x': 26}, {'y': 49, 'x': 26}]",2057984,"Foul","Germany","1H",449.07883,20,258947992,,49,26,49,26,1,57,57,"Foul","1970-01-01 00:00:00.000000449","M. Hummels"
3,"Free kick shot","[{'id': 402}, {'id': 1101}, {'id': 201}, {'id': 1215}, {'id': 1802}]",112366,"[{'y': 51, 'x': 74}, {'y': 100, 'x': 100}]",2057984,"Free Kick","Mexico","1H",508.417396,33,258948146,"[402, 1101, 201, 1215, 1802]",51,74,100,100,1,58,58,"Free kick shot","1970-01-01 00:00:00.000000508","M. Layún"
3,"Goal kick","[]",14712,"[{'y': 0, 'x': 0}, {'y': 75, 'x': 33}]",2057984,"Free Kick","Germany","1H",523.203815,34,258947993,,0,0,75,33,1,59,59,"Goal kick","1970-01-01 00:00:00.000000523","M. Neuer"
8,"Simple pass","[{'id': 1802}]",14716,"[{'y': 75, 'x': 33}, {'y': 100, 'x': 71}]",2057984,"Pass","Germany","1H",528.349671,85,258947994,"[1802]",75,33,100,71,1,60,60,"Simple pass","1970-01-01 00:00:00.000000528","J. Boateng"
3,"Throw in","[{'id': 1801}]",336178,"[{'y': 0, 'x': 33}, {'y': 8, 'x': 38}]",2057984,"Free Kick","Mexico","1H",553.566887,36,258948152,"[1801]",0,33,8,38,1,61,61,"Throw in","1970-01-01 00:00:00.000000553","J. Gallardo"
8,"Simple pass","[{'id': 1801}]",7941,"[{'y': 8, 'x': 38}, {'y': 7, 'x': 35}]",2057984,"Pass","Mexico","1H",554.803935,85,258948154,"[1801]",8,38,7,35,1,61,61,"Simple pass","1970-01-01 00:00:00.000000554","J. Hernández"
8,"High pass","[{'id': 1801}]",336178,"[{'y': 7, 'x': 35}, {'y': 54, 'x': 52}]",2057984,"Pass","Mexico","1H",555.731221,83,258948155,"[1801]",7,35,54,52,1,61,61,"High pass","1970-01-01 00:00:00.000000555","J. Gallardo"
7,"Touch","[]",3685,"[{'y': 54, 'x': 52}, {'y': 51, 'x': 69}]",2057984,"Others on the ball","Mexico","1H",558.212526,72,258948156,,54,52,51,69,1,61,61,"Touch","1970-01-01 00:00:00.000000558","C. Vela"
1,"Ground loose ball duel","[{'id': 703}, {'id': 1801}]",14795,"[{'y': 49, 'x': 31}, {'y': 47, 'x': 31}]",2057984,"Duel","Germany","1H",559.423316,13,258947995,"[703, 1801]",49,31,47,31,1,62,62,"Ground loose ball duel","1970-01-01 00:00:00.000000559","M. Hummels"
1,"Ground loose ball duel","[{'id': 701}, {'id': 1802}]",3685,"[{'y': 51, 'x': 69}, {'y': 53, 'x': 69}]",2057984,"Duel","Mexico","1H",559.94185,13,258948166,"[701, 1802]",51,69,53,69,1,63,63,"Ground loose ball duel","1970-01-01 00:00:00.000000559","C. Vela"
7,"Clearance","[{'id': 1802}]",14795,"[{'y': 47, 'x': 31}, {'y': 0, 'x': 53}]",2057984,"Others on the ball","Germany","1H",560.819472,71,258947996,"[1802]",47,31,0,53,1,64,64,"Clearance","1970-01-01 00:00:00.000000560","M. Hummels"
3,"Throw in","[{'id': 1801}]",255387,"[{'y': 100, 'x': 60}, {'y': 70, 'x': 69}]",2057984,"Free Kick","Mexico","1H",578.918833,36,258948169,"[1801]",100,60,70,69,1,65,65,"Throw in","1970-01-01 00:00:00.000000578","C. Salcedo"
8,"Simple pass","[{'id': 1801}]",3685,"[{'y': 70, 'x': 69}, {'y': 53, 'x': 56}]",2057984,"Pass","Mexico","1H",580.976308,85,258948170,"[1801]",70,69,53,56,1,65,65,"Simple pass","1970-01-01 00:00:00.000000580","C. Vela"
8,"Simple pass","[{'id': 1801}]",3384,"[{'y': 53, 'x': 56}, {'y': 21, 'x': 61}]",2057984,"Pass","Mexico","1H",583.310604,85,258948173,"[1801]",53,56,21,61,1,65,65,"Simple pass","1970-01-01 00:00:00.000000583","A. Guardado"
8,"Simple pass","[{'id': 1801}]",336178,"[{'y': 21, 'x': 61}, {'y': 17, 'x': 68}]",2057984,"Pass","Mexico","1H",585.732414,85,258948175,"[1801]",21,61,17,68,1,65,65,"Simple pass","1970-01-01 00:00:00.000000585","J. Gallardo"
8,"Simple pass","[{'id': 1801}]",295156,"[{'y': 17, 'x': 68}, {'y': 28, 'x': 68}]",2057984,"Pass","Mexico","1H",591.543891,85,258948180,"[1801]",17,68,28,68,1,65,65,"Simple pass","1970-01-01 00:00:00.000000591","H. Lozano"
8,"Simple pass","[{'id': 1801}]",3685,"[{'y': 28, 'x': 68}, {'y': 28, 'x': 74}]",2057984,"Pass","Mexico","1H",593.110474,85,258948183,"[1801]",28,68,28,74,1,65,65,"Simple pass","1970-01-01 00:00:00.000000593","C. Vela"
8,"Simple pass","[{'id': 1801}]",295156,"[{'y': 28, 'x': 74}, {'y': 51, 'x': 69}]",2057984,"Pass","Mexico","1H",594.656601,85,258948184,"[1801]",28,74,51,69,1,65,65,"Simple pass","1970-01-01 00:00:00.000000594","H. Lozano"
10,"Shot","[{'id': 402}, {'id': 201}, {'id': 1204}, {'id': 1801}]",112459,"[{'y': 51, 'x': 69}, {'y': 100, 'x': 100}]",2057984,"Shot","Mexico","1H",596.460708,100,258948186,"[402, 201, 1204, 1801]",51,69,100,100,1,65,65,"Shot","1970-01-01 00:00:00.000000596","H. Herrera"
9,"Save attempt","[{'id': 1204}, {'id': 1801}]",14712,"[{'y': 0, 'x': 0}, {'y': 49, 'x': 31}]",2057984,"Save attempt","Germany","1H",598.626195,91,258948000,"[1204, 1801]",0,0,49,31,1,66,66,"Save attempt","1970-01-01 00:00:00.000000598","M. Neuer"
8,"Hand pass","[{'id': 1801}]",14712,"[{'y': 56, 'x': 8}, {'y': 30, 'x': 29}]",2057984,"Pass","Germany","1H",605.280002,81,258948002,"[1801]",56,8,30,29,1,66,66,"Hand pass","1970-01-01 00:00:00.000000605","M. Neuer"
8,"Simple pass","[{'id': 1801}]",14795,"[{'y': 30, 'x': 29}, {'y': 42, 'x': 32}]",2057984,"Pass","Germany","1H",615.034695,85,258948003,"[1801]",30,29,42,32,1,66,66,"Simple pass","1970-01-01 00:00:00.000000615","M. Hummels"
8,"Simple pass","[{'id': 1801}]",3318,"[{'y': 42, 'x': 32}, {'y': 53, 'x': 27}]",2057984,"Pass","Germany","1H",616.42633,85,258948004,"[1801]",42,32,53,27,1,66,66,"Simple pass","1970-01-01 00:00:00.000000616","S. Khedira"
7,"Touch","[]",14716,"[{'y': 53, 'x': 27}, {'y': 68, 'x': 39}]",2057984,"Others on the ball","Germany","1H",618.100154,72,258948005,,53,27,68,39,1,66,66,"Touch","1970-01-01 00:00:00.000000618","J. Boateng"
8,"Simple pass","[{'id': 1801}]",14716,"[{'y': 68, 'x': 39}, {'y': 92, 'x': 57}]",2057984,"Pass","Germany","1H",621.515555,85,258948006,"[1801]",68,39,92,57,1,66,66,"Simple pass","1970-01-01 00:00:00.000000621","J. Boateng"
8,"Simple pass","[{'id': 1801}]",224593,"[{'y': 92, 'x': 57}, {'y': 74, 'x': 51}]",2057984,"Pass","Germany","1H",624.446458,85,258948007,"[1801]",92,57,74,51,1,66,66,"Simple pass","1970-01-01 00:00:00.000000624","J. Kimmich"
8,"Simple pass","[{'id': 1801}]",14716,"[{'y': 74, 'x': 51}, {'y': 93, 'x': 70}]",2057984,"Pass","Germany","1H",629.424647,85,258948008,"[1801]",74,51,93,70,1,66,66,"Simple pass","1970-01-01 00:00:00.000000629","J. Boateng"
8,"Simple pass","[{'id': 1801}]",224593,"[{'y': 93, 'x': 70}, {'y': 63, 'x': 71}]",2057984,"Pass","Germany","1H",633.841756,85,258948010,"[1801]",93,70,63,71,1,66,66,"Simple pass","1970-01-01 00:00:00.000000633","J. Kimmich"
1,"Ground attacking duel","[{'id': 602}, {'id': 703}, {'id': 1801}]",3318,"[{'y': 63, 'x': 71}, {'y': 77, 'x': 74}]",2057984,"Duel","Germany","1H",634.877741,11,258948013,"[602, 703, 1801]",63,71,77,74,1,66,66,"Ground attacking duel","1970-01-01 00:00:00.000000634","S. Khedira"
1,"Ground defending duel","[{'id': 601}, {'id': 701}, {'id': 1802}]",112459,"[{'y': 37, 'x': 29}, {'y': 23, 'x': 26}]",2057984,"Duel","Mexico","1H",634.957525,12,258948188,"[601, 701, 1802]",37,29,23,26,1,67,67,"Ground defending duel","1970-01-01 00:00:00.000000634","H. Herrera"
8,"Simple pass","[{'id': 1802}]",3318,"[{'y': 77, 'x': 74}, {'y': 77, 'x': 75}]",2057984,"Pass","Germany","1H",636.189995,85,258948016,"[1802]",77,74,77,75,1,68,68,"Simple pass","1970-01-01 00:00:00.000000636","S. Khedira"
8,"Launch","[{'id': 1401}, {'id': 1802}]",336178,"[{'y': 23, 'x': 25}, {'y': 50, 'x': 47}]",2057984,"Pass","Mexico","1H",637.429002,84,258948189,"[1401, 1802]",23,25,50,47,1,69,69,"Launch","1970-01-01 00:00:00.000000637","J. Gallardo"
8,"Head pass","[{'id': 1801}]",14795,"[{'y': 50, 'x': 53}, {'y': 60, 'x': 37}]",2057984,"Pass","Germany","1H",639.200205,82,258948017,"[1801]",50,53,60,37,1,70,70,"Head pass","1970-01-01 00:00:00.000000639","M. Hummels"
7,"Touch","[]",14716,"[{'y': 60, 'x': 37}, {'y': 62, 'x': 47}]",2057984,"Others on the ball","Germany","1H",641.510428,72,258948018,,60,37,62,47,1,70,70,"Touch","1970-01-01 00:00:00.000000641","J. Boateng"
8,"High pass","[{'id': 1802}]",14716,"[{'y': 62, 'x': 47}, {'y': 69, 'x': 76}]",2057984,"Pass","Germany","1H",645.676144,83,258948019,"[1802]",62,47,69,76,1,71,71,"High pass","1970-01-01 00:00:00.000000645","J. Boateng"
7,"Clearance","[{'id': 1401}, {'id': 1802}]",336178,"[{'y': 31, 'x': 24}, {'y': 0, 'x': 26}]",2057984,"Others on the ball","Mexico","1H",647.672207,71,258948190,"[1401, 1802]",31,24,0,26,1,72,72,"Clearance","1970-01-01 00:00:00.000000647","J. Gallardo"
3,"Throw in","[{'id': 1801}]",224593,"[{'y': 100, 'x': 85}, {'y': 78, 'x': 70}]",2057984,"Free Kick","Germany","1H",658.235309,36,258948021,"[1801]",100,85,78,70,1,73,73,"Throw in","1970-01-01 00:00:00.000000658","J. Kimmich"
8,"Smart pass","[{'id': 901}, {'id': 1801}]",3319,"[{'y': 78, 'x': 70}, {'y': 69, 'x': 99}]",2057984,"Pass","Germany","1H",663.100575,86,258948026,"[901, 1801]",78,70,69,99,1,73,73,"Smart pass","1970-01-01 00:00:00.000000663","M. Özil"
8,"Cross","[{'id': 402}, {'id': 1802}]",224593,"[{'y': 69, 'x': 99}, {'y': 0, 'x': 0}]",2057984,"Pass","Germany","1H",666.057836,80,258948029,"[402, 1802]",69,99,0,0,1,74,74,"Cross","1970-01-01 00:00:00.000000666","J. Kimmich"
9,"Save attempt","[{'id': 1801}]",25816,"[{'y': 100, 'x': 100}, {'y': 31, 'x': 1}]",2057984,"Save attempt","Mexico","1H",668.061928,91,258948193,"[1801]",100,100,31,1,1,75,75,"Save attempt","1970-01-01 00:00:00.000000668","G. Ochoa"
8,"High pass","[{'id': 1801}]",25816,"[{'y': 60, 'x': 11}, {'y': 5, 'x': 38}]",2057984,"Pass","Mexico","1H",692.232146,83,258948194,"[1801]",60,11,5,38,1,75,75,"High pass","1970-01-01 00:00:00.000000692","G. Ochoa"
8,"Simple pass","[{'id': 1801}]",336178,"[{'y': 5, 'x': 38}, {'y': 11, 'x': 27}]",2057984,"Pass","Mexico","1H",696.537479,85,258948195,"[1801]",5,38,11,27,1,75,75,"Simple pass","1970-01-01 00:00:00.000000696","J. Gallardo"
8,"High pass","[{'id': 1802}]",3795,"[{'y': 11, 'x': 27}, {'y': 22, 'x': 61}]",2057984,"Pass","Mexico","1H",697.558352,83,258948197,"[1802]",11,27,22,61,1,76,76,"High pass","1970-01-01 00:00:00.000000697","H. Moreno"
7,"Clearance","[{'id': 1802}]",14716,"[{'y': 78, 'x': 39}, {'y': 100, 'x': 39}]",2057984,"Others on the ball","Germany","1H",699.064049,71,258948034,"[1802]",78,39,100,39,1,77,77,"Clearance","1970-01-01 00:00:00.000000699","J. Boateng"
3,"Throw in","[{'id': 1801}]",336178,"[{'y': 0, 'x': 61}, {'y': 5, 'x': 69}]",2057984,"Free Kick","Mexico","1H",716.445064,36,258948201,"[1801]",0,61,5,69,1,78,78,"Throw in","1970-01-01 00:00:00.000000716","J. Gallardo"
1,"Ground defending duel","[{'id': 702}, {'id': 1801}]",224593,"[{'y': 95, 'x': 31}, {'y': 92, 'x': 32}]",2057984,"Duel","Germany","1H",718.819274,12,258948035,"[702, 1801]",95,31,92,32,1,79,79,"Ground defending duel","1970-01-01 00:00:00.000000718","J. Kimmich"
8,"Simple pass","[{'id': 1802}]",3685,"[{'y': 8, 'x': 68}, {'y': 6, 'x': 65}]",2057984,"Pass","Mexico","1H",718.967429,85,258948202,"[1802]",8,68,6,65,1,80,80,"Simple pass","1970-01-01 00:00:00.000000718","C. Vela"
1,"Ground attacking duel","[{'id': 1401}, {'id': 702}, {'id': 1801}]",14732,"[{'y': 94, 'x': 35}, {'y': 100, 'x': 29}]",2057984,"Duel","Germany","1H",720.20491,11,258948036,"[1401, 702, 1801]",94,35,100,29,1,81,81,"Ground attacking duel","1970-01-01 00:00:00.000000720","T. Müller"
1,"Ground defending duel","[{'id': 702}, {'id': 1801}]",3685,"[{'y': 6, 'x': 65}, {'y': 0, 'x': 71}]",2057984,"Duel","Mexico","1H",720.584266,12,258948204,"[702, 1801]",6,65,0,71,1,82,82,"Ground defending duel","1970-01-01 00:00:00.000000720","C. Vela"
3,"Throw in","[{'id': 1801}]",336178,"[{'y': 0, 'x': 71}, {'y': 7, 'x': 84}]",2057984,"Free Kick","Mexico","1H",735.750635,36,258948209,"[1801]",0,71,7,84,1,82,82,"Throw in","1970-01-01 00:00:00.000000735","J. Gallardo"
1,"Ground defending duel","[{'id': 702}, {'id': 1801}]",224593,"[{'y': 93, 'x': 16}, {'y': 92, 'x': 24}]",2057984,"Duel","Germany","1H",736.443429,12,258948037,"[702, 1801]",93,16,92,24,1,83,83,"Ground defending duel","1970-01-01 00:00:00.000000736","J. Kimmich"
1,"Ground attacking duel","[{'id': 702}, {'id': 1801}]",3685,"[{'y': 7, 'x': 84}, {'y': 8, 'x': 76}]",2057984,"Duel","Mexico","1H",736.459922,11,258948211,"[702, 1801]",7,84,8,76,1,84,84,"Ground attacking duel","1970-01-01 00:00:00.000000736","C. Vela"
8,"Simple pass","[{'id': 1801}]",3685,"[{'y': 8, 'x': 76}, {'y': 15, 'x': 69}]",2057984,"Pass","Mexico","1H",738.51981,85,258948212,"[1801]",8,76,15,69,1,84,84,"Simple pass","1970-01-01 00:00:00.000000738","C. Vela"
8,"Simple pass","[{'id': 1801}]",295156,"[{'y': 15, 'x': 69}, {'y': 7, 'x': 70}]",2057984,"Pass","Mexico","1H",739.308873,85,258948213,"[1801]",15,69,7,70,1,84,84,"Simple pass","1970-01-01 00:00:00.000000739","H. Lozano"
1,"Ground defending duel","[{'id': 501}, {'id': 701}, {'id': 1802}]",3318,"[{'y': 93, 'x': 30}, {'y': 93, 'x': 25}]",2057984,"Duel","Germany","1H",741.064243,12,258948039,"[501, 701, 1802]",93,30,93,25,1,85,85,"Ground defending duel","1970-01-01 00:00:00.000000741","S. Khedira"
1,"Ground attacking duel","[{'id': 502}, {'id': 703}, {'id': 1801}]",336178,"[{'y': 7, 'x': 70}, {'y': 7, 'x': 75}]",2057984,"Duel","Mexico","1H",741.202397,11,258948214,"[502, 703, 1801]",7,70,7,75,1,86,86,"Ground attacking duel","1970-01-01 00:00:00.000000741","J. Gallardo"
7,"Touch","[{'id': 1401}]",14732,"[{'y': 93, 'x': 25}, {'y': 100, 'x': 31}]",2057984,"Others on the ball","Germany","1H",742.448762,72,258948045,"[1401]",93,25,100,31,1,87,87,"Touch","1970-01-01 00:00:00.000000742","T. Müller"
8,"Simple pass","[{'id': 1802}]",336178,"[{'y': 7, 'x': 75}, {'y': 7, 'x': 75}]",2057984,"Pass","Mexico","1H",742.833037,85,258948215,"[1802]",7,75,7,75,1,88,88,"Simple pass","1970-01-01 00:00:00.000000742","J. Gallardo"
3,"Throw in","[{'id': 1801}]",336178,"[{'y': 0, 'x': 68}, {'y': 6, 'x': 81}]",2057984,"Free Kick","Mexico","1H",748.977699,36,258948219,"[1801]",0,68,6,81,1,88,88,"Throw in","1970-01-01 00:00:00.000000748","J. Gallardo"
1,"Ground defending duel","[{'id': 601}, {'id': 702}, {'id': 1801}]",224593,"[{'y': 94, 'x': 19}, {'y': 94, 'x': 20}]",2057984,"Duel","Germany","1H",750.646731,12,258948046,"[601, 702, 1801]",94,19,94,20,1,89,89,"Ground defending duel","1970-01-01 00:00:00.000000750","J. Kimmich"
1,"Ground attacking duel","[{'id': 602}, {'id': 702}, {'id': 1801}]",3685,"[{'y': 6, 'x': 81}, {'y': 6, 'x': 80}]",2057984,"Duel","Mexico","1H",750.771261,11,258948221,"[602, 702, 1801]",6,81,6,80,1,90,90,"Ground attacking duel","1970-01-01 00:00:00.000000750","C. Vela"
1,"Ground defending duel","[{'id': 702}, {'id': 1801}]",14732,"[{'y': 94, 'x': 20}, {'y': 89, 'x': 24}]",2057984,"Duel","Germany","1H",753.54281,12,258948047,"[702, 1801]",94,20,89,24,1,91,91,"Ground defending duel","1970-01-01 00:00:00.000000753","T. Müller"
1,"Ground attacking duel","[{'id': 702}, {'id': 1801}]",3685,"[{'y': 6, 'x': 80}, {'y': 11, 'x': 76}]",2057984,"Duel","Mexico","1H",753.788107,11,258948224,"[702, 1801]",6,80,11,76,1,92,92,"Ground attacking duel","1970-01-01 00:00:00.000000753","C. Vela"
1,"Ground attacking duel","[{'id': 702}, {'id': 1801}]",3685,"[{'y': 11, 'x': 76}, {'y': 14, 'x': 69}]",2057984,"Duel","Mexico","1H",754.864127,11,258948226,"[702, 1801]",11,76,14,69,1,92,92,"Ground attacking duel","1970-01-01 00:00:00.000000754","C. Vela"
1,"Ground defending duel","[{'id': 702}, {'id': 1801}]",3318,"[{'y': 89, 'x': 24}, {'y': 86, 'x': 31}]",2057984,"Duel","Germany","1H",755.267762,12,258948048,"[702, 1801]",89,24,86,31,1,93,93,"Ground defending duel","1970-01-01 00:00:00.000000755","S. Khedira"
8,"Simple pass","[{'id': 1801}]",3685,"[{'y': 14, 'x': 69}, {'y': 12, 'x': 65}]",2057984,"Pass","Mexico","1H",756.41073,85,258948228,"[1801]",14,69,12,65,1,94,94,"Simple pass","1970-01-01 00:00:00.000000756","C. Vela"
8,"Simple pass","[{'id': 1801}]",3384,"[{'y': 12, 'x': 65}, {'y': 6, 'x': 75}]",2057984,"Pass","Mexico","1H",756.689206,85,258948229,"[1801]",12,65,6,75,1,94,94,"Simple pass","1970-01-01 00:00:00.000000756","A. Guardado"
8,"Simple pass","[{'id': 1801}]",336178,"[{'y': 6, 'x': 75}, {'y': 21, 'x': 74}]",2057984,"Pass","Mexico","1H",757.831984,85,258948231,"[1801]",6,75,21,74,1,94,94,"Simple pass","1970-01-01 00:00:00.000000757","J. Gallardo"
8,"Simple pass","[{'id': 1801}]",295156,"[{'y': 21, 'x': 74}, {'y': 27, 'x': 70}]",2057984,"Pass","Mexico","1H",759.691873,85,258948232,"[1801]",21,74,27,70,1,94,94,"Simple pass","1970-01-01 00:00:00.000000759","H. Lozano"
1,"Ground loose ball duel","[{'id': 1601}, {'id': 703}, {'id': 1801}]",14795,"[{'y': 66, 'x': 29}, {'y': 66, 'x': 28}]",2057984,"Duel","Germany","1H",760.179978,13,258948049,"[1601, 703, 1801]",66,29,66,28,1,95,95,"Ground loose ball duel","1970-01-01 00:00:00.000000760","M. Hummels"
8,"Simple pass","[{'id': 1801}]",112459,"[{'y': 27, 'x': 70}, {'y': 34, 'x': 71}]",2057984,"Pass","Mexico","1H",760.926739,85,258948235,"[1801]",27,70,34,71,1,96,96,"Simple pass","1970-01-01 00:00:00.000000760","H. Herrera"
1,"Ground loose ball duel","[{'id': 701}, {'id': 1802}]",3685,"[{'y': 34, 'x': 71}, {'y': 34, 'x': 72}]",2057984,"Duel","Mexico","1H",761.403786,13,258948236,"[701, 1802]",34,71,34,72,1,96,96,"Ground loose ball duel","1970-01-01 00:00:00.000000761","C. Vela"
7,"Clearance","[{'id': 1802}]",14795,"[{'y': 66, 'x': 28}, {'y': 50, 'x': 54}]",2057984,"Others on the ball","Germany","1H",762.161618,71,258948050,"[1802]",66,28,50,54,1,97,97,"Clearance","1970-01-01 00:00:00.000000762","M. Hummels"
8,"Simple pass","[{'id': 1801}]",112777,"[{'y': 50, 'x': 46}, {'y': 77, 'x': 62}]",2057984,"Pass","Mexico","1H",764.644262,85,258948237,"[1801]",50,46,77,62,1,98,98,"Simple pass","1970-01-01 00:00:00.000000764","H. Ayala"
8,"Simple pass","[{'id': 1801}]",255387,"[{'y': 77, 'x': 62}, {'y': 93, 'x': 72}]",2057984,"Pass","Mexico","1H",768.064595,85,258948238,"[1801]",77,62,93,72,1,98,98,"Simple pass","1970-01-01 00:00:00.000000768","C. Salcedo"
8,"Simple pass","[{'id': 1801}]",112366,"[{'y': 93, 'x': 72}, {'y': 77, 'x': 71}]",2057984,"Pass","Mexico","1H",770.121658,85,258948239,"[1801]",93,72,77,71,1,98,98,"Simple pass","1970-01-01 00:00:00.000000770","M. Layún"
7,"Touch","[{'id': 1401}]",14795,"[{'y': 18, 'x': 25}, {'y': 27, 'x': 31}]",2057984,"Others on the ball","Germany","1H",771.205483,72,258948051,"[1401]",18,25,27,31,1,99,99,"Touch","1970-01-01 00:00:00.000000771","M. Hummels"
8,"Simple pass","[{'id': 1802}]",112459,"[{'y': 77, 'x': 71}, {'y': 82, 'x': 75}]",2057984,"Pass","Mexico","1H",771.209002,85,258948240,"[1802]",77,71,82,75,1,100,100,"Simple pass","1970-01-01 00:00:00.000000771","H. Herrera"
8,"Simple pass","[{'id': 1802}]",112459,"[{'y': 73, 'x': 69}, {'y': 83, 'x': 74}]",2057984,"Pass","Mexico","1H",771.967988,85,258948241,"[1802]",73,69,83,74,1,101,101,"Simple pass","1970-01-01 00:00:00.000000771","H. Herrera"
8,"Simple pass","[{'id': 1801}]",14862,"[{'y': 17, 'x': 26}, {'y': 19, 'x': 25}]",2057984,"Pass","Germany","1H",772.421419,85,258948052,"[1801]",17,26,19,25,1,102,102,"Simple pass","1970-01-01 00:00:00.000000772","J. Draxler"
7,"Touch","[]",14795,"[{'y': 19, 'x': 25}, {'y': 15, 'x': 25}]",2057984,"Others on the ball","Germany","1H",772.789179,72,258948053,,19,25,15,25,1,102,102,"Touch","1970-01-01 00:00:00.000000772","M. Hummels"
8,"Simple pass","[{'id': 1801}]",14862,"[{'y': 15, 'x': 25}, {'y': 29, 'x': 31}]",2057984,"Pass","Germany","1H",773.407412,85,258948054,"[1801]",15,25,29,31,1,102,102,"Simple pass","1970-01-01 00:00:00.000000773","J. Draxler"
1,"Ground defending duel","[{'id': 703}, {'id': 1801}]",3384,"[{'y': 71, 'x': 69}, {'y': 73, 'x': 70}]",2057984,"Duel","Mexico","1H",774.964034,12,258948243,"[703, 1801]",71,69,73,70,1,103,103,"Ground defending duel","1970-01-01 00:00:00.000000774","A. Guardado"
1,"Ground attacking duel","[{'id': 701}, {'id': 1802}]",14723,"[{'y': 29, 'x': 31}, {'y': 27, 'x': 30}]",2057984,"Duel","Germany","1H",776.292549,11,258948055,"[701, 1802]",29,31,27,30,1,104,104,"Ground attacking duel","1970-01-01 00:00:00.000000776","T. Kroos"
2,"Hand foul","[]",14723,"[{'y': 27, 'x': 30}, {'y': 0, 'x': 0}]",2057984,"Foul","Germany","1H",777.460936,21,258948056,,27,30,0,0,1,104,104,"Hand foul","1970-01-01 00:00:00.000000777","T. Kroos"
3,"Free kick cross","[{'id': 302}, {'id': 801}, {'id': 1801}]",112366,"[{'y': 80, 'x': 71}, {'y': 44, 'x': 90}]",2057984,"Free Kick","Mexico","1H",831.644694,32,258948248,"[302, 801, 1801]",80,71,44,90,1,105,105,"Free kick cross","1970-01-01 00:00:00.000000831","M. Layún"
1,"Air duel","[{'id': 701}, {'id': 1802}]",14795,"[{'y': 56, 'x': 10}, {'y': 55, 'x': 11}]",2057984,"Duel","Germany","1H",833.01621,10,258948057,"[701, 1802]",56,10,55,11,1,106,106,"Air duel","1970-01-01 00:00:00.000000833","M. Hummels"
1,"Air duel","[{'id': 703}, {'id': 1801}]",3795,"[{'y': 44, 'x': 90}, {'y': 45, 'x': 89}]",2057984,"Duel","Mexico","1H",833.375888,10,258948249,"[703, 1801]",44,90,45,89,1,107,107,"Air duel","1970-01-01 00:00:00.000000833","H. Moreno"
10,"Shot","[{'id': 403}, {'id': 201}, {'id': 1204}, {'id': 1801}]",3795,"[{'y': 45, 'x': 89}, {'y': 100, 'x': 100}]",2057984,"Shot","Mexico","1H",833.934496,100,258948250,"[403, 201, 1204, 1801]",45,89,100,100,1,107,107,"Shot","1970-01-01 00:00:00.000000833","H. Moreno"
9,"Reflexes","[{'id': 1204}, {'id': 1801}]",14712,"[{'y': 0, 'x': 0}, {'y': 55, 'x': 11}]",2057984,"Save attempt","Germany","1H",835.415174,90,258948058,"[1204, 1801]",0,0,55,11,1,108,108,"Reflexes","1970-01-01 00:00:00.000000835","M. Neuer"
8,"Simple pass","[{'id': 1801}]",15125,"[{'y': 31, 'x': 34}, {'y': 64, 'x': 25}]",2057984,"Pass","Germany","1H",849.165311,85,258948069,"[1801]",31,34,64,25,1,108,108,"Simple pass","1970-01-01 00:00:00.000000849","M. Plattenhardt"
7,"Touch","[]",14716,"[{'y': 64, 'x': 25}, {'y': 69, 'x': 40}]",2057984,"Others on the ball","Germany","1H",850.269417,72,258948070,,64,25,69,40,1,108,108,"Touch","1970-01-01 00:00:00.000000850","J. Boateng"
8,"Simple pass","[{'id': 1801}]",14716,"[{'y': 69, 'x': 40}, {'y': 64, 'x': 45}]",2057984,"Pass","Germany","1H",856.205565,85,258948071,"[1801]",69,40,64,45,1,108,108,"Simple pass","1970-01-01 00:00:00.000000856","J. Boateng"
8,"Simple pass","[{'id': 1801}]",3318,"[{'y': 64, 'x': 45}, {'y': 41, 'x': 45}]",2057984,"Pass","Germany","1H",860.281711,85,258948072,"[1801]",64,45,41,45,1,108,108,"Simple pass","1970-01-01 00:00:00.000000860","S. Khedira"
8,"Simple pass","[{'id': 1801}]",14795,"[{'y': 41, 'x': 45}, {'y': 3, 'x': 64}]",2057984,"Pass","Germany","1H",863.330696,85,258948073,"[1801]",41,45,3,64,1,108,108,"Simple pass","1970-01-01 00:00:00.000000863","M. Hummels"
8,"Simple pass","[{'id': 1801}]",15125,"[{'y': 3, 'x': 64}, {'y': 12, 'x': 65}]",2057984,"Pass","Germany","1H",866.814957,85,258948076,"[1801]",3,64,12,65,1,108,108,"Simple pass","1970-01-01 00:00:00.000000866","M. Plattenhardt"
8,"Simple pass","[{'id': 1801}]",14862,"[{'y': 12, 'x': 65}, {'y': 39, 'x': 52}]",2057984,"Pass","Germany","1H",869.356564,85,258948077,"[1801]",12,65,39,52,1,108,108,"Simple pass","1970-01-01 00:00:00.000000869","J. Draxler"
8,"Simple pass","[{'id': 1801}]",3318,"[{'y': 39, 'x': 52}, {'y': 51, 'x': 46}]",2057984,"Pass","Germany","1H",871.174658,85,258948079,"[1801]",39,52,51,46,1,108,108,"Simple pass","1970-01-01 00:00:00.000000871","S. Khedira"
8,"Simple pass","[{'id': 1801}]",14716,"[{'y': 51, 'x': 46}, {'y': 75, 'x': 59}]",2057984,"Pass","Germany","1H",873.387636,85,258948080,"[1801]",51,46,75,59,1,108,108,"Simple pass","1970-01-01 00:00:00.000000873","J. Boateng"
8,"Simple pass","[{'id': 1801}]",3319,"[{'y': 75, 'x': 59}, {'y': 92, 'x': 69}]",2057984,"Pass","Germany","1H",875.224668,85,258948081,"[1801]",75,59,92,69,1,108,108,"Simple pass","1970-01-01 00:00:00.000000875","M. Özil"
8,"Simple pass","[{'id': 1801}]",224593,"[{'y': 92, 'x': 69}, {'y': 79, 'x': 62}]",2057984,"Pass","Germany","1H",879.338932,85,258948082,"[1801]",92,69,79,62,1,108,108,"Simple pass","1970-01-01 00:00:00.000000879","J. Kimmich"
8,"Simple pass","[{'id': 1801}]",3319,"[{'y': 79, 'x': 62}, {'y': 81, 'x': 72}]",2057984,"Pass","Germany","1H",883.563308,85,258948084,"[1801]",79,62,81,72,1,108,108,"Simple pass","1970-01-01 00:00:00.000000883","M. Özil"
8,"Simple pass","[{'id': 1801}]",14732,"[{'y': 81, 'x': 72}, {'y': 81, 'x': 62}]",2057984,"Pass","Germany","1H",884.13633,85,258948085,"[1801]",81,72,81,62,1,108,108,"Simple pass","1970-01-01 00:00:00.000000884","T. Müller"
8,"Simple pass","[{'id': 1801}]",3319,"[{'y': 81, 'x': 62}, {'y': 67, 'x': 61}]",2057984,"Pass","Germany","1H",886.943637,85,258948086,"[1801]",81,62,67,61,1,108,108,"Simple pass","1970-01-01 00:00:00.000000886","M. Özil"
8,"Simple pass","[{'id': 1801}]",14723,"[{'y': 67, 'x': 61}, {'y': 64, 'x': 71}]",2057984,"Pass","Germany","1H",888.48591,85,258948087,"[1801]",67,61,64,71,1,108,108,"Simple pass","1970-01-01 00:00:00.000000888","T. Kroos"
8,"Simple pass","[{'id': 1801}]",14732,"[{'y': 64, 'x': 71}, {'y': 46, 'x': 73}]",2057984,"Pass","Germany","1H",890.021535,85,258948088,"[1801]",64,71,46,73,1,108,108,"Simple pass","1970-01-01 00:00:00.000000890","T. Müller"
8,"Simple pass","[{'id': 1801}]",14862,"[{'y': 46, 'x': 73}, {'y': 85, 'x': 87}]",2057984,"Pass","Germany","1H",894.671948,85,258948091,"[1801]",46,73,85,87,1,108,108,"Simple pass","1970-01-01 00:00:00.000000894","J. Draxler"
8,"Cross","[{'id': 402}, {'id': 801}, {'id': 1801}]",224593,"[{'y': 85, 'x': 87}, {'y': 45, 'x': 96}]",2057984,"Pass","Germany","1H",897.435313,80,258948095,"[402, 801, 1801]",85,87,45,96,1,108,108,"Cross","1970-01-01 00:00:00.000000897","J. Kimmich"
7,"Touch","[{'id': 1302}]",112777,"[{'y': 52, 'x': 8}, {'y': 62, 'x': 6}]",2057984,"Others on the ball","Mexico","1H",898.660633,72,258948255,"[1302]",52,8,62,6,1,109,109,"Touch","1970-01-01 00:00:00.000000898","H. Ayala"
7,"Touch","[{'id': 201}, {'id': 1302}]",3318,"[{'y': 45, 'x': 96}, {'y': 38, 'x': 94}]",2057984,"Others on the ball","Germany","1H",899.056191,72,258948097,"[201, 1302]",45,96,38,94,1,110,110,"Touch","1970-01-01 00:00:00.000000899","S. Khedira"
7,"Clearance","[{'id': 1401}, {'id': 1802}]",255387,"[{'y': 62, 'x': 6}, {'y': 63, 'x': 0}]",2057984,"Others on the ball","Mexico","1H",899.16585,71,258948259,"[1401, 1802]",62,6,63,0,1,111,111,"Clearance","1970-01-01 00:00:00.000000899","C. Salcedo"
3,"Corner","[{'id': 801}, {'id': 1801}]",14723,"[{'y': 0, 'x': 100}, {'y': 45, 'x': 93}]",2057984,"Free Kick","Germany","1H",925.202407,30,258948099,"[801, 1801]",0,100,45,93,1,112,112,"Corner","1970-01-01 00:00:00.000000925","T. Kroos"
1,"Ground loose ball duel","[{'id': 702}, {'id': 1801}]",14732,"[{'y': 45, 'x': 93}, {'y': 42, 'x': 90}]",2057984,"Duel","Germany","1H",926.056881,13,258948101,"[702, 1801]",45,93,42,90,1,112,112,"Ground loose ball duel","1970-01-01 00:00:00.000000926","T. Müller"
1,"Air duel","[{'id': 702}, {'id': 1801}]",14732,"[{'y': 42, 'x': 92}, {'y': 41, 'x': 76}]",2057984,"Duel","Germany","1H",926.257877,10,258948112,"[702, 1801]",42,92,41,76,1,112,112,"Air duel","1970-01-01 00:00:00.000000926","T. Müller"
1,"Ground loose ball duel","[{'id': 702}, {'id': 1801}]",112777,"[{'y': 55, 'x': 7}, {'y': 58, 'x': 10}]",2057984,"Duel","Mexico","1H",926.535142,13,258948264,"[702, 1801]",55,7,58,10,1,113,113,"Ground loose ball duel","1970-01-01 00:00:00.000000926","H. Ayala"
1,"Air duel","[{'id': 703}, {'id': 1801}]",7941,"[{'y': 58, 'x': 10}, {'y': 58, 'x': 8}]",2057984,"Duel","Mexico","1H",926.567189,10,258948265,"[703, 1801]",58,10,58,8,1,113,113,"Air duel","1970-01-01 00:00:00.000000926","J. Hernández"
1,"Air duel","[{'id': 702}, {'id': 1801}]",3795,"[{'y': 58, 'x': 8}, {'y': 59, 'x': 24}]",2057984,"Duel","Mexico","1H",926.92261,10,258948267,"[702, 1801]",58,8,59,24,1,113,113,"Air duel","1970-01-01 00:00:00.000000926","H. Moreno"
10,"Shot","[{'id': 402}, {'id': 201}, {'id': 1203}, {'id': 1801}]",14862,"[{'y': 41, 'x': 76}, {'y': 0, 'x': 0}]",2057984,"Shot","Germany","1H",928.829132,100,258948113,"[402, 201, 1203, 1801]",41,76,0,0,1,114,114,"Shot","1970-01-01 00:00:00.000000928","J. Draxler"
9,"Save attempt","[{'id': 1203}, {'id': 1801}]",25816,"[{'y': 100, 'x': 100}, {'y': 58, 'x': 8}]",2057984,"Save attempt","Mexico","1H",930.538094,91,258948268,"[1203, 1801]",100,100,58,8,1,115,115,"Save attempt","1970-01-01 00:00:00.000000930","G. Ochoa"
8,"High pass","[{'id': 1802}]",25816,"[{'y': 37, 'x': 16}, {'y': 51, 'x': 82}]",2057984,"Pass","Mexico","1H",934.111488,83,258948270,"[1802]",37,16,51,82,1,116,116,"High pass","1970-01-01 00:00:00.000000934","G. Ochoa"
8,"Launch","[{'id': 1401}, {'id': 1801}]",14712,"[{'y': 49, 'x': 18}, {'y': 16, 'x': 34}]",2057984,"Pass","Germany","1H",938.98303,84,258948115,"[1401, 1801]",49,18,16,34,1,117,117,"Launch","1970-01-01 00:00:00.000000938","M. Neuer"
1,"Air duel","[{'id': 703}, {'id': 1801}]",14862,"[{'y': 16, 'x': 34}, {'y': 9, 'x': 45}]",2057984,"Duel","Germany","1H",942.376487,10,258948117,"[703, 1801]",16,34,9,45,1,117,117,"Air duel","1970-01-01 00:00:00.000000942","J. Draxler"
1,"Air duel","[{'id': 701}, {'id': 1802}]",3384,"[{'y': 84, 'x': 66}, {'y': 91, 'x': 55}]",2057984,"Duel","Mexico","1H",942.45535,10,258948272,"[701, 1802]",84,66,91,55,1,118,118,"Air duel","1970-01-01 00:00:00.000000942","A. Guardado"
8,"Simple pass","[{'id': 1801}]",14723,"[{'y': 9, 'x': 45}, {'y': 8, 'x': 80}]",2057984,"Pass","Germany","1H",943.708259,85,258948116,"[1801]",9,45,8,80,1,119,119,"Simple pass","1970-01-01 00:00:00.000000943","T. Kroos"
8,"Simple pass","[{'id': 1801}]",3319,"[{'y': 8, 'x': 80}, {'y': 40, 'x': 74}]",2057984,"Pass","Germany","1H",950.969196,85,258948120,"[1801]",8,80,40,74,1,119,119,"Simple pass","1970-01-01 00:00:00.000000950","M. Özil"
10,"Shot","[{'id': 402}, {'id': 2101}, {'id': 1802}]",14723,"[{'y': 40, 'x': 74}, {'y': 0, 'x': 0}]",2057984,"Shot","Germany","1H",953.432046,100,258948123,"[402, 2101, 1802]",40,74,0,0,1,119,119,"Shot","1970-01-01 00:00:00.000000953","T. Kroos"
7,"Touch","[{'id': 1401}]",14732,"[{'y': 37, 'x': 83}, {'y': 34, 'x': 98}]",2057984,"Others on the ball","Germany","1H",955.677773,72,258948124,"[1401]",37,83,34,98,1,119,119,"Touch","1970-01-01 00:00:00.000000955","T. Müller"
3,"Goal kick","[]",25816,"[{'y': 100, 'x': 100}, {'y': 10, 'x': 55}]",2057984,"Free Kick","Mexico","1H",986.200601,34,258948288,,100,100,10,55,1,120,120,"Goal kick","1970-01-01 00:00:00.000000986","G. Ochoa"
1,"Air duel","[{'id': 703}, {'id': 1801}]",14732,"[{'y': 90, 'x': 45}, {'y': 100, 'x': 35}]",2057984,"Duel","Germany","1H",989.18621,10,258948125,"[703, 1801]",90,45,100,35,1,121,121,"Air duel","1970-01-01 00:00:00.000000989","T. Müller"
1,"Air duel","[{'id': 701}, {'id': 1802}]",336178,"[{'y': 10, 'x': 55}, {'y': 0, 'x': 65}]",2057984,"Duel","Mexico","1H",989.301299,10,258948291,"[701, 1802]",10,55,0,65,1,122,122,"Air duel","1970-01-01 00:00:00.000000989","J. Gallardo"
3,"Throw in","[{'id': 1801}]",336178,"[{'y': 0, 'x': 65}, {'y': 34, 'x': 69}]",2057984,"Free Kick","Mexico","1H",1003.175219,36,258948294,"[1801]",0,65,34,69,1,122,122,"Throw in","1970-01-01 00:00:00.000001003","J. Gallardo"
1,"Air duel","[{'id': 701}, {'id': 1802}]",14862,"[{'y': 66, 'x': 31}, {'y': 69, 'x': 27}]",2057984,"Duel","Germany","1H",1005.279499,10,258948127,"[701, 1802]",66,31,69,27,1,123,123,"Air duel","1970-01-01 00:00:00.000001005","J. Draxler"
1,"Air duel","[{'id': 703}, {'id': 1801}]",112459,"[{'y': 34, 'x': 69}, {'y': 31, 'x': 73}]",2057984,"Duel","Mexico","1H",1005.980041,10,258948297,"[703, 1801]",34,69,31,73,1,124,124,"Air duel","1970-01-01 00:00:00.000001005","H. Herrera"
8,"Launch","[{'id': 1401}, {'id': 1801}]",14716,"[{'y': 69, 'x': 27}, {'y': 91, 'x': 59}]",2057984,"Pass","Germany","1H",1006.686404,84,258948128,"[1401, 1801]",69,27,91,59,1,125,125,"Launch","1970-01-01 00:00:00.000001006","J. Boateng"
1,"Ground loose ball duel","[{'id': 702}, {'id': 1801}]",173214,"[{'y': 91, 'x': 59}, {'y': 100, 'x': 56}]",2057984,"Duel","Germany","1H",1009.52943,13,258948129,"[702, 1801]",91,59,100,56,1,125,125,"Ground loose ball duel","1970-01-01 00:00:00.000001009","T. Werner"
1,"Ground loose ball duel","[{'id': 702}, {'id': 1801}]",3795,"[{'y': 9, 'x': 41}, {'y': 0, 'x': 44}]",2057984,"Duel","Mexico","1H",1009.831674,13,258948300,"[702, 1801]",9,41,0,44,1,126,126,"Ground loose ball duel","1970-01-01 00:00:00.000001009","H. Moreno"
3,"Throw in","[{'id': 1801}]",14732,"[{'y': 100, 'x': 56}, {'y': 75, 'x': 45}]",2057984,"Free Kick","Germany","1H",1019.725931,36,258948130,"[1801]",100,56,75,45,1,127,127,"Throw in","1970-01-01 00:00:00.000001019","T. Müller"
8,"Simple pass","[{'id': 1801}]",3318,"[{'y': 75, 'x': 45}, {'y': 77, 'x': 35}]",2057984,"Pass","Germany","1H",1025.346826,85,258948131,"[1801]",75,45,77,35,1,127,127,"Simple pass","1970-01-01 00:00:00.000001025","S. Khedira"
7,"Touch","[]",14716,"[{'y': 77, 'x': 35}, {'y': 78, 'x': 47}]",2057984,"Others on the ball","Germany","1H",1026.746917,72,258948132,,77,35,78,47,1,127,127,"Touch","1970-01-01 00:00:00.000001026","J. Boateng"
8,"Simple pass","[{'id': 1801}]",14716,"[{'y': 78, 'x': 47}, {'y': 95, 'x': 68}]",2057984,"Pass","Germany","1H",1031.178627,85,258948133,"[1801]",78,47,95,68,1,127,127,"Simple pass","1970-01-01 00:00:00.000001031","J. Boateng"
8,"Smart pass","[{'id': 901}, {'id': 1802}]",224593,"[{'y': 95, 'x': 68}, {'y': 92, 'x': 80}]",2057984,"Pass","Germany","1H",1033.577778,86,258948135,"[901, 1802]",95,68,92,80,1,128,128,"Smart pass","1970-01-01 00:00:00.000001033","J. Kimmich"
7,"Touch","[{'id': 1401}]",336178,"[{'y': 8, 'x': 20}, {'y': 11, 'x': 20}]",2057984,"Others on the ball","Mexico","1H",1034.558033,72,258948306,"[1401]",8,20,11,20,1,129,129,"Touch","1970-01-01 00:00:00.000001034","J. Gallardo"
1,"Ground loose ball duel","[{'id': 701}, {'id': 1802}]",173214,"[{'y': 89, 'x': 80}, {'y': 88, 'x': 73}]",2057984,"Duel","Germany","1H",1036.157527,13,258948136,"[701, 1802]",89,80,88,73,1,130,130,"Ground loose ball duel","1970-01-01 00:00:00.000001036","T. Werner"
1,"Ground loose ball duel","[{'id': 703}, {'id': 1801}]",336178,"[{'y': 11, 'x': 20}, {'y': 12, 'x': 27}]",2057984,"Duel","Mexico","1H",1036.157795,13,258948307,"[703, 1801]",11,20,12,27,1,131,131,"Ground loose ball duel","1970-01-01 00:00:00.000001036","J. Gallardo"
8,"Simple pass","[{'id': 1801}]",336178,"[{'y': 12, 'x': 27}, {'y': 11, 'x': 33}]",2057984,"Pass","Mexico","1H",1037.555382,85,258948309,"[1801]",12,27,11,33,1,131,131,"Simple pass","1970-01-01 00:00:00.000001037","J. Gallardo"
7,"Acceleration","[{'id': 1801}]",295156,"[{'y': 11, 'x': 33}, {'y': 31, 'x': 67}]",2057984,"Others on the ball","Mexico","1H",1039.78341,70,258948311,"[1801]",11,33,31,67,1,131,131,"Acceleration","1970-01-01 00:00:00.000001039","H. Lozano"
8,"Simple pass","[{'id': 1801}]",295156,"[{'y': 31, 'x': 67}, {'y': 53, 'x': 56}]",2057984,"Pass","Mexico","1H",1043.765314,85,258948312,"[1801]",31,67,53,56,1,131,131,"Simple pass","1970-01-01 00:00:00.000001043","H. Lozano"
1,"Ground attacking duel","[{'id': 503}, {'id': 703}, {'id': 1801}]",112459,"[{'y': 53, 'x': 56}, {'y': 49, 'x': 70}]",2057984,"Duel","Mexico","1H",1045.752108,11,258948313,"[503, 703, 1801]",53,56,49,70,1,131,131,"Ground attacking duel","1970-01-01 00:00:00.000001045","H. Herrera"
1,"Ground defending duel","[{'id': 504}, {'id': 1601}, {'id': 701}, {'id': 1802}]",14862,"[{'y': 47, 'x': 44}, {'y': 51, 'x': 30}]",2057984,"Duel","Germany","1H",1046.266598,12,258948142,"[504, 1601, 701, 1802]",47,44,51,30,1,132,132,"Ground defending duel","1970-01-01 00:00:00.000001046","J. Draxler"
8,"Simple pass","[{'id': 1801}]",112459,"[{'y': 49, 'x': 70}, {'y': 32, 'x': 92}]",2057984,"Pass","Mexico","1H",1047.816732,85,258948314,"[1801]",49,70,32,92,1,133,133,"Simple pass","1970-01-01 00:00:00.000001047","H. Herrera"
1,"Ground defending duel","[{'id': 702}, {'id': 1801}]",224593,"[{'y': 68, 'x': 8}, {'y': 66, 'x': 11}]",2057984,"Duel","Germany","1H",1051.162691,12,258948145,"[702, 1801]",68,8,66,11,1,134,134,"Ground defending duel","1970-01-01 00:00:00.000001051","J. Kimmich"
1,"Ground attacking duel","[{'id': 702}, {'id': 1801}]",7941,"[{'y': 32, 'x': 92}, {'y': 34, 'x': 89}]",2057984,"Duel","Mexico","1H",1051.638755,11,258948317,"[702, 1801]",32,92,34,89,1,135,135,"Ground attacking duel","1970-01-01 00:00:00.000001051","J. Hernández"
1,"Ground loose ball duel","[{'id': 703}, {'id': 1801}]",14795,"[{'y': 75, 'x': 9}, {'y': 77, 'x': 4}]",2057984,"Duel","Germany","1H",1054.097135,13,258948147,"[703, 1801]",75,9,77,4,1,136,136,"Ground loose ball duel","1970-01-01 00:00:00.000001054","M. Hummels"
7,"Touch","[]",7941,"[{'y': 34, 'x': 89}, {'y': 25, 'x': 91}]",2057984,"Others on the ball","Mexico","1H",1054.669171,72,258948319,,34,89,25,91,1,137,137,"Touch","1970-01-01 00:00:00.000001054","J. Hernández"
1,"Ground loose ball duel","[{'id': 701}, {'id': 1802}]",7941,"[{'y': 25, 'x': 91}, {'y': 23, 'x': 96}]",2057984,"Duel","Mexico","1H",1055.038738,13,258948320,"[701, 1802]",25,91,23,96,1,137,137,"Ground loose ball duel","1970-01-01 00:00:00.000001055","J. Hernández"
8,"Simple pass","[{'id': 1802}]",3318,"[{'y': 77, 'x': 4}, {'y': 73, 'x': 22}]",2057984,"Pass","Germany","1H",1057.810446,85,258948149,"[1802]",77,4,73,22,1,138,138,"Simple pass","1970-01-01 00:00:00.000001057","S. Khedira"
1,"Ground defending duel","[{'id': 702}, {'id': 1801}]",14723,"[{'y': 73, 'x': 22}, {'y': 64, 'x': 25}]",2057984,"Duel","Germany","1H",1060.542761,12,258948151,"[702, 1801]",73,22,64,25,1,138,138,"Ground defending duel","1970-01-01 00:00:00.000001060","T. Kroos"
1,"Ground attacking duel","[{'id': 1401}, {'id': 702}, {'id': 1801}]",112459,"[{'y': 27, 'x': 78}, {'y': 36, 'x': 75}]",2057984,"Duel","Mexico","1H",1060.546319,11,258948321,"[1401, 702, 1801]",27,78,36,75,1,139,139,"Ground attacking duel","1970-01-01 00:00:00.000001060","H. Herrera"
1,"Ground loose ball duel","[{'id': 703}, {'id': 1801}]",14732,"[{'y': 64, 'x': 25}, {'y': 62, 'x': 26}]",2057984,"Duel","Germany","1H",1061.136619,13,258948153,"[703, 1801]",64,25,62,26,1,140,140,"Ground loose ball duel","1970-01-01 00:00:00.000001061","T. Müller"
1,"Ground loose ball duel","[{'id': 701}, {'id': 1802}]",112459,"[{'y': 36, 'x': 75}, {'y': 38, 'x': 74}]",2057984,"Duel","Mexico","1H",1061.465986,13,258948322,"[701, 1802]",36,75,38,74,1,141,141,"Ground loose ball duel","1970-01-01 00:00:00.000001061","H. Herrera"
1,"Ground attacking duel","[{'id': 503}, {'id': 602}, {'id': 703}, {'id': 1801}]",14716,"[{'y': 62, 'x': 26}, {'y': 69, 'x': 26}]",2057984,"Duel","Germany","1H",1062.204584,11,258948157,"[503, 602, 703, 1801]",62,26,69,26,1,142,142,"Ground attacking duel","1970-01-01 00:00:00.000001062","J. Boateng"
1,"Ground defending duel","[{'id': 504}, {'id': 601}, {'id': 701}, {'id': 1802}]",112459,"[{'y': 38, 'x': 74}, {'y': 31, 'x': 74}]",2057984,"Duel","Mexico","1H",1062.213951,12,258948323,"[504, 601, 701, 1802]",38,74,31,74,1,143,143,"Ground defending duel","1970-01-01 00:00:00.000001062","H. Herrera"
2,"Foul","[]",112459,"[{'y': 31, 'x': 74}, {'y': 38, 'x': 74}]",2057984,"Foul","Mexico","1H",1063.75744,20,258948324,,31,74,38,74,1,143,143,"Foul","1970-01-01 00:00:00.000001063","H. Herrera"
3,"Free Kick","[{'id': 1801}]",14716,"[{'y': 65, 'x': 26}, {'y': 66, 'x': 35}]",2057984,"Free Kick","Germany","1H",1084.52672,31,258948158,"[1801]",65,26,66,35,1,144,144,"Free Kick","1970-01-01 00:00:00.000001084","J. Boateng"
8,"Simple pass","[{'id': 1801}]",14723,"[{'y': 66, 'x': 35}, {'y': 91, 'x': 38}]",2057984,"Pass","Germany","1H",1087.358883,85,258948159,"[1801]",66,35,91,38,1,144,144,"Simple pass","1970-01-01 00:00:00.000001087","T. Kroos"
8,"Simple pass","[{'id': 1801}]",3318,"[{'y': 91, 'x': 38}, {'y': 95, 'x': 48}]",2057984,"Pass","Germany","1H",1088.827871,85,258948160,"[1801]",91,38,95,48,1,144,144,"Simple pass","1970-01-01 00:00:00.000001088","S. Khedira"
8,"Simple pass","[{'id': 1801}]",224593,"[{'y': 95, 'x': 48}, {'y': 77, 'x': 39}]",2057984,"Pass","Germany","1H",1090.200398,85,258948161,"[1801]",95,48,77,39,1,144,144,"Simple pass","1970-01-01 00:00:00.000001090","J. Kimmich"
8,"Simple pass","[{'id': 1802}]",3318,"[{'y': 77, 'x': 39}, {'y': 79, 'x': 65}]",2057984,"Pass","Germany","1H",1091.664625,85,258948162,"[1802]",77,39,79,65,1,145,145,"Simple pass","1970-01-01 00:00:00.000001091","S. Khedira"
8,"High pass","[{'id': 1802}]",3795,"[{'y': 21, 'x': 35}, {'y': 0, 'x': 70}]",2057984,"Pass","Mexico","1H",1093.27384,83,258948326,"[1802]",21,35,0,70,1,146,146,"High pass","1970-01-01 00:00:00.000001093","H. Moreno"
3,"Throw in","[{'id': 1802}]",14716,"[{'y': 100, 'x': 21}, {'y': 96, 'x': 26}]",2057984,"Free Kick","Germany","1H",1102.925954,36,258948164,"[1802]",100,21,96,26,1,147,147,"Throw in","1970-01-01 00:00:00.000001102","J. Boateng"
3,"Throw in","[{'id': 1801}]",336178,"[{'y': 4, 'x': 74}, {'y': 15, 'x': 86}]",2057984,"Free Kick","Mexico","1H",1122.753566,36,258948328,"[1801]",4,74,15,86,1,148,148,"Throw in","1970-01-01 00:00:00.000001122","J. Gallardo"
8,"Simple pass","[{'id': 1801}]",3685,"[{'y': 15, 'x': 86}, {'y': 3, 'x': 87}]",2057984,"Pass","Mexico","1H",1125.093407,85,258948329,"[1801]",15,86,3,87,1,148,148,"Simple pass","1970-01-01 00:00:00.000001125","C. Vela"
8,"Simple pass","[{'id': 1801}]",336178,"[{'y': 3, 'x': 87}, {'y': 13, 'x': 85}]",2057984,"Pass","Mexico","1H",1126.20255,85,258948330,"[1801]",3,87,13,85,1,148,148,"Simple pass","1970-01-01 00:00:00.000001126","J. Gallardo"
8,"Cross","[{'id': 401}, {'id': 801}, {'id': 1802}]",3685,"[{'y': 13, 'x': 85}, {'y': 46, 'x': 90}]",2057984,"Pass","Mexico","1H",1127.301693,80,258948331,"[401, 801, 1802]",13,85,46,90,1,149,149,"Cross","1970-01-01 00:00:00.000001127","C. Vela"
7,"Clearance","[{'id': 1401}, {'id': 1801}]",14795,"[{'y': 54, 'x': 10}, {'y': 28, 'x': 32}]",2057984,"Others on the ball","Germany","1H",1128.039089,71,258948165,"[1401, 1801]",54,10,28,32,1,150,150,"Clearance","1970-01-01 00:00:00.000001128","M. Hummels"
1,"Ground attacking duel","[{'id': 502}, {'id': 703}, {'id': 1801}]",14862,"[{'y': 28, 'x': 32}, {'y': 20, 'x': 32}]",2057984,"Duel","Germany","1H",1131.304327,11,258948167,"[502, 703, 1801]",28,32,20,32,1,150,150,"Ground attacking duel","1970-01-01 00:00:00.000001131","J. Draxler"
1,"Ground defending duel","[{'id': 501}, {'id': 701}, {'id': 1802}]",255387,"[{'y': 72, 'x': 68}, {'y': 80, 'x': 68}]",2057984,"Duel","Mexico","1H",1131.377909,12,258948332,"[501, 701, 1802]",72,68,80,68,1,151,151,"Ground defending duel","1970-01-01 00:00:00.000001131","C. Salcedo"
2,"Hand foul","[]",255387,"[{'y': 80, 'x': 68}, {'y': 100, 'x': 100}]",2057984,"Foul","Mexico","1H",1132.793749,21,258948333,,80,68,100,100,1,151,151,"Hand foul","1970-01-01 00:00:00.000001132","C. Salcedo"
8,"Simple pass","[{'id': 1801}]",14795,"[{'y': 24, 'x': 28}, {'y': 39, 'x': 36}]",2057984,"Pass","Germany","1H",1153.970634,85,258948172,"[1801]",24,28,39,36,1,152,152,"Simple pass","1970-01-01 00:00:00.000001153","M. Hummels"
8,"Simple pass","[{'id': 1801}]",3318,"[{'y': 39, 'x': 36}, {'y': 26, 'x': 30}]",2057984,"Pass","Germany","1H",1155.382084,85,258948174,"[1801]",39,36,26,30,1,152,152,"Simple pass","1970-01-01 00:00:00.000001155","S. Khedira"
8,"Simple pass","[{'id': 1801}]",14795,"[{'y': 26, 'x': 30}, {'y': 58, 'x': 44}]",2057984,"Pass","Germany","1H",1158.579042,85,258948176,"[1801]",26,30,58,44,1,152,152,"Simple pass","1970-01-01 00:00:00.000001158","M. Hummels"
8,"Simple pass","[{'id': 1801}]",3318,"[{'y': 58, 'x': 44}, {'y': 94, 'x': 64}]",2057984,"Pass","Germany","1H",1160.702131,85,258948177,"[1801]",58,44,94,64,1,152,152,"Simple pass","1970-01-01 00:00:00.000001160","S. Khedira"
7,"Touch","[]",224593,"[{'y': 94, 'x': 64}, {'y': 75, 'x': 65}]",2057984,"Others on the ball","Germany","1H",1162.667391,72,258948181,,94,64,75,65,1,152,152,"Touch","1970-01-01 00:00:00.000001162","J. Kimmich"
8,"High pass","[{'id': 302}, {'id': 901}, {'id': 1801}]",224593,"[{'y': 75, 'x': 65}, {'y': 57, 'x': 89}]",2057984,"Pass","Germany","1H",1165.75936,83,258948182,"[302, 901, 1801]",75,65,57,89,1,152,152,"High pass","1970-01-01 00:00:00.000001165","J. Kimmich"
7,"Touch","[]",173214,"[{'y': 58, 'x': 89}, {'y': 54, 'x': 86}]",2057984,"Others on the ball","Germany","1H",1166.608467,72,258948196,,58,89,54,86,1,152,152,"Touch","1970-01-01 00:00:00.000001166","T. Werner"
1,"Ground loose ball duel","[{'id': 1601}, {'id': 701}, {'id': 1802}]",112777,"[{'y': 43, 'x': 11}, {'y': 42, 'x': 11}]",2057984,"Duel","Mexico","1H",1166.981895,13,258948334,"[1601, 701, 1802]",43,11,42,11,1,153,153,"Ground loose ball duel","1970-01-01 00:00:00.000001166","H. Ayala"
10,"Shot","[{'id': 401}, {'id': 201}, {'id': 1201}, {'id': 1801}]",173214,"[{'y': 54, 'x': 86}, {'y': 0, 'x': 0}]",2057984,"Shot","Germany","1H",1168.789669,100,258948198,"[401, 201, 1201, 1801]",54,86,0,0,1,154,154,"Shot","1970-01-01 00:00:00.000001168","T. Werner"
9,"Reflexes","[{'id': 1201}, {'id': 1801}]",25816,"[{'y': 100, 'x': 100}, {'y': 42, 'x': 11}]",2057984,"Save attempt","Mexico","1H",1170.579965,90,258948336,"[1201, 1801]",100,100,42,11,1,155,155,"Reflexes","1970-01-01 00:00:00.000001170","G. Ochoa"
8,"Simple pass","[{'id': 1801}]",255387,"[{'y': 74, 'x': 32}, {'y': 75, 'x': 38}]",2057984,"Pass","Mexico","1H",1179.498892,85,258948337,"[1801]",74,32,75,38,1,155,155,"Simple pass","1970-01-01 00:00:00.000001179","C. Salcedo"
1,"Ground defending duel","[{'id': 702}, {'id': 1801}]",14795,"[{'y': 25, 'x': 62}, {'y': 20, 'x': 62}]",2057984,"Duel","Germany","1H",1181.343165,12,258948200,"[702, 1801]",25,62,20,62,1,156,156,"Ground defending duel","1970-01-01 00:00:00.000001181","M. Hummels"
1,"Ground attacking duel","[{'id': 702}, {'id': 1801}]",3685,"[{'y': 75, 'x': 38}, {'y': 80, 'x': 38}]",2057984,"Duel","Mexico","1H",1181.460368,11,258948338,"[702, 1801]",75,38,80,38,1,157,157,"Ground attacking duel","1970-01-01 00:00:00.000001181","C. Vela"
1,"Ground defending duel","[{'id': 703}, {'id': 1801}]",14723,"[{'y': 20, 'x': 62}, {'y': 21, 'x': 58}]",2057984,"Duel","Germany","1H",1182.371685,12,258948203,"[703, 1801]",20,62,21,58,1,158,158,"Ground defending duel","1970-01-01 00:00:00.000001182","T. Kroos"
1,"Ground attacking duel","[{'id': 701}, {'id': 1802}]",3685,"[{'y': 80, 'x': 38}, {'y': 79, 'x': 42}]",2057984,"Duel","Mexico","1H",1182.576663,11,258948339,"[701, 1802]",80,38,79,42,1,159,159,"Ground attacking duel","1970-01-01 00:00:00.000001182","C. Vela"
7,"Touch","[]",14795,"[{'y': 21, 'x': 58}, {'y': 11, 'x': 59}]",2057984,"Others on the ball","Germany","1H",1183.249946,72,258948205,,21,58,11,59,1,160,160,"Touch","1970-01-01 00:00:00.000001183","M. Hummels"
1,"Ground attacking duel","[{'id': 504}, {'id': 703}, {'id': 1801}]",3685,"[{'y': 89, 'x': 41}, {'y': 89, 'x': 42}]",2057984,"Duel","Mexico","1H",1183.795288,11,258948340,"[504, 703, 1801]",89,41,89,42,1,161,161,"Ground attacking duel","1970-01-01 00:00:00.000001183","C. Vela"
1,"Ground defending duel","[{'id': 503}, {'id': 701}, {'id': 1802}]",14795,"[{'y': 11, 'x': 59}, {'y': 11, 'x': 58}]",2057984,"Duel","Germany","1H",1185.226233,12,258948207,"[503, 701, 1802]",11,59,11,58,1,162,162,"Ground defending duel","1970-01-01 00:00:00.000001185","M. Hummels"
2,"Foul","[]",14795,"[{'y': 11, 'x': 58}, {'y': 11, 'x': 59}]",2057984,"Foul","Germany","1H",1186.156124,20,258948208,,11,58,11,59,1,162,162,"Foul","1970-01-01 00:00:00.000001186","M. Hummels"
8,"Simple pass","[{'id': 1801}]",112366,"[{'y': 81, 'x': 35}, {'y': 53, 'x': 28}]",2057984,"Pass","Mexico","1H",1204.564087,85,258948342,"[1801]",81,35,53,28,1,163,163,"Simple pass","1970-01-01 00:00:00.000001204","M. Layún"
8,"Simple pass","[{'id': 1801}]",112777,"[{'y': 53, 'x': 28}, {'y': 26, 'x': 30}]",2057984,"Pass","Mexico","1H",1206.54972,85,258948343,"[1801]",53,28,26,30,1,163,163,"Simple pass","1970-01-01 00:00:00.000001206","H. Ayala"
8,"Simple pass","[{'id': 1801}]",3795,"[{'y': 26, 'x': 30}, {'y': 53, 'x': 14}]",2057984,"Pass","Mexico","1H",1209.788196,85,258948344,"[1801]",26,30,53,14,1,163,163,"Simple pass","1970-01-01 00:00:00.000001209","H. Moreno"
8,"Simple pass","[{'id': 1801}]",25816,"[{'y': 53, 'x': 14}, {'y': 82, 'x': 35}]",2057984,"Pass","Mexico","1H",1214.16845,85,258948345,"[1801]",53,14,82,35,1,163,163,"Simple pass","1970-01-01 00:00:00.000001214","G. Ochoa"
8,"Simple pass","[{'id': 1801}]",255387,"[{'y': 82, 'x': 35}, {'y': 65, 'x': 36}]",2057984,"Pass","Mexico","1H",1219.447672,85,258948346,"[1801]",82,35,65,36,1,163,163,"Simple pass","1970-01-01 00:00:00.000001219","C. Salcedo"
8,"Simple pass","[{'id': 1801}]",3384,"[{'y': 65, 'x': 36}, {'y': 79, 'x': 32}]",2057984,"Pass","Mexico","1H",1221.219291,85,258948347,"[1801]",65,36,79,32,1,163,163,"Simple pass","1970-01-01 00:00:00.000001221","A. Guardado"
8,"Simple pass","[{'id': 1801}]",255387,"[{'y': 79, 'x': 32}, {'y': 27, 'x': 27}]",2057984,"Pass","Mexico","1H",1222.759101,85,258948348,"[1801]",79,32,27,27,1,163,163,"Simple pass","1970-01-01 00:00:00.000001222","C. Salcedo"
8,"Simple pass","[{'id': 1801}]",3795,"[{'y': 27, 'x': 27}, {'y': 56, 'x': 31}]",2057984,"Pass","Mexico","1H",1228.804387,85,258948349,"[1801]",27,27,56,31,1,163,163,"Simple pass","1970-01-01 00:00:00.000001228","H. Moreno"
8,"Simple pass","[{'id': 1801}]",112777,"[{'y': 56, 'x': 31}, {'y': 23, 'x': 40}]",2057984,"Pass","Mexico","1H",1234.315419,85,258948350,"[1801]",56,31,23,40,1,163,163,"Simple pass","1970-01-01 00:00:00.000001234","H. Ayala"
8,"High pass","[{'id': 1802}]",3795,"[{'y': 23, 'x': 40}, {'y': 34, 'x': 88}]",2057984,"Pass","Mexico","1H",1237.59853,83,258948351,"[1802]",23,40,34,88,1,164,164,"High pass","1970-01-01 00:00:00.000001237","H. Moreno"
8,"Hand pass","[{'id': 1801}]",14712,"[{'y': 66, 'x': 12}, {'y': 69, 'x': 27}]",2057984,"Pass","Germany","1H",1243.370526,81,258948218,"[1801]",66,12,69,27,1,165,165,"Hand pass","1970-01-01 00:00:00.000001243","M. Neuer"
8,"Simple pass","[{'id': 1801}]",14716,"[{'y': 69, 'x': 27}, {'y': 68, 'x': 35}]",2057984,"Pass","Germany","1H",1245.527004,85,258948220,"[1801]",69,27,68,35,1,165,165,"Simple pass","1970-01-01 00:00:00.000001245","J. Boateng"
8,"Simple pass","[{'id': 1801}]",3318,"[{'y': 68, 'x': 35}, {'y': 72, 'x': 26}]",2057984,"Pass","Germany","1H",1246.54661,85,258948222,"[1801]",68,35,72,26,1,165,165,"Simple pass","1970-01-01 00:00:00.000001246","S. Khedira"
8,"Simple pass","[{'id': 1801}]",14716,"[{'y': 72, 'x': 26}, {'y': 92, 'x': 37}]",2057984,"Pass","Germany","1H",1248.65469,85,258948223,"[1801]",72,26,92,37,1,165,165,"Simple pass","1970-01-01 00:00:00.000001248","J. Boateng"
8,"Simple pass","[{'id': 1801}]",224593,"[{'y': 92, 'x': 37}, {'y': 76, 'x': 37}]",2057984,"Pass","Germany","1H",1253.324039,85,258948225,"[1801]",92,37,76,37,1,165,165,"Simple pass","1970-01-01 00:00:00.000001253","J. Kimmich"
8,"Simple pass","[{'id': 1801}]",14716,"[{'y': 76, 'x': 37}, {'y': 95, 'x': 62}]",2057984,"Pass","Germany","1H",1260.683318,85,258948227,"[1801]",76,37,95,62,1,165,165,"Simple pass","1970-01-01 00:00:00.000001260","J. Boateng"
7,"Touch","[]",3319,"[{'y': 95, 'x': 62}, {'y': 67, 'x': 71}]",2057984,"Others on the ball","Germany","1H",1262.058079,72,258948230,,95,62,67,71,1,165,165,"Touch","1970-01-01 00:00:00.000001262","M. Özil"
8,"Simple pass","[{'id': 1801}]",3319,"[{'y': 67, 'x': 71}, {'y': 95, 'x': 80}]",2057984,"Pass","Germany","1H",1269.170861,85,258948233,"[1801]",67,71,95,80,1,165,165,"Simple pass","1970-01-01 00:00:00.000001269","M. Özil"
8,"Simple pass","[{'id': 1801}]",224593,"[{'y': 95, 'x': 80}, {'y': 94, 'x': 88}]",2057984,"Pass","Germany","1H",1271.749603,85,258948242,"[1801]",95,80,94,88,1,165,165,"Simple pass","1970-01-01 00:00:00.000001271","J. Kimmich"
8,"Simple pass","[{'id': 1802}]",14732,"[{'y': 94, 'x': 88}, {'y': 90, 'x': 92}]",2057984,"Pass","Germany","1H",1273.19295,85,258948244,"[1802]",94,88,90,92,1,166,166,"Simple pass","1970-01-01 00:00:00.000001273","T. Müller"
7,"Clearance","[{'id': 1401}, {'id': 1802}]",336178,"[{'y': 10, 'x': 8}, {'y': 10, 'x': 30}]",2057984,"Others on the ball","Mexico","1H",1273.883911,71,258948352,"[1401, 1802]",10,8,10,30,1,167,167,"Clearance","1970-01-01 00:00:00.000001273","J. Gallardo"
7,"Touch","[{'id': 1401}]",3319,"[{'y': 90, 'x': 70}, {'y': 93, 'x': 69}]",2057984,"Others on the ball","Germany","1H",1278.784757,72,258948247,"[1401]",90,70,93,69,1,168,168,"Touch","1970-01-01 00:00:00.000001278","M. Özil"
1,"Ground loose ball duel","[{'id': 702}, {'id': 1801}]",7941,"[{'y': 7, 'x': 31}, {'y': 0, 'x': 32}]",2057984,"Duel","Mexico","1H",1279.590832,13,258948353,"[702, 1801]",7,31,0,32,1,169,169,"Ground loose ball duel","1970-01-01 00:00:00.000001279","J. Hernández"
1,"Ground loose ball duel","[{'id': 702}, {'id': 1801}]",3319,"[{'y': 93, 'x': 69}, {'y': 100, 'x': 68}]",2057984,"Duel","Germany","1H",1280.120216,13,258948251,"[702, 1801]",93,69,100,68,1,170,170,"Ground loose ball duel","1970-01-01 00:00:00.000001280","M. Özil"
3,"Throw in","[{'id': 1801}]",224593,"[{'y': 100, 'x': 68}, {'y': 95, 'x': 76}]",2057984,"Free Kick","Germany","1H",1298.607682,36,258948252,"[1801]",100,68,95,76,1,170,170,"Throw in","1970-01-01 00:00:00.000001298","J. Kimmich"
8,"Simple pass","[{'id': 1801}]",173214,"[{'y': 95, 'x': 76}, {'y': 85, 'x': 74}]",2057984,"Pass","Germany","1H",1300.364483,85,258948253,"[1801]",95,76,85,74,1,170,170,"Simple pass","1970-01-01 00:00:00.000001300","T. Werner"
1,"Ground attacking duel","[{'id': 501}, {'id': 701}, {'id': 1802}]",14732,"[{'y': 85, 'x': 74}, {'y': 94, 'x': 65}]",2057984,"Duel","Germany","1H",1301.557054,11,258948254,"[501, 701, 1802]",85,74,94,65,1,170,170,"Ground attacking duel","1970-01-01 00:00:00.000001301","T. Müller"
1,"Ground defending duel","[{'id': 502}, {'id': 703}, {'id': 1801}]",112459,"[{'y': 15, 'x': 26}, {'y': 6, 'x': 35}]",2057984,"Duel","Mexico","1H",1301.629773,12,258948356,"[502, 703, 1801]",15,26,6,35,1,171,171,"Ground defending duel","1970-01-01 00:00:00.000001301","H. Herrera"
8,"Simple pass","[{'id': 1802}]",295156,"[{'y': 6, 'x': 35}, {'y': 34, 'x': 24}]",2057984,"Pass","Mexico","1H",1302.861752,85,258948357,"[1802]",6,35,34,24,1,172,172,"Simple pass","1970-01-01 00:00:00.000001302","H. Lozano"
8,"Simple pass","[{'id': 1801}]",3319,"[{'y': 66, 'x': 76}, {'y': 23, 'x': 80}]",2057984,"Pass","Germany","1H",1305.317101,85,258948256,"[1801]",66,76,23,80,1,173,173,"Simple pass","1970-01-01 00:00:00.000001305","M. Özil"
1,"Ground attacking duel","[{'id': 501}, {'id': 703}, {'id': 1801}]",14862,"[{'y': 23, 'x': 80}, {'y': 37, 'x': 80}]",2057984,"Duel","Germany","1H",1308.647067,11,258948258,"[501, 703, 1801]",23,80,37,80,1,173,173,"Ground attacking duel","1970-01-01 00:00:00.000001308","J. Draxler"
8,"Simple pass","[{'id': 1801}]",14862,"[{'y': 37, 'x': 80}, {'y': 32, 'x': 77}]",2057984,"Pass","Germany","1H",1309.880471,85,258948261,"[1801]",37,80,32,77,1,173,173,"Simple pass","1970-01-01 00:00:00.000001309","J. Draxler"
10,"Shot","[{'id': 401}, {'id': 201}, {'id': 1203}, {'id': 1801}]",14723,"[{'y': 32, 'x': 77}, {'y': 0, 'x': 0}]",2057984,"Shot","Germany","1H",1311.587076,100,258948263,"[401, 201, 1203, 1801]",32,77,0,0,1,173,173,"Shot","1970-01-01 00:00:00.000001311","T. Kroos"
9,"Save attempt","[{'id': 1203}, {'id': 1801}]",25816,"[{'y': 100, 'x': 100}, {'y': 68, 'x': 23}]",2057984,"Save attempt","Mexico","1H",1313.234095,91,258948359,"[1203, 1801]",100,100,68,23,1,174,174,"Save attempt","1970-01-01 00:00:00.000001313","G. Ochoa"
1,"Ground loose ball duel","[{'id': 703}, {'id': 1801}]",173214,"[{'y': 18, 'x': 65}, {'y': 17, 'x': 65}]",2057984,"Duel","Germany","1H",1331.262436,13,258948266,"[703, 1801]",18,65,17,65,1,175,175,"Ground loose ball duel","1970-01-01 00:00:00.000001331","T. Werner"
8,"Simple pass","[{'id': 1802}]",173214,"[{'y': 17, 'x': 65}, {'y': 16, 'x': 57}]",2057984,"Pass","Germany","1H",1331.941525,85,258948269,"[1802]",17,65,16,57,1,176,176,"Simple pass","1970-01-01 00:00:00.000001331","T. Werner"
1,"Ground loose ball duel","[{'id': 703}, {'id': 1801}]",112459,"[{'y': 82, 'x': 35}, {'y': 84, 'x': 43}]",2057984,"Duel","Mexico","1H",1332.159951,13,258948360,"[703, 1801]",82,35,84,43,1,177,177,"Ground loose ball duel","1970-01-01 00:00:00.000001332","H. Herrera"
1,"Ground defending duel","[{'id': 703}, {'id': 1801}]",14723,"[{'y': 16, 'x': 57}, {'y': 8, 'x': 64}]",2057984,"Duel","Germany","1H",1333.073385,12,258948271,"[703, 1801]",16,57,8,64,1,178,178,"Ground defending duel","1970-01-01 00:00:00.000001333","T. Kroos"
1,"Ground attacking duel","[{'id': 503}, {'id': 703}, {'id': 1801}]",14862,"[{'y': 8, 'x': 64}, {'y': 3, 'x': 70}]",2057984,"Duel","Germany","1H",1334.709614,11,258948274,"[503, 703, 1801]",8,64,3,70,1,178,178,"Ground attacking duel","1970-01-01 00:00:00.000001334","J. Draxler"
1,"Ground defending duel","[{'id': 504}, {'id': 701}, {'id': 1802}]",255387,"[{'y': 92, 'x': 36}, {'y': 97, 'x': 30}]",2057984,"Duel","Mexico","1H",1334.971614,12,258948361,"[504, 701, 1802]",92,36,97,30,1,179,179,"Ground defending duel","1970-01-01 00:00:00.000001334","C. Salcedo"
8,"Simple pass","[{'id': 1801}]",173214,"[{'y': 3, 'x': 70}, {'y': 1, 'x': 62}]",2057984,"Pass","Germany","1H",1337.666544,85,258948277,"[1801]",3,70,1,62,1,180,180,"Simple pass","1970-01-01 00:00:00.000001337","T. Werner"
8,"Simple pass","[{'id': 1801}]",14862,"[{'y': 1, 'x': 62}, {'y': 11, 'x': 57}]",2057984,"Pass","Germany","1H",1340.581824,85,258948280,"[1801]",1,62,11,57,1,180,180,"Simple pass","1970-01-01 00:00:00.000001340","J. Draxler"
8,"Simple pass","[{'id': 1801}]",14723,"[{'y': 11, 'x': 57}, {'y': 27, 'x': 42}]",2057984,"Pass","Germany","1H",1342.608558,85,258948281,"[1801]",11,57,27,42,1,180,180,"Simple pass","1970-01-01 00:00:00.000001342","T. Kroos"
7,"Touch","[]",14795,"[{'y': 27, 'x': 42}, {'y': 41, 'x': 49}]",2057984,"Others on the ball","Germany","1H",1344.137448,72,258948282,,27,42,41,49,1,180,180,"Touch","1970-01-01 00:00:00.000001344","M. Hummels"
1,"Ground defending duel","[{'id': 1901}, {'id': 703}, {'id': 1801}]",112366,"[{'y': 59, 'x': 51}, {'y': 53, 'x': 47}]",2057984,"Duel","Mexico","1H",1345.319242,12,258948362,"[1901, 703, 1801]",59,51,53,47,1,181,181,"Ground defending duel","1970-01-01 00:00:00.000001345","M. Layún"
1,"Ground attacking duel","[{'id': 2001}, {'id': 701}, {'id': 1802}]",14795,"[{'y': 41, 'x': 49}, {'y': 47, 'x': 53}]",2057984,"Duel","Germany","1H",1347.123044,11,258948283,"[2001, 701, 1802]",41,49,47,53,1,182,182,"Ground attacking duel","1970-01-01 00:00:00.000001347","M. Hummels"
8,"Simple pass","[{'id': 1901}, {'id': 1801}]",112366,"[{'y': 53, 'x': 47}, {'y': 33, 'x': 46}]",2057984,"Pass","Mexico","1H",1347.89894,85,258948363,"[1901, 1801]",53,47,33,46,1,183,183,"Simple pass","1970-01-01 00:00:00.000001347","M. Layún"
7,"Acceleration","[{'id': 1901}, {'id': 1801}]",295156,"[{'y': 33, 'x': 46}, {'y': 52, 'x': 68}]",2057984,"Others on the ball","Mexico","1H",1348.770655,70,258948364,"[1901, 1801]",33,46,52,68,1,183,183,"Acceleration","1970-01-01 00:00:00.000001348","H. Lozano"
8,"Simple pass","[{'id': 1901}, {'id': 1801}]",295156,"[{'y': 52, 'x': 68}, {'y': 37, 'x': 82}]",2057984,"Pass","Mexico","1H",1352.217969,85,258948367,"[1901, 1801]",52,68,37,82,1,183,183,"Simple pass","1970-01-01 00:00:00.000001352","H. Lozano"
10,"Shot","[{'id': 1901}, {'id': 401}, {'id': 2101}, {'id': 1802}]",7941,"[{'y': 37, 'x': 82}, {'y': 100, 'x': 100}]",2057984,"Shot","Mexico","1H",1353.613015,100,258948368,"[1901, 401, 2101, 1802]",37,82,100,100,1,183,183,"Shot","1970-01-01 00:00:00.000001353","J. Hernández"
7,"Touch","[{'id': 1401}]",14716,"[{'y': 62, 'x': 13}, {'y': 60, 'x': 12}]",2057984,"Others on the ball","Germany","1H",1354.785329,72,258948295,"[1401]",62,13,60,12,1,184,184,"Touch","1970-01-01 00:00:00.000001354","J. Boateng"
8,"Simple pass","[{'id': 1801}]",224593,"[{'y': 60, 'x': 12}, {'y': 57, 'x': 27}]",2057984,"Pass","Germany","1H",1355.893515,85,258948296,"[1801]",60,12,57,27,1,184,184,"Simple pass","1970-01-01 00:00:00.000001355","J. Kimmich"
8,"Simple pass","[{'id': 1801}]",3318,"[{'y': 57, 'x': 27}, {'y': 60, 'x': 21}]",2057984,"Pass","Germany","1H",1356.854874,85,258948298,"[1801]",57,27,60,21,1,184,184,"Simple pass","1970-01-01 00:00:00.000001356","S. Khedira"
8,"Simple pass","[{'id': 1801}]",3319,"[{'y': 60, 'x': 21}, {'y': 46, 'x': 25}]",2057984,"Pass","Germany","1H",1357.842187,85,258948299,"[1801]",60,21,46,25,1,184,184,"Simple pass","1970-01-01 00:00:00.000001357","M. Özil"
8,"Simple pass","[{'id': 1801}]",14723,"[{'y': 46, 'x': 25}, {'y': 97, 'x': 39}]",2057984,"Pass","Germany","1H",1359.916834,85,258948301,"[1801]",46,25,97,39,1,184,184,"Simple pass","1970-01-01 00:00:00.000001359","T. Kroos"
8,"High pass","[{'id': 1802}]",14732,"[{'y': 97, 'x': 39}, {'y': 73, 'x': 65}]",2057984,"Pass","Germany","1H",1361.73357,83,258948303,"[1802]",97,39,73,65,1,185,185,"High pass","1970-01-01 00:00:00.000001361","T. Müller"
8,"High pass","[{'id': 1801}]",3795,"[{'y': 27, 'x': 35}, {'y': 32, 'x': 67}]",2057984,"Pass","Mexico","1H",1364.110897,83,258948370,"[1801]",27,35,32,67,1,186,186,"High pass","1970-01-01 00:00:00.000001364","H. Moreno"
8,"Head pass","[{'id': 1801}]",295156,"[{'y': 32, 'x': 67}, {'y': 34, 'x': 62}]",2057984,"Pass","Mexico","1H",1366.065273,82,258948371,"[1801]",32,67,34,62,1,186,186,"Head pass","1970-01-01 00:00:00.000001366","H. Lozano"
1,"Ground defending duel","[{'id': 501}, {'id': 701}, {'id': 1802}]",14723,"[{'y': 66, 'x': 38}, {'y': 74, 'x': 36}]",2057984,"Duel","Germany","1H",1367.53213,12,258948305,"[501, 701, 1802]",66,38,74,36,1,187,187,"Ground defending duel","1970-01-01 00:00:00.000001367","T. Kroos"
1,"Ground attacking duel","[{'id': 502}, {'id': 703}, {'id': 1801}]",112459,"[{'y': 34, 'x': 62}, {'y': 26, 'x': 64}]",2057984,"Duel","Mexico","1H",1367.688931,11,258948372,"[502, 703, 1801]",34,62,26,64,1,188,188,"Ground attacking duel","1970-01-01 00:00:00.000001367","H. Herrera"
1,"Ground attacking duel","[{'id': 502}, {'id': 703}, {'id': 1801}]",112459,"[{'y': 26, 'x': 64}, {'y': 25, 'x': 66}]",2057984,"Duel","Mexico","1H",1368.77394,11,258948373,"[502, 703, 1801]",26,64,25,66,1,188,188,"Ground attacking duel","1970-01-01 00:00:00.000001368","H. Herrera"
1,"Ground defending duel","[{'id': 501}, {'id': 701}, {'id': 1802}]",224593,"[{'y': 74, 'x': 36}, {'y': 75, 'x': 34}]",2057984,"Duel","Germany","1H",1369.656459,12,258948308,"[501, 701, 1802]",74,36,75,34,1,189,189,"Ground defending duel","1970-01-01 00:00:00.000001369","J. Kimmich"
2,"Foul","[]",224593,"[{'y': 75, 'x': 34}, {'y': 74, 'x': 36}]",2057984,"Foul","Germany","1H",1370.837149,20,258948310,,75,34,74,36,1,189,189,"Foul","1970-01-01 00:00:00.000001370","J. Kimmich"
3,"Free kick cross","[{'id': 801}, {'id': 1801}]",3384,"[{'y': 28, 'x': 68}, {'y': 57, 'x': 89}]",2057984,"Free Kick","Mexico","1H",1424.594111,32,258948374,"[801, 1801]",28,68,57,89,1,190,190,"Free kick cross","1970-01-01 00:00:00.000001424","A. Guardado"
1,"Air duel","[{'id': 703}, {'id': 1801}]",3318,"[{'y': 43, 'x': 11}, {'y': 42, 'x': 11}]",2057984,"Duel","Germany","1H",1426.876928,10,258948316,"[703, 1801]",43,11,42,11,1,191,191,"Air duel","1970-01-01 00:00:00.000001426","S. Khedira"
1,"Air duel","[{'id': 701}, {'id': 1802}]",3795,"[{'y': 57, 'x': 89}, {'y': 58, 'x': 89}]",2057984,"Duel","Mexico","1H",1426.922311,10,258948377,"[701, 1802]",57,89,58,89,1,192,192,"Air duel","1970-01-01 00:00:00.000001426","H. Moreno"
2,"Foul","[]",3795,"[{'y': 58, 'x': 89}, {'y': 57, 'x': 89}]",2057984,"Foul","Mexico","1H",1427.906801,20,258948379,,58,89,57,89,1,192,192,"Foul","1970-01-01 00:00:00.000001427","H. Moreno"
3,"Free Kick","[{'id': 1801}]",14712,"[{'y': 48, 'x': 13}, {'y': 75, 'x': 38}]",2057984,"Free Kick","Germany","1H",1461.510692,31,258948318,"[1801]",48,13,75,38,1,193,193,"Free Kick","1970-01-01 00:00:00.000001461","M. Neuer"
8,"Simple pass","[{'id': 1801}]",14716,"[{'y': 75, 'x': 38}, {'y': 76, 'x': 57}]",2057984,"Pass","Germany","1H",1465.574036,85,258948375,"[1801]",75,38,76,57,1,193,193,"Simple pass","1970-01-01 00:00:00.000001465","J. Boateng"
8,"Simple pass","[{'id': 1801}]",3319,"[{'y': 76, 'x': 57}, {'y': 73, 'x': 69}]",2057984,"Pass","Germany","1H",1468.500671,85,258948376,"[1801]",76,57,73,69,1,193,193,"Simple pass","1970-01-01 00:00:00.000001468","M. Özil"
8,"Simple pass","[{'id': 1801}]",14732,"[{'y': 73, 'x': 69}, {'y': 93, 'x': 68}]",2057984,"Pass","Germany","1H",1469.473044,85,258948378,"[1801]",73,69,93,68,1,193,193,"Simple pass","1970-01-01 00:00:00.000001469","T. Müller"
8,"Simple pass","[{'id': 1801}]",224593,"[{'y': 93, 'x': 68}, {'y': 92, 'x': 61}]",2057984,"Pass","Germany","1H",1473.151237,85,258948380,"[1801]",93,68,92,61,1,193,193,"Simple pass","1970-01-01 00:00:00.000001473","J. Kimmich"
1,"Ground defending duel","[{'id': 702}, {'id': 1801}]",3384,"[{'y': 8, 'x': 39}, {'y': 0, 'x': 37}]",2057984,"Duel","Mexico","1H",1474.918321,12,258948382,"[702, 1801]",8,39,0,37,1,194,194,"Ground defending duel","1970-01-01 00:00:00.000001474","A. Guardado"
1,"Ground attacking duel","[{'id': 702}, {'id': 1801}]",3319,"[{'y': 92, 'x': 61}, {'y': 100, 'x': 63}]",2057984,"Duel","Germany","1H",1475.273123,11,258948381,"[702, 1801]",92,61,100,63,1,195,195,"Ground attacking duel","1970-01-01 00:00:00.000001475","M. Özil"
3,"Throw in","[{'id': 1801}]",224593,"[{'y': 100, 'x': 63}, {'y': 79, 'x': 73}]",2057984,"Free Kick","Germany","1H",1496.090825,36,258948390,"[1801]",100,63,79,73,1,195,195,"Throw in","1970-01-01 00:00:00.000001496","J. Kimmich"
1,"Ground defending duel","[{'id': 701}, {'id': 1802}]",3795,"[{'y': 21, 'x': 27}, {'y': 18, 'x': 31}]",2057984,"Duel","Mexico","1H",1497.324631,12,258948384,"[701, 1802]",21,27,18,31,1,196,196,"Ground defending duel","1970-01-01 00:00:00.000001497","H. Moreno"
1,"Ground attacking duel","[{'id': 703}, {'id': 1801}]",173214,"[{'y': 79, 'x': 73}, {'y': 82, 'x': 69}]",2057984,"Duel","Germany","1H",1497.333079,11,258948392,"[703, 1801]",79,73,82,69,1,197,197,"Ground attacking duel","1970-01-01 00:00:00.000001497","T. Werner"
2,"Foul","[]",3795,"[{'y': 18, 'x': 31}, {'y': 21, 'x': 27}]",2057984,"Foul","Mexico","1H",1498.791822,20,258948385,,18,31,21,27,1,198,198,"Foul","1970-01-01 00:00:00.000001498","H. Moreno"
3,"Free kick cross","[{'id': 801}, {'id': 1801}]",14723,"[{'y': 83, 'x': 73}, {'y': 28, 'x': 93}]",2057984,"Free Kick","Germany","1H",1538.068843,32,258948396,"[801, 1801]",83,73,28,93,1,199,199,"Free kick cross","1970-01-01 00:00:00.000001538","T. Kroos"
1,"Air duel","[{'id': 703}, {'id': 1801}]",14795,"[{'y': 28, 'x': 93}, {'y': 47, 'x': 91}]",2057984,"Duel","Germany","1H",1540.812144,10,258948398,"[703, 1801]",28,93,47,91,1,199,199,"Air duel","1970-01-01 00:00:00.000001540","M. Hummels"
1,"Air duel","[{'id': 701}, {'id': 1802}]",112777,"[{'y': 72, 'x': 7}, {'y': 53, 'x': 9}]",2057984,"Duel","Mexico","1H",1541.064043,10,258948386,"[701, 1802]",72,7,53,9,1,200,200,"Air duel","1970-01-01 00:00:00.000001541","H. Ayala"
1,"Air duel","[{'id': 702}, {'id': 1801}]",3795,"[{'y': 53, 'x': 9}, {'y': 47, 'x': 11}]",2057984,"Duel","Mexico","1H",1543.263758,10,258948387,"[702, 1801]",53,9,47,11,1,200,200,"Air duel","1970-01-01 00:00:00.000001543","H. Moreno"
1,"Air duel","[{'id': 702}, {'id': 1801}]",14862,"[{'y': 47, 'x': 91}, {'y': 53, 'x': 89}]",2057984,"Duel","Germany","1H",1543.322281,10,258948400,"[702, 1801]",47,91,53,89,1,201,201,"Air duel","1970-01-01 00:00:00.000001543","J. Draxler"
1,"Ground loose ball duel","[{'id': 703}, {'id': 1801}]",336178,"[{'y': 47, 'x': 11}, {'y': 46, 'x': 11}]",2057984,"Duel","Mexico","1H",1544.535644,13,258948388,"[703, 1801]",47,11,46,11,1,202,202,"Ground loose ball duel","1970-01-01 00:00:00.000001544","J. Gallardo"
1,"Ground loose ball duel","[{'id': 701}, {'id': 1802}]",14862,"[{'y': 53, 'x': 89}, {'y': 54, 'x': 89}]",2057984,"Duel","Germany","1H",1544.980415,13,258948401,"[701, 1802]",53,89,54,89,1,203,203,"Ground loose ball duel","1970-01-01 00:00:00.000001544","J. Draxler"
7,"Clearance","[{'id': 1901}, {'id': 1801}]",336178,"[{'y': 46, 'x': 11}, {'y': 52, 'x': 17}]",2057984,"Others on the ball","Mexico","1H",1545.453257,71,258948389,"[1901, 1801]",46,11,52,17,1,204,204,"Clearance","1970-01-01 00:00:00.000001545","J. Gallardo"
8,"Simple pass","[{'id': 1901}, {'id': 1801}]",3384,"[{'y': 52, 'x': 17}, {'y': 62, 'x': 30}]",2057984,"Pass","Mexico","1H",1546.200282,85,258948391,"[1901, 1801]",52,17,62,30,1,204,204,"Simple pass","1970-01-01 00:00:00.000001546","A. Guardado"
8,"Simple pass","[{'id': 1901}, {'id': 1801}]",112459,"[{'y': 62, 'x': 30}, {'y': 51, 'x': 58}]",2057984,"Pass","Mexico","1H",1548.076488,85,258948393,"[1901, 1801]",62,30,51,58,1,204,204,"Simple pass","1970-01-01 00:00:00.000001548","H. Herrera"
8,"Smart pass","[{'id': 1901}, {'id': 901}, {'id': 1801}]",112366,"[{'y': 51, 'x': 58}, {'y': 8, 'x': 75}]",2057984,"Pass","Mexico","1H",1550.954721,86,258948395,"[1901, 901, 1801]",51,58,8,75,1,204,204,"Smart pass","1970-01-01 00:00:00.000001550","M. Layún"
7,"Touch","[{'id': 1901}]",295156,"[{'y': 8, 'x': 75}, {'y': 30, 'x': 87}]",2057984,"Others on the ball","Mexico","1H",1554.496848,72,258948405,"[1901]",8,75,30,87,1,204,204,"Touch","1970-01-01 00:00:00.000001554","H. Lozano"
1,"Ground defending duel","[{'id': 702}, {'id': 1801}]",224593,"[{'y': 70, 'x': 13}, {'y': 68, 'x': 19}]",2057984,"Duel","Germany","1H",1557.11303,12,258948413,"[702, 1801]",70,13,68,19,1,205,205,"Ground defending duel","1970-01-01 00:00:00.000001557","J. Kimmich"
1,"Ground attacking duel","[{'id': 1901}, {'id': 702}, {'id': 1801}]",295156,"[{'y': 30, 'x': 87}, {'y': 32, 'x': 81}]",2057984,"Duel","Mexico","1H",1558.14216,11,258948403,"[1901, 702, 1801]",30,87,32,81,1,206,206,"Ground attacking duel","1970-01-01 00:00:00.000001558","H. Lozano"
8,"Simple pass","[{'id': 1901}, {'id': 1801}]",295156,"[{'y': 32, 'x': 81}, {'y': 45, 'x': 76}]",2057984,"Pass","Mexico","1H",1559.713118,85,258948407,"[1901, 1801]",32,81,45,76,1,206,206,"Simple pass","1970-01-01 00:00:00.000001559","H. Lozano"
10,"Shot","[{'id': 1901}, {'id': 402}, {'id': 201}, {'id': 1216}, {'id': 1802}]",112366,"[{'y': 45, 'x': 76}, {'y': 100, 'x': 100}]",2057984,"Shot","Mexico","1H",1561.418468,100,258948409,"[1901, 402, 201, 1216, 1802]",45,76,100,100,1,206,206,"Shot","1970-01-01 00:00:00.000001561","M. Layún"
3,"Goal kick","[]",14712,"[{'y': 0, 'x': 0}, {'y': 22, 'x': 14}]",2057984,"Free Kick","Germany","1H",1572.741441,34,258948416,,0,0,22,14,1,207,207,"Goal kick","1970-01-01 00:00:00.000001572","M. Neuer"
8,"Simple pass","[{'id': 1801}]",14795,"[{'y': 22, 'x': 14}, {'y': 66, 'x': 17}]",2057984,"Pass","Germany","1H",1577.494504,85,258948421,"[1801]",22,14,66,17,1,207,207,"Simple pass","1970-01-01 00:00:00.000001577","M. Hummels"
7,"Touch","[]",14716,"[{'y': 66, 'x': 17}, {'y': 51, 'x': 37}]",2057984,"Others on the ball","Germany","1H",1579.853934,72,258948422,,66,17,51,37,1,207,207,"Touch","1970-01-01 00:00:00.000001579","J. Boateng"
8,"Simple pass","[{'id': 1801}]",3318,"[{'y': 51, 'x': 37}, {'y': 80, 'x': 38}]",2057984,"Pass","Germany","1H",1586.158947,85,258948424,"[1801]",51,37,80,38,1,207,207,"Simple pass","1970-01-01 00:00:00.000001586","S. Khedira"
8,"Simple pass","[{'id': 1801}]",14716,"[{'y': 80, 'x': 38}, {'y': 92, 'x': 66}]",2057984,"Pass","Germany","1H",1588.116939,85,258948425,"[1801]",80,38,92,66,1,207,207,"Simple pass","1970-01-01 00:00:00.000001588","J. Boateng"
8,"Simple pass","[{'id': 1801}]",224593,"[{'y': 92, 'x': 66}, {'y': 69, 'x': 67}]",2057984,"Pass","Germany","1H",1590.700174,85,258948427,"[1801]",92,66,69,67,1,207,207,"Simple pass","1970-01-01 00:00:00.000001590","J. Kimmich"
8,"Simple pass","[{'id': 1801}]",3319,"[{'y': 69, 'x': 67}, {'y': 66, 'x': 60}]",2057984,"Pass","Germany","1H",1592.844545,85,258948430,"[1801]",69,67,66,60,1,207,207,"Simple pass","1970-01-01 00:00:00.000001592","M. Özil"
8,"Simple pass","[{'id': 1801}]",3318,"[{'y': 66, 'x': 60}, {'y': 53, 'x': 67}]",2057984,"Pass","Germany","1H",1595.275635,85,258948432,"[1801]",66,60,53,67,1,207,207,"Simple pass","1970-01-01 00:00:00.000001595","S. Khedira"
8,"Simple pass","[{'id': 1801}]",14862,"[{'y': 53, 'x': 67}, {'y': 68, 'x': 58}]",2057984,"Pass","Germany","1H",1596.009029,85,258948433,"[1801]",53,67,68,58,1,207,207,"Simple pass","1970-01-01 00:00:00.000001596","J. Draxler"
8,"Simple pass","[{'id': 1801}]",3318,"[{'y': 68, 'x': 58}, {'y': 75, 'x': 68}]",2057984,"Pass","Germany","1H",1597.523831,85,258948434,"[1801]",68,58,75,68,1,207,207,"Simple pass","1970-01-01 00:00:00.000001597","S. Khedira"
8,"Simple pass","[{'id': 1802}]",3319,"[{'y': 75, 'x': 68}, {'y': 92, 'x': 72}]",2057984,"Pass","Germany","1H",1600.790687,85,258948436,"[1802]",75,68,92,72,1,208,208,"Simple pass","1970-01-01 00:00:00.000001600","M. Özil"
7,"Clearance","[{'id': 1401}, {'id': 1802}]",336178,"[{'y': 8, 'x': 28}, {'y': 5, 'x': 24}]",2057984,"Others on the ball","Mexico","1H",1602.016797,71,258948412,"[1401, 1802]",8,28,5,24,1,209,209,"Clearance","1970-01-01 00:00:00.000001602","J. Gallardo"
8,"Simple pass","[{'id': 1802}]",224593,"[{'y': 95, 'x': 76}, {'y': 100, 'x': 78}]",2057984,"Pass","Germany","1H",1602.16106,85,258948438,"[1802]",95,76,100,78,1,210,210,"Simple pass","1970-01-01 00:00:00.000001602","J. Kimmich"
3,"Throw in","[{'id': 1801}]",224593,"[{'y': 100, 'x': 80}, {'y': 92, 'x': 73}]",2057984,"Free Kick","Germany","1H",1615.321752,36,258948442,"[1801]",100,80,92,73,1,210,210,"Throw in","1970-01-01 00:00:00.000001615","J. Kimmich"
1,"Ground defending duel","[{'id': 1901}, {'id': 701}, {'id': 1802}]",3685,"[{'y': 8, 'x': 27}, {'y': 23, 'x': 26}]",2057984,"Duel","Mexico","1H",1616.624272,12,258948415,"[1901, 701, 1802]",8,27,23,26,1,211,211,"Ground defending duel","1970-01-01 00:00:00.000001616","C. Vela"
1,"Ground attacking duel","[{'id': 703}, {'id': 1801}]",14732,"[{'y': 92, 'x': 73}, {'y': 77, 'x': 74}]",2057984,"Duel","Germany","1H",1616.925569,11,258948444,"[703, 1801]",92,73,77,74,1,212,212,"Ground attacking duel","1970-01-01 00:00:00.000001616","T. Müller"
8,"High pass","[{'id': 2001}, {'id': 1802}]",3319,"[{'y': 77, 'x': 74}, {'y': 45, 'x': 72}]",2057984,"Pass","Germany","1H",1619.692108,83,258948447,"[2001, 1802]",77,74,45,72,1,213,213,"High pass","1970-01-01 00:00:00.000001619","M. Özil"
8,"Simple pass","[{'id': 1901}, {'id': 1401}, {'id': 1801}]",112366,"[{'y': 55, 'x': 28}, {'y': 9, 'x': 70}]",2057984,"Pass","Mexico","1H",1622.929903,85,258948417,"[1901, 1401, 1801]",55,28,9,70,1,214,214,"Simple pass","1970-01-01 00:00:00.000001622","M. Layún"
7,"Acceleration","[{'id': 1901}, {'id': 1801}]",3685,"[{'y': 9, 'x': 70}, {'y': 26, 'x': 89}]",2057984,"Others on the ball","Mexico","1H",1626.51965,70,258948419,"[1901, 1801]",9,70,26,89,1,214,214,"Acceleration","1970-01-01 00:00:00.000001626","C. Vela"
8,"Cross","[{'id': 1901}, {'id': 401}, {'id': 2101}, {'id': 1802}]",3685,"[{'y': 26, 'x': 89}, {'y': 100, 'x': 100}]",2057984,"Pass","Mexico","1H",1629.437776,80,258948420,"[1901, 401, 2101, 1802]",26,89,100,100,1,215,215,"Cross","1970-01-01 00:00:00.000001629","C. Vela"
7,"Touch","[{'id': 1401}]",14795,"[{'y': 70, 'x': 10}, {'y': 91, 'x': 13}]",2057984,"Others on the ball","Germany","1H",1631.178248,72,258948457,"[1401]",70,10,91,13,1,216,216,"Touch","1970-01-01 00:00:00.000001631","M. Hummels"
8,"Simple pass","[{'id': 1801}]",3685,"[{'y': 9, 'x': 87}, {'y': 15, 'x': 68}]",2057984,"Pass","Mexico","1H",1635.947242,85,258948423,"[1801]",9,87,15,68,1,217,217,"Simple pass","1970-01-01 00:00:00.000001635","C. Vela"
8,"Simple pass","[{'id': 1801}]",3384,"[{'y': 15, 'x': 68}, {'y': 21, 'x': 62}]",2057984,"Pass","Mexico","1H",1639.708654,85,258948426,"[1801]",15,68,21,62,1,217,217,"Simple pass","1970-01-01 00:00:00.000001639","A. Guardado"
8,"Simple pass","[{'id': 1801}]",295156,"[{'y': 21, 'x': 62}, {'y': 29, 'x': 57}]",2057984,"Pass","Mexico","1H",1642.747781,85,258948428,"[1801]",21,62,29,57,1,217,217,"Simple pass","1970-01-01 00:00:00.000001642","H. Lozano"
8,"Simple pass","[{'id': 1801}]",3795,"[{'y': 29, 'x': 57}, {'y': 29, 'x': 63}]",2057984,"Pass","Mexico","1H",1646.062527,85,258948429,"[1801]",29,57,29,63,1,217,217,"Simple pass","1970-01-01 00:00:00.000001646","H. Moreno"
8,"Simple pass","[{'id': 1801}]",3384,"[{'y': 29, 'x': 63}, {'y': 37, 'x': 32}]",2057984,"Pass","Mexico","1H",1648.462987,85,258948431,"[1801]",29,63,37,32,1,217,217,"Simple pass","1970-01-01 00:00:00.000001648","A. Guardado"
8,"Simple pass","[{'id': 1801}]",3795,"[{'y': 37, 'x': 32}, {'y': 52, 'x': 18}]",2057984,"Pass","Mexico","1H",1652.604431,85,258948435,"[1801]",37,32,52,18,1,217,217,"Simple pass","1970-01-01 00:00:00.000001652","H. Moreno"
8,"Simple pass","[{'id': 1801}]",25816,"[{'y': 52, 'x': 18}, {'y': 86, 'x': 24}]",2057984,"Pass","Mexico","1H",1657.44732,85,258948437,"[1801]",52,18,86,24,1,217,217,"Simple pass","1970-01-01 00:00:00.000001657","G. Ochoa"
8,"Simple pass","[{'id': 1802}]",112777,"[{'y': 86, 'x': 24}, {'y': 92, 'x': 23}]",2057984,"Pass","Mexico","1H",1661.14013,85,258948440,"[1802]",86,24,92,23,1,218,218,"Simple pass","1970-01-01 00:00:00.000001661","H. Ayala"
7,"Touch","[{'id': 1401}]",173214,"[{'y': 8, 'x': 77}, {'y': 11, 'x': 96}]",2057984,"Others on the ball","Germany","1H",1662.567876,72,258948463,"[1401]",8,77,11,96,1,219,219,"Touch","1970-01-01 00:00:00.000001662","T. Werner"
3,"Goal kick","[]",25816,"[{'y': 100, 'x': 100}, {'y': 59, 'x': 31}]",2057984,"Free Kick","Mexico","1H",1677.509067,34,258948443,,100,100,59,31,1,220,220,"Goal kick","1970-01-01 00:00:00.000001677","G. Ochoa"
8,"Simple pass","[{'id': 1801}]",112459,"[{'y': 59, 'x': 31}, {'y': 49, 'x': 8}]",2057984,"Pass","Mexico","1H",1679.834257,85,258948445,"[1801]",59,31,49,8,1,220,220,"Simple pass","1970-01-01 00:00:00.000001679","H. Herrera"
8,"Simple pass","[{'id': 1801}]",25816,"[{'y': 49, 'x': 8}, {'y': 57, 'x': 23}]",2057984,"Pass","Mexico","1H",1682.841382,85,258948446,"[1801]",49,8,57,23,1,220,220,"Simple pass","1970-01-01 00:00:00.000001682","G. Ochoa"
1,"Ground attacking duel","[{'id': 703}, {'id': 1801}]",112459,"[{'y': 57, 'x': 23}, {'y': 65, 'x': 47}]",2057984,"Duel","Mexico","1H",1686.166128,11,258948448,"[703, 1801]",57,23,65,47,1,220,220,"Ground attacking duel","1970-01-01 00:00:00.000001686","H. Herrera"
1,"Ground defending duel","[{'id': 701}, {'id': 1802}]",14723,"[{'y': 43, 'x': 77}, {'y': 35, 'x': 53}]",2057984,"Duel","Germany","1H",1686.276469,12,258948467,"[701, 1802]",43,77,35,53,1,221,221,"Ground defending duel","1970-01-01 00:00:00.000001686","T. Kroos"
1,"Ground attacking duel","[{'id': 703}, {'id': 1801}]",112459,"[{'y': 65, 'x': 47}, {'y': 67, 'x': 48}]",2057984,"Duel","Mexico","1H",1690.039096,11,258948449,"[703, 1801]",65,47,67,48,1,222,222,"Ground attacking duel","1970-01-01 00:00:00.000001690","H. Herrera"
1,"Ground defending duel","[{'id': 701}, {'id': 1802}]",14862,"[{'y': 35, 'x': 53}, {'y': 33, 'x': 52}]",2057984,"Duel","Germany","1H",1690.411151,12,258948470,"[701, 1802]",35,53,33,52,1,223,223,"Ground defending duel","1970-01-01 00:00:00.000001690","J. Draxler"
2,"Foul","[]",14862,"[{'y': 33, 'x': 52}, {'y': 35, 'x': 53}]",2057984,"Foul","Germany","1H",1691.680425,20,258948471,,33,52,35,53,1,223,223,"Foul","1970-01-01 00:00:00.000001691","J. Draxler"
3,"Free Kick","[{'id': 1801}]",3384,"[{'y': 61, 'x': 44}, {'y': 86, 'x': 60}]",2057984,"Free Kick","Mexico","1H",1694.268856,31,258948450,"[1801]",61,44,86,60,1,224,224,"Free Kick","1970-01-01 00:00:00.000001694","A. Guardado"
8,"High pass","[{'id': 1801}]",255387,"[{'y': 86, 'x': 60}, {'y': 24, 'x': 92}]",2057984,"Pass","Mexico","1H",1698.746697,83,258948451,"[1801]",86,60,24,92,1,224,224,"High pass","1970-01-01 00:00:00.000001698","C. Salcedo"
1,"Ground attacking duel","[{'id': 501}, {'id': 703}, {'id': 1801}]",295156,"[{'y': 24, 'x': 92}, {'y': 23, 'x': 89}]",2057984,"Duel","Mexico","1H",1703.77841,11,258948455,"[501, 703, 1801]",24,92,23,89,1,224,224,"Ground attacking duel","1970-01-01 00:00:00.000001703","H. Lozano"
8,"Cross","[{'id': 402}, {'id': 2101}, {'id': 1802}]",295156,"[{'y': 23, 'x': 89}, {'y': 100, 'x': 100}]",2057984,"Pass","Mexico","1H",1704.408546,80,258948456,"[402, 2101, 1802]",23,89,100,100,1,225,225,"Cross","1970-01-01 00:00:00.000001704","H. Lozano"
1,"Ground defending duel","[{'id': 502}, {'id': 701}, {'id': 1802}]",224593,"[{'y': 76, 'x': 8}, {'y': 77, 'x': 11}]",2057984,"Duel","Germany","1H",1704.688378,12,258948474,"[502, 701, 1802]",76,8,77,11,1,226,226,"Ground defending duel","1970-01-01 00:00:00.000001704","J. Kimmich"
7,"Touch","[{'id': 1401}]",224593,"[{'y': 75, 'x': 9}, {'y': 64, 'x': 9}]",2057984,"Others on the ball","Germany","1H",1706.487114,72,258948476,"[1401]",75,9,64,9,1,226,226,"Touch","1970-01-01 00:00:00.000001706","J. Kimmich"
8,"Simple pass","[{'id': 1801}]",14716,"[{'y': 64, 'x': 9}, {'y': 65, 'x': 13}]",2057984,"Pass","Germany","1H",1706.858672,85,258948477,"[1801]",64,9,65,13,1,226,226,"Simple pass","1970-01-01 00:00:00.000001706","J. Boateng"
8,"Simple pass","[{'id': 1802}]",3318,"[{'y': 65, 'x': 13}, {'y': 74, 'x': 13}]",2057984,"Pass","Germany","1H",1708.840652,85,258948482,"[1802]",65,13,74,13,1,227,227,"Simple pass","1970-01-01 00:00:00.000001708","S. Khedira"
8,"Simple pass","[{'id': 1801}]",295156,"[{'y': 25, 'x': 88}, {'y': 28, 'x': 89}]",2057984,"Pass","Mexico","1H",1710.133578,85,258948460,"[1801]",25,88,28,89,1,228,228,"Simple pass","1970-01-01 00:00:00.000001710","H. Lozano"
1,"Ground defending duel","[{'id': 701}, {'id': 1802}]",14732,"[{'y': 74, 'x': 13}, {'y': 75, 'x': 12}]",2057984,"Duel","Germany","1H",1710.458688,12,258948486,"[701, 1802]",74,13,75,12,1,229,229,"Ground defending duel","1970-01-01 00:00:00.000001710","T. Müller"
8,"Simple pass","[{'id': 1801}]",295156,"[{'y': 28, 'x': 89}, {'y': 28, 'x': 81}]",2057984,"Pass","Mexico","1H",1711.222829,85,258948461,"[1801]",28,89,28,81,1,230,230,"Simple pass","1970-01-01 00:00:00.000001711","H. Lozano"
8,"Simple pass","[{'id': 302}, {'id': 1801}]",3685,"[{'y': 28, 'x': 81}, {'y': 42, 'x': 78}]",2057984,"Pass","Mexico","1H",1711.340176,85,258948466,"[302, 1801]",28,81,42,78,1,230,230,"Simple pass","1970-01-01 00:00:00.000001711","C. Vela"
10,"Shot","[{'id': 402}, {'id': 201}, {'id': 1201}, {'id': 1801}]",112366,"[{'y': 42, 'x': 78}, {'y': 100, 'x': 100}]",2057984,"Shot","Mexico","1H",1713.831224,100,258948464,"[402, 201, 1201, 1801]",42,78,100,100,1,230,230,"Shot","1970-01-01 00:00:00.000001713","M. Layún"
9,"Save attempt","[{'id': 1201}, {'id': 1801}]",14712,"[{'y': 0, 'x': 0}, {'y': 58, 'x': 22}]",2057984,"Save attempt","Germany","1H",1715.424035,91,258948488,"[1201, 1801]",0,0,58,22,1,231,231,"Save attempt","1970-01-01 00:00:00.000001715","M. Neuer"
8,"Simple pass","[{'id': 1801}]",14723,"[{'y': 65, 'x': 31}, {'y': 72, 'x': 39}]",2057984,"Pass","Germany","1H",1728.990833,85,258948490,"[1801]",65,31,72,39,1,231,231,"Simple pass","1970-01-01 00:00:00.000001728","T. Kroos"
8,"Simple pass","[{'id': 1801}]",14732,"[{'y': 72, 'x': 39}, {'y': 74, 'x': 26}]",2057984,"Pass","Germany","1H",1730.552315,85,258948491,"[1801]",72,39,74,26,1,231,231,"Simple pass","1970-01-01 00:00:00.000001730","T. Müller"
8,"Simple pass","[{'id': 1801}]",14716,"[{'y': 74, 'x': 26}, {'y': 94, 'x': 39}]",2057984,"Pass","Germany","1H",1733.495645,85,258948492,"[1801]",74,26,94,39,1,231,231,"Simple pass","1970-01-01 00:00:00.000001733","J. Boateng"
8,"Simple pass","[{'id': 1801}]",224593,"[{'y': 94, 'x': 39}, {'y': 80, 'x': 32}]",2057984,"Pass","Germany","1H",1736.452819,85,258948493,"[1801]",94,39,80,32,1,231,231,"Simple pass","1970-01-01 00:00:00.000001736","J. Kimmich"
7,"Touch","[]",14716,"[{'y': 80, 'x': 32}, {'y': 65, 'x': 46}]",2057984,"Others on the ball","Germany","1H",1737.449455,72,258948495,,80,32,65,46,1,231,231,"Touch","1970-01-01 00:00:00.000001737","J. Boateng"
8,"Simple pass","[{'id': 1801}]",14716,"[{'y': 65, 'x': 46}, {'y': 93, 'x': 61}]",2057984,"Pass","Germany","1H",1746.677473,85,258948497,"[1801]",65,46,93,61,1,231,231,"Simple pass","1970-01-01 00:00:00.000001746","J. Boateng"
8,"Simple pass","[{'id': 1801}]",224593,"[{'y': 93, 'x': 61}, {'y': 95, 'x': 70}]",2057984,"Pass","Germany","1H",1749.890693,85,258948498,"[1801]",93,61,95,70,1,231,231,"Simple pass","1970-01-01 00:00:00.000001749","J. Kimmich"
8,"Simple pass","[{'id': 1801}]",14732,"[{'y': 95, 'x': 70}, {'y': 80, 'x': 50}]",2057984,"Pass","Germany","1H",1752.51414,85,258948499,"[1801]",95,70,80,50,1,231,231,"Simple pass","1970-01-01 00:00:00.000001752","T. Müller"
7,"Touch","[]",14716,"[{'y': 80, 'x': 50}, {'y': 76, 'x': 60}]",2057984,"Others on the ball","Germany","1H",1754.026574,72,258948501,,80,50,76,60,1,231,231,"Touch","1970-01-01 00:00:00.000001754","J. Boateng"
8,"High pass","[{'id': 1801}]",14716,"[{'y': 76, 'x': 60}, {'y': 6, 'x': 67}]",2057984,"Pass","Germany","1H",1756.983331,83,258948502,"[1801]",76,60,6,67,1,231,231,"High pass","1970-01-01 00:00:00.000001756","J. Boateng"
8,"Simple pass","[{'id': 1801}]",15125,"[{'y': 6, 'x': 67}, {'y': 6, 'x': 60}]",2057984,"Pass","Germany","1H",1762.675512,85,258948504,"[1801]",6,67,6,60,1,231,231,"Simple pass","1970-01-01 00:00:00.000001762","M. Plattenhardt"
7,"Touch","[]",14723,"[{'y': 6, 'x': 60}, {'y': 25, 'x': 37}]",2057984,"Others on the ball","Germany","1H",1763.362852,72,258948507,,6,60,25,37,1,231,231,"Touch","1970-01-01 00:00:00.000001763","T. Kroos"
8,"Simple pass","[{'id': 1801}]",14723,"[{'y': 25, 'x': 37}, {'y': 64, 'x': 53}]",2057984,"Pass","Germany","1H",1770.728279,85,258948508,"[1801]",25,37,64,53,1,231,231,"Simple pass","1970-01-01 00:00:00.000001770","T. Kroos"
8,"High pass","[{'id': 1801}]",14716,"[{'y': 64, 'x': 53}, {'y': 3, 'x': 91}]",2057984,"Pass","Germany","1H",1774.164995,83,258948510,"[1801]",64,53,3,91,1,231,231,"High pass","1970-01-01 00:00:00.000001774","J. Boateng"
8,"Simple pass","[{'id': 1801}]",14862,"[{'y': 3, 'x': 91}, {'y': 3, 'x': 78}]",2057984,"Pass","Germany","1H",1782.618961,85,258948517,"[1801]",3,91,3,78,1,231,231,"Simple pass","1970-01-01 00:00:00.000001782","J. Draxler"
8,"Simple pass","[{'id': 1801}]",15125,"[{'y': 3, 'x': 78}, {'y': 19, 'x': 75}]",2057984,"Pass","Germany","1H",1784.19283,85,258948518,"[1801]",3,78,19,75,1,231,231,"Simple pass","1970-01-01 00:00:00.000001784","M. Plattenhardt"
8,"Simple pass","[{'id': 1801}]",3319,"[{'y': 19, 'x': 75}, {'y': 8, 'x': 73}]",2057984,"Pass","Germany","1H",1789.403571,85,258948521,"[1801]",19,75,8,73,1,231,231,"Simple pass","1970-01-01 00:00:00.000001789","M. Özil"
8,"Simple pass","[{'id': 1801}]",14862,"[{'y': 8, 'x': 73}, {'y': 17, 'x': 84}]",2057984,"Pass","Germany","1H",1791.724301,85,258948522,"[1801]",8,73,17,84,1,231,231,"Simple pass","1970-01-01 00:00:00.000001791","J. Draxler"
1,"Ground defending duel","[{'id': 702}, {'id': 1801}]",112459,"[{'y': 83, 'x': 16}, {'y': 98, 'x': 24}]",2057984,"Duel","Mexico","1H",1792.417867,12,258948479,"[702, 1801]",83,16,98,24,1,232,232,"Ground defending duel","1970-01-01 00:00:00.000001792","H. Herrera"
1,"Ground attacking duel","[{'id': 702}, {'id': 1801}]",3319,"[{'y': 17, 'x': 84}, {'y': 2, 'x': 76}]",2057984,"Duel","Germany","1H",1792.716696,11,258948524,"[702, 1801]",17,84,2,76,1,233,233,"Ground attacking duel","1970-01-01 00:00:00.000001792","M. Özil"
1,"Ground defending duel","[{'id': 503}, {'id': 703}, {'id': 1801}]",112459,"[{'y': 81, 'x': 23}, {'y': 73, 'x': 23}]",2057984,"Duel","Mexico","1H",1794.297151,12,258948483,"[503, 703, 1801]",81,23,73,23,1,234,234,"Ground defending duel","1970-01-01 00:00:00.000001794","H. Herrera"
8,"Simple pass","[{'id': 1801}]",14862,"[{'y': 2, 'x': 76}, {'y': 19, 'x': 77}]",2057984,"Pass","Germany","1H",1794.913453,85,258948527,"[1801]",2,76,19,77,1,235,235,"Simple pass","1970-01-01 00:00:00.000001794","J. Draxler"
1,"Ground attacking duel","[{'id': 504}, {'id': 701}, {'id': 1802}]",3319,"[{'y': 19, 'x': 77}, {'y': 27, 'x': 77}]",2057984,"Duel","Germany","1H",1795.499947,11,258948528,"[504, 701, 1802]",19,77,27,77,1,235,235,"Ground attacking duel","1970-01-01 00:00:00.000001795","M. Özil"
8,"High pass","[{'id': 1801}]",112777,"[{'y': 73, 'x': 23}, {'y': 61, 'x': 45}]",2057984,"Pass","Mexico","1H",1796.813876,83,258948485,"[1801]",73,23,61,45,1,236,236,"High pass","1970-01-01 00:00:00.000001796","H. Ayala"
1,"Ground loose ball duel","[{'id': 701}, {'id': 1802}]",7941,"[{'y': 61, 'x': 45}, {'y': 52, 'x': 46}]",2057984,"Duel","Mexico","1H",1798.563191,13,258948487,"[701, 1802]",61,45,52,46,1,236,236,"Ground loose ball duel","1970-01-01 00:00:00.000001798","J. Hernández"
1,"Ground loose ball duel","[{'id': 703}, {'id': 1801}]",14716,"[{'y': 39, 'x': 55}, {'y': 48, 'x': 54}]",2057984,"Duel","Germany","1H",1798.847431,13,258948530,"[703, 1801]",39,55,48,54,1,237,237,"Ground loose ball duel","1970-01-01 00:00:00.000001798","J. Boateng"
2,"Foul","[]",7941,"[{'y': 52, 'x': 46}, {'y': 61, 'x': 45}]",2057984,"Foul","Mexico","1H",1800.100001,20,258948489,,52,46,61,45,1,238,238,"Foul","1970-01-01 00:00:00.000001800","J. Hernández"
3,"Free Kick","[{'id': 1801}]",14723,"[{'y': 35, 'x': 55}, {'y': 78, 'x': 66}]",2057984,"Free Kick","Germany","1H",1834.010123,31,258948533,"[1801]",35,55,78,66,1,239,239,"Free Kick","1970-01-01 00:00:00.000001834","T. Kroos"
8,"Simple pass","[{'id': 1801}]",3318,"[{'y': 78, 'x': 66}, {'y': 89, 'x': 85}]",2057984,"Pass","Germany","1H",1837.676535,85,258948535,"[1801]",78,66,89,85,1,239,239,"Simple pass","1970-01-01 00:00:00.000001837","S. Khedira"
1,"Ground defending duel","[{'id': 501}, {'id': 701}, {'id': 1802}]",336178,"[{'y': 11, 'x': 15}, {'y': 12, 'x': 16}]",2057984,"Duel","Mexico","1H",1841.5582,12,258948494,"[501, 701, 1802]",11,15,12,16,1,240,240,"Ground defending duel","1970-01-01 00:00:00.000001841","J. Gallardo"
1,"Ground attacking duel","[{'id': 502}, {'id': 703}, {'id': 1801}]",224593,"[{'y': 89, 'x': 85}, {'y': 88, 'x': 84}]",2057984,"Duel","Germany","1H",1841.568014,11,258948537,"[502, 703, 1801]",89,85,88,84,1,241,241,"Ground attacking duel","1970-01-01 00:00:00.000001841","J. Kimmich"
8,"Cross","[{'id': 401}, {'id': 2101}, {'id': 1802}]",224593,"[{'y': 88, 'x': 84}, {'y': 0, 'x': 0}]",2057984,"Pass","Germany","1H",1843.021721,80,258948539,"[401, 2101, 1802]",88,84,0,0,1,242,242,"Cross","1970-01-01 00:00:00.000001843","J. Kimmich"
7,"Touch","[{'id': 1401}]",336178,"[{'y': 15, 'x': 19}, {'y': 11, 'x': 23}]",2057984,"Others on the ball","Mexico","1H",1844.480712,72,258948496,"[1401]",15,19,11,23,1,243,243,"Touch","1970-01-01 00:00:00.000001844","J. Gallardo"
8,"Simple pass","[{'id': 1801}]",224593,"[{'y': 89, 'x': 77}, {'y': 91, 'x': 72}]",2057984,"Pass","Germany","1H",1846.8332,85,258948543,"[1801]",89,77,91,72,1,244,244,"Simple pass","1970-01-01 00:00:00.000001846","J. Kimmich"
8,"Simple pass","[{'id': 1801}]",14723,"[{'y': 91, 'x': 72}, {'y': 96, 'x': 82}]",2057984,"Pass","Germany","1H",1849.701289,85,258948546,"[1801]",91,72,96,82,1,244,244,"Simple pass","1970-01-01 00:00:00.000001849","T. Kroos"
8,"Simple pass","[{'id': 1801}]",14732,"[{'y': 96, 'x': 82}, {'y': 90, 'x': 62}]",2057984,"Pass","Germany","1H",1852.504552,85,258948548,"[1801]",96,82,90,62,1,244,244,"Simple pass","1970-01-01 00:00:00.000001852","T. Müller"
8,"Simple pass","[{'id': 1801}]",224593,"[{'y': 90, 'x': 62}, {'y': 63, 'x': 47}]",2057984,"Pass","Germany","1H",1854.850845,85,258948549,"[1801]",90,62,63,47,1,244,244,"Simple pass","1970-01-01 00:00:00.000001854","J. Kimmich"
8,"Simple pass","[{'id': 1801}]",14716,"[{'y': 63, 'x': 47}, {'y': 91, 'x': 64}]",2057984,"Pass","Germany","1H",1860.082233,85,258948551,"[1801]",63,47,91,64,1,244,244,"Simple pass","1970-01-01 00:00:00.000001860","J. Boateng"
8,"Simple pass","[{'id': 1801}]",224593,"[{'y': 91, 'x': 64}, {'y': 72, 'x': 67}]",2057984,"Pass","Germany","1H",1863.832904,85,258948553,"[1801]",91,64,72,67,1,244,244,"Simple pass","1970-01-01 00:00:00.000001863","J. Kimmich"
8,"Simple pass","[{'id': 1801}]",3318,"[{'y': 72, 'x': 67}, {'y': 96, 'x': 80}]",2057984,"Pass","Germany","1H",1869.779936,85,258948558,"[1801]",72,67,96,80,1,244,244,"Simple pass","1970-01-01 00:00:00.000001869","S. Khedira"
8,"Simple pass","[{'id': 1801}]",224593,"[{'y': 96, 'x': 80}, {'y': 93, 'x': 95}]",2057984,"Pass","Germany","1H",1872.665187,85,258948561,"[1801]",96,80,93,95,1,244,244,"Simple pass","1970-01-01 00:00:00.000001872","J. Kimmich"
8,"Cross","[{'id': 402}, {'id': 1802}]",14732,"[{'y': 93, 'x': 95}, {'y': 52, 'x': 90}]",2057984,"Pass","Germany","1H",1873.875031,80,258948563,"[402, 1802]",93,95,52,90,1,245,245,"Cross","1970-01-01 00:00:00.000001873","T. Müller"
8,"Hand pass","[{'id': 1801}]",25816,"[{'y': 48, 'x': 10}, {'y': 83, 'x': 22}]",2057984,"Pass","Mexico","1H",1882.183726,81,258948503,"[1801]",48,10,83,22,1,246,246,"Hand pass","1970-01-01 00:00:00.000001882","G. Ochoa"
8,"Simple pass","[{'id': 1801}]",112777,"[{'y': 83, 'x': 22}, {'y': 78, 'x': 22}]",2057984,"Pass","Mexico","1H",1886.596996,85,258948505,"[1801]",83,22,78,22,1,246,246,"Simple pass","1970-01-01 00:00:00.000001886","H. Ayala"
8,"High pass","[{'id': 1801}]",255387,"[{'y': 78, 'x': 22}, {'y': 86, 'x': 38}]",2057984,"Pass","Mexico","1H",1890.91098,83,258948506,"[1801]",78,22,86,38,1,246,246,"High pass","1970-01-01 00:00:00.000001890","C. Salcedo"
1,"Ground loose ball duel","[{'id': 703}, {'id': 1801}]",14795,"[{'y': 14, 'x': 62}, {'y': 17, 'x': 56}]",2057984,"Duel","Germany","1H",1892.376304,13,258948568,"[703, 1801]",14,62,17,56,1,247,247,"Ground loose ball duel","1970-01-01 00:00:00.000001892","M. Hummels"
1,"Ground loose ball duel","[{'id': 701}, {'id': 1802}]",3685,"[{'y': 86, 'x': 38}, {'y': 83, 'x': 44}]",2057984,"Duel","Mexico","1H",1893.038518,13,258948509,"[701, 1802]",86,38,83,44,1,248,248,"Ground loose ball duel","1970-01-01 00:00:00.000001893","C. Vela"
8,"Head pass","[{'id': 1801}]",14795,"[{'y': 17, 'x': 56}, {'y': 18, 'x': 66}]",2057984,"Pass","Germany","1H",1893.269108,82,259333336,"[1801]",17,56,18,66,1,249,249,"Head pass","1970-01-01 00:00:00.000001893","M. Hummels"
8,"Simple pass","[{'id': 1801}]",14723,"[{'y': 18, 'x': 66}, {'y': 5, 'x': 72}]",2057984,"Pass","Germany","1H",1894.81579,85,258948570,"[1801]",18,66,5,72,1,249,249,"Simple pass","1970-01-01 00:00:00.000001894","T. Kroos"
8,"Simple pass","[{'id': 1801}]",14795,"[{'y': 5, 'x': 72}, {'y': 5, 'x': 76}]",2057984,"Pass","Germany","1H",1896.720399,85,258948571,"[1801]",5,72,5,76,1,249,249,"Simple pass","1970-01-01 00:00:00.000001896","M. Hummels"
1,"Ground defending duel","[{'id': 702}, {'id': 1801}]",112459,"[{'y': 95, 'x': 24}, {'y': 100, 'x': 32}]",2057984,"Duel","Mexico","1H",1897.640993,12,258948511,"[702, 1801]",95,24,100,32,1,250,250,"Ground defending duel","1970-01-01 00:00:00.000001897","H. Herrera"
1,"Ground attacking duel","[{'id': 702}, {'id': 1801}]",3319,"[{'y': 5, 'x': 76}, {'y': 0, 'x': 68}]",2057984,"Duel","Germany","1H",1899.000882,11,258948573,"[702, 1801]",5,76,0,68,1,251,251,"Ground attacking duel","1970-01-01 00:00:00.000001899","M. Özil"
3,"Throw in","[{'id': 1801}]",255387,"[{'y': 100, 'x': 32}, {'y': 83, 'x': 35}]",2057984,"Free Kick","Mexico","1H",1921.564147,36,258948516,"[1801]",100,32,83,35,1,252,252,"Throw in","1970-01-01 00:00:00.000001921","C. Salcedo"
8,"Head pass","[{'id': 1802}]",7941,"[{'y': 83, 'x': 35}, {'y': 85, 'x': 53}]",2057984,"Pass","Mexico","1H",1923.366464,82,258948519,"[1802]",83,35,85,53,1,253,253,"Head pass","1970-01-01 00:00:00.000001923","J. Hernández"
8,"Launch","[{'id': 1802}]",14716,"[{'y': 15, 'x': 47}, {'y': 48, 'x': 77}]",2057984,"Pass","Germany","1H",1924.675518,84,258948577,"[1802]",15,47,48,77,1,254,254,"Launch","1970-01-01 00:00:00.000001924","J. Boateng"
8,"Head pass","[{'id': 1801}]",3795,"[{'y': 52, 'x': 23}, {'y': 44, 'x': 14}]",2057984,"Pass","Mexico","1H",1926.921051,82,258948520,"[1801]",52,23,44,14,1,255,255,"Head pass","1970-01-01 00:00:00.000001926","H. Moreno"
8,"Hand pass","[{'id': 1801}]",25816,"[{'y': 44, 'x': 14}, {'y': 9, 'x': 29}]",2057984,"Pass","Mexico","1H",1933.521908,81,258948523,"[1801]",44,14,9,29,1,255,255,"Hand pass","1970-01-01 00:00:00.000001933","G. Ochoa"
7,"Touch","[]",3795,"[{'y': 9, 'x': 29}, {'y': 8, 'x': 41}]",2057984,"Others on the ball","Mexico","1H",1935.733665,72,258948525,,9,29,8,41,1,255,255,"Touch","1970-01-01 00:00:00.000001935","H. Moreno"
8,"Simple pass","[{'id': 1801}]",3795,"[{'y': 8, 'x': 41}, {'y': 21, 'x': 65}]",2057984,"Pass","Mexico","1H",1940.723443,85,258948526,"[1801]",8,41,21,65,1,255,255,"Simple pass","1970-01-01 00:00:00.000001940","H. Moreno"
8,"Simple pass","[{'id': 1801}]",295156,"[{'y': 21, 'x': 65}, {'y': 50, 'x': 71}]",2057984,"Pass","Mexico","1H",1944.49378,85,258948529,"[1801]",21,65,50,71,1,255,255,"Simple pass","1970-01-01 00:00:00.000001944","H. Lozano"
8,"Simple pass","[{'id': 1801}]",7941,"[{'y': 50, 'x': 71}, {'y': 81, 'x': 74}]",2057984,"Pass","Mexico","1H",1947.741526,85,258948531,"[1801]",50,71,81,74,1,255,255,"Simple pass","1970-01-01 00:00:00.000001947","J. Hernández"
8,"Simple pass","[{'id': 1801}]",112366,"[{'y': 81, 'x': 74}, {'y': 70, 'x': 67}]",2057984,"Pass","Mexico","1H",1950.953685,85,258948532,"[1801]",81,74,70,67,1,255,255,"Simple pass","1970-01-01 00:00:00.000001950","M. Layún"
8,"Simple pass","[{'id': 1801}]",112459,"[{'y': 70, 'x': 67}, {'y': 76, 'x': 75}]",2057984,"Pass","Mexico","1H",1953.355937,85,258948534,"[1801]",70,67,76,75,1,255,255,"Simple pass","1970-01-01 00:00:00.000001953","H. Herrera"
1,"Ground attacking duel","[{'id': 702}, {'id': 1801}]",3685,"[{'y': 76, 'x': 75}, {'y': 67, 'x': 73}]",2057984,"Duel","Mexico","1H",1956.335286,11,258948536,"[702, 1801]",76,75,67,73,1,255,255,"Ground attacking duel","1970-01-01 00:00:00.000001956","C. Vela"
1,"Ground defending duel","[{'id': 702}, {'id': 1801}]",14795,"[{'y': 24, 'x': 25}, {'y': 33, 'x': 27}]",2057984,"Duel","Germany","1H",1956.741739,12,258948583,"[702, 1801]",24,25,33,27,1,256,256,"Ground defending duel","1970-01-01 00:00:00.000001956","M. Hummels"
1,"Ground attacking duel","[{'id': 702}, {'id': 1801}]",3685,"[{'y': 67, 'x': 73}, {'y': 71, 'x': 70}]",2057984,"Duel","Mexico","1H",1959.406254,11,258948538,"[702, 1801]",67,73,71,70,1,257,257,"Ground attacking duel","1970-01-01 00:00:00.000001959","C. Vela"
1,"Ground defending duel","[{'id': 702}, {'id': 1801}]",14723,"[{'y': 33, 'x': 27}, {'y': 29, 'x': 30}]",2057984,"Duel","Germany","1H",1959.743159,12,258948585,"[702, 1801]",33,27,29,30,1,258,258,"Ground defending duel","1970-01-01 00:00:00.000001959","T. Kroos"
8,"Simple pass","[{'id': 1801}]",3685,"[{'y': 71, 'x': 70}, {'y': 84, 'x': 63}]",2057984,"Pass","Mexico","1H",1961.276492,85,258948540,"[1801]",71,70,84,63,1,259,259,"Simple pass","1970-01-01 00:00:00.000001961","C. Vela"
8,"Simple pass","[{'id': 1801}]",255387,"[{'y': 84, 'x': 63}, {'y': 58, 'x': 67}]",2057984,"Pass","Mexico","1H",1962.199346,85,258948541,"[1801]",84,63,58,67,1,259,259,"Simple pass","1970-01-01 00:00:00.000001962","C. Salcedo"
8,"High pass","[{'id': 1801}]",3384,"[{'y': 58, 'x': 67}, {'y': 13, 'x': 87}]",2057984,"Pass","Mexico","1H",1964.141965,83,258948542,"[1801]",58,67,13,87,1,259,259,"High pass","1970-01-01 00:00:00.000001964","A. Guardado"
1,"Ground attacking duel","[{'id': 502}, {'id': 703}, {'id': 1801}]",336178,"[{'y': 13, 'x': 87}, {'y': 11, 'x': 93}]",2057984,"Duel","Mexico","1H",1969.357584,11,258948544,"[502, 703, 1801]",13,87,11,93,1,259,259,"Ground attacking duel","1970-01-01 00:00:00.000001969","J. Gallardo"
1,"Ground defending duel","[{'id': 501}, {'id': 701}, {'id': 1802}]",224593,"[{'y': 87, 'x': 13}, {'y': 89, 'x': 7}]",2057984,"Duel","Germany","1H",1969.743558,12,258948587,"[501, 701, 1802]",87,13,89,7,1,260,260,"Ground defending duel","1970-01-01 00:00:00.000001969","J. Kimmich"
8,"Cross","[{'id': 401}, {'id': 1802}]",336178,"[{'y': 11, 'x': 93}, {'y': 41, 'x': 93}]",2057984,"Pass","Mexico","1H",1970.36814,80,258948545,"[401, 1802]",11,93,41,93,1,261,261,"Cross","1970-01-01 00:00:00.000001970","J. Gallardo"
7,"Clearance","[{'id': 1401}, {'id': 1801}]",14716,"[{'y': 59, 'x': 7}, {'y': 60, 'x': 13}]",2057984,"Others on the ball","Germany","1H",1971.068374,71,258948588,"[1401, 1801]",59,7,60,13,1,262,262,"Clearance","1970-01-01 00:00:00.000001971","J. Boateng"
8,"Simple pass","[{'id': 1801}]",14723,"[{'y': 60, 'x': 13}, {'y': 71, 'x': 6}]",2057984,"Pass","Germany","1H",1974.433138,85,258948591,"[1801]",60,13,71,6,1,262,262,"Simple pass","1970-01-01 00:00:00.000001974","T. Kroos"
7,"Clearance","[{'id': 1802}]",224593,"[{'y': 71, 'x': 6}, {'y': 50, 'x': 54}]",2057984,"Others on the ball","Germany","1H",1977.015615,71,258948594,"[1802]",71,6,50,54,1,262,262,"Clearance","1970-01-01 00:00:00.000001977","J. Kimmich"
8,"Simple pass","[{'id': 1801}]",112777,"[{'y': 50, 'x': 46}, {'y': 23, 'x': 41}]",2057984,"Pass","Mexico","1H",1981.775299,85,258948550,"[1801]",50,46,23,41,1,263,263,"Simple pass","1970-01-01 00:00:00.000001981","H. Ayala"
8,"Simple pass","[{'id': 1801}]",3795,"[{'y': 23, 'x': 41}, {'y': 39, 'x': 56}]",2057984,"Pass","Mexico","1H",1983.919632,85,258948552,"[1801]",23,41,39,56,1,263,263,"Simple pass","1970-01-01 00:00:00.000001983","H. Moreno"
8,"Simple pass","[{'id': 1801}]",3384,"[{'y': 39, 'x': 56}, {'y': 19, 'x': 36}]",2057984,"Pass","Mexico","1H",1985.984695,85,258948554,"[1801]",39,56,19,36,1,263,263,"Simple pass","1970-01-01 00:00:00.000001985","A. Guardado"
8,"Simple pass","[{'id': 1801}]",3795,"[{'y': 19, 'x': 36}, {'y': 8, 'x': 43}]",2057984,"Pass","Mexico","1H",1989.287854,85,258948555,"[1801]",19,36,8,43,1,263,263,"Simple pass","1970-01-01 00:00:00.000001989","H. Moreno"
8,"Simple pass","[{'id': 1801}]",336178,"[{'y': 8, 'x': 43}, {'y': 14, 'x': 32}]",2057984,"Pass","Mexico","1H",1991.234013,85,258948557,"[1801]",8,43,14,32,1,263,263,"Simple pass","1970-01-01 00:00:00.000001991","J. Gallardo"
8,"Simple pass","[{'id': 1801}]",3795,"[{'y': 14, 'x': 32}, {'y': 62, 'x': 27}]",2057984,"Pass","Mexico","1H",1994.505124,85,258948559,"[1801]",14,32,62,27,1,263,263,"Simple pass","1970-01-01 00:00:00.000001994","H. Moreno"
7,"Touch","[]",112777,"[{'y': 62, 'x': 27}, {'y': 72, 'x': 41}]",2057984,"Others on the ball","Mexico","1H",1997.752456,72,258948562,,62,27,72,41,1,263,263,"Touch","1970-01-01 00:00:00.000001997","H. Ayala"
8,"Simple pass","[{'id': 1801}]",112777,"[{'y': 72, 'x': 41}, {'y': 84, 'x': 32}]",2057984,"Pass","Mexico","1H",2002.980694,85,258948564,"[1801]",72,41,84,32,1,263,263,"Simple pass","1970-01-01 00:00:00.000002002","H. Ayala"
8,"Simple pass","[{'id': 1801}]",255387,"[{'y': 84, 'x': 32}, {'y': 91, 'x': 60}]",2057984,"Pass","Mexico","1H",2005.416472,85,258948565,"[1801]",84,32,91,60,1,263,263,"Simple pass","1970-01-01 00:00:00.000002005","C. Salcedo"
1,"Ground defending duel","[{'id': 703}, {'id': 1801}]",14862,"[{'y': 9, 'x': 40}, {'y': 9, 'x': 38}]",2057984,"Duel","Germany","1H",2008.965786,12,258948597,"[703, 1801]",9,40,9,38,1,264,264,"Ground defending duel","1970-01-01 00:00:00.000002008","J. Draxler"
1,"Ground attacking duel","[{'id': 701}, {'id': 1802}]",112366,"[{'y': 91, 'x': 60}, {'y': 91, 'x': 62}]",2057984,"Duel","Mexico","1H",2009.05898,11,258948567,"[701, 1802]",91,60,91,62,1,265,265,"Ground attacking duel","1970-01-01 00:00:00.000002009","M. Layún"
8,"Simple pass","[{'id': 1801}]",14862,"[{'y': 9, 'x': 38}, {'y': 25, 'x': 38}]",2057984,"Pass","Germany","1H",2010.528409,85,258948599,"[1801]",9,38,25,38,1,266,266,"Simple pass","1970-01-01 00:00:00.000002010","J. Draxler"
8,"Simple pass","[{'id': 1801}]",14723,"[{'y': 25, 'x': 38}, {'y': 50, 'x': 55}]",2057984,"Pass","Germany","1H",2012.919443,85,258948600,"[1801]",25,38,50,55,1,266,266,"Simple pass","1970-01-01 00:00:00.000002012","T. Kroos"
7,"Touch","[{'id': 1302}]",14732,"[{'y': 50, 'x': 55}, {'y': 54, 'x': 65}]",2057984,"Others on the ball","Germany","1H",2014.283909,72,258948603,"[1302]",50,55,54,65,1,266,266,"Touch","1970-01-01 00:00:00.000002014","T. Müller"
1,"Ground attacking duel","[{'id': 504}, {'id': 602}, {'id': 703}, {'id': 1801}]",336178,"[{'y': 46, 'x': 35}, {'y': 49, 'x': 46}]",2057984,"Duel","Mexico","1H",2015.3512,11,258948569,"[504, 602, 703, 1801]",46,35,49,46,1,267,267,"Ground attacking duel","1970-01-01 00:00:00.000002015","J. Gallardo"
1,"Ground defending duel","[{'id': 503}, {'id': 601}, {'id': 701}, {'id': 1802}]",14732,"[{'y': 54, 'x': 65}, {'y': 51, 'x': 54}]",2057984,"Duel","Germany","1H",2015.794579,12,258948604,"[503, 601, 701, 1802]",54,65,51,54,1,268,268,"Ground defending duel","1970-01-01 00:00:00.000002015","T. Müller"
8,"Simple pass","[{'id': 1801}]",336178,"[{'y': 49, 'x': 46}, {'y': 59, 'x': 47}]",2057984,"Pass","Mexico","1H",2018.560135,85,258948572,"[1801]",49,46,59,47,1,269,269,"Simple pass","1970-01-01 00:00:00.000002018","J. Gallardo"
1,"Ground attacking duel","[{'id': 502}, {'id': 703}, {'id': 1801}]",112459,"[{'y': 59, 'x': 47}, {'y': 51, 'x': 57}]",2057984,"Duel","Mexico","1H",2020.632321,11,258948574,"[502, 703, 1801]",59,47,51,57,1,269,269,"Ground attacking duel","1970-01-01 00:00:00.000002020","H. Herrera"
1,"Ground defending duel","[{'id': 501}, {'id': 701}, {'id': 1802}]",14723,"[{'y': 41, 'x': 53}, {'y': 49, 'x': 43}]",2057984,"Duel","Germany","1H",2020.690119,12,258948605,"[501, 701, 1802]",41,53,49,43,1,270,270,"Ground defending duel","1970-01-01 00:00:00.000002020","T. Kroos"
8,"Simple pass","[{'id': 1801}]",112459,"[{'y': 51, 'x': 57}, {'y': 36, 'x': 71}]",2057984,"Pass","Mexico","1H",2023.376024,85,258948575,"[1801]",51,57,36,71,1,271,271,"Simple pass","1970-01-01 00:00:00.000002023","H. Herrera"
8,"Smart pass","[{'id': 901}, {'id': 1801}]",3685,"[{'y': 36, 'x': 71}, {'y': 53, 'x': 88}]",2057984,"Pass","Mexico","1H",2025.755167,86,258948576,"[901, 1801]",36,71,53,88,1,271,271,"Smart pass","1970-01-01 00:00:00.000002025","C. Vela"
7,"Touch","[{'id': 201}, {'id': 1302}]",112366,"[{'y': 53, 'x': 88}, {'y': 32, 'x': 53}]",2057984,"Others on the ball","Mexico","1H",2027.17583,72,258948580,"[201, 1302]",53,88,32,53,1,271,271,"Touch","1970-01-01 00:00:00.000002027","M. Layún"
7,"Touch","[{'id': 1401}]",14712,"[{'y': 33, 'x': 6}, {'y': 68, 'x': 47}]",2057984,"Others on the ball","Germany","1H",2028.751444,72,258948609,"[1401]",33,6,68,47,1,272,272,"Touch","1970-01-01 00:00:00.000002028","M. Neuer"
8,"Simple pass","[{'id': 1801}]",3319,"[{'y': 68, 'x': 47}, {'y': 93, 'x': 59}]",2057984,"Pass","Germany","1H",2050.416834,85,258948610,"[1801]",68,47,93,59,1,272,272,"Simple pass","1970-01-01 00:00:00.000002050","M. Özil"
8,"Simple pass","[{'id': 1801}]",224593,"[{'y': 93, 'x': 59}, {'y': 68, 'x': 48}]",2057984,"Pass","Germany","1H",2052.256851,85,258948611,"[1801]",93,59,68,48,1,272,272,"Simple pass","1970-01-01 00:00:00.000002052","J. Kimmich"
8,"Simple pass","[{'id': 1801}]",3319,"[{'y': 68, 'x': 48}, {'y': 72, 'x': 63}]",2057984,"Pass","Germany","1H",2056.742012,85,258948612,"[1801]",68,48,72,63,1,272,272,"Simple pass","1970-01-01 00:00:00.000002056","M. Özil"
8,"Simple pass","[{'id': 1801}]",14732,"[{'y': 72, 'x': 63}, {'y': 61, 'x': 67}]",2057984,"Pass","Germany","1H",2057.496248,85,258948613,"[1801]",72,63,61,67,1,272,272,"Simple pass","1970-01-01 00:00:00.000002057","T. Müller"
1,"Ground defending duel","[{'id': 1901}, {'id': 1601}, {'id': 703}, {'id': 1801}]",112459,"[{'y': 39, 'x': 33}, {'y': 33, 'x': 29}]",2057984,"Duel","Mexico","1H",2059.218352,12,258948584,"[1901, 1601, 703, 1801]",39,33,33,29,1,273,273,"Ground defending duel","1970-01-01 00:00:00.000002059","H. Herrera"
1,"Ground attacking duel","[{'id': 701}, {'id': 1802}]",3318,"[{'y': 61, 'x': 67}, {'y': 67, 'x': 71}]",2057984,"Duel","Germany","1H",2059.260469,11,258948614,"[701, 1802]",61,67,67,71,1,274,274,"Ground attacking duel","1970-01-01 00:00:00.000002059","S. Khedira"
8,"Simple pass","[{'id': 1901}, {'id': 1801}]",3795,"[{'y': 33, 'x': 29}, {'y': 50, 'x': 49}]",2057984,"Pass","Mexico","1H",2062.023747,85,258948586,"[1901, 1801]",33,29,50,49,1,275,275,"Simple pass","1970-01-01 00:00:00.000002062","H. Moreno"
8,"Simple pass","[{'id': 1901}, {'id': 1801}]",7941,"[{'y': 50, 'x': 49}, {'y': 46, 'x': 54}]",2057984,"Pass","Mexico","1H",2063.794366,85,258948589,"[1901, 1801]",50,49,46,54,1,275,275,"Simple pass","1970-01-01 00:00:00.000002063","J. Hernández"
8,"Simple pass","[{'id': 1901}, {'id': 1801}]",3384,"[{'y': 46, 'x': 54}, {'y': 56, 'x': 72}]",2057984,"Pass","Mexico","1H",2065.69181,85,258948592,"[1901, 1801]",46,54,56,72,1,275,275,"Simple pass","1970-01-01 00:00:00.000002065","A. Guardado"
8,"Simple pass","[{'id': 301}, {'id': 1901}, {'id': 1801}]",7941,"[{'y': 56, 'x': 72}, {'y': 33, 'x': 87}]",2057984,"Pass","Mexico","1H",2067.381679,85,258948595,"[301, 1901, 1801]",56,72,33,87,1,275,275,"Simple pass","1970-01-01 00:00:00.000002067","J. Hernández"
1,"Ground attacking duel","[{'id': 1901}, {'id': 504}, {'id': 703}, {'id': 1801}]",295156,"[{'y': 33, 'x': 87}, {'y': 40, 'x': 90}]",2057984,"Duel","Mexico","1H",2070.723123,11,258948596,"[1901, 504, 703, 1801]",33,87,40,90,1,275,275,"Ground attacking duel","1970-01-01 00:00:00.000002070","H. Lozano"
1,"Ground defending duel","[{'id': 503}, {'id': 701}, {'id': 1802}]",3319,"[{'y': 67, 'x': 13}, {'y': 60, 'x': 10}]",2057984,"Duel","Germany","1H",2070.789034,12,258948624,"[503, 701, 1802]",67,13,60,10,1,276,276,"Ground defending duel","1970-01-01 00:00:00.000002070","M. Özil"
11,"Goal","[{'id': 101}, {'id': 1901}, {'id': 402}, {'id': 201}, {'id': 1205}, {'id': 1801}]",295156,"[{'y': 40, 'x': 90}, {'y': 100, 'x': 100}]",2057984,"Goal","Mexico","1H",2072.423392,101,258948598,"[101, 1901, 402, 201, 1205, 1801]",40,90,100,100,1,276,276,"Goal","1970-01-01 00:00:00.000002072","H. Lozano"
9,"Reflexes","[{'id': 101}, {'id': 1205}, {'id': 1802}]",14712,"[{'y': 0, 'x': 0}, {'y': 60, 'x': 10}]",2057984,"Save attempt","Germany","1H",2074.170742,90,258948627,"[101, 1205, 1802]",0,0,60,10,1,278,278,"Reflexes","1970-01-01 00:00:00.000002074","M. Neuer"
8,"Simple pass","[{'id': 1801}]",3319,"[{'y': 49, 'x': 51}, {'y': 51, 'x': 45}]",2057984,"Pass","Germany","1H",2148.592402,85,258948629,"[1801]",49,51,51,45,1,278,278,"Simple pass","1970-01-01 00:00:00.000002148","M. Özil"
8,"Simple pass","[{'id': 1801}]",14723,"[{'y': 51, 'x': 45}, {'y': 74, 'x': 52}]",2057984,"Pass","Germany","1H",2151.976863,85,258948630,"[1801]",51,45,74,52,1,278,278,"Simple pass","1970-01-01 00:00:00.000002151","T. Kroos"
8,"Simple pass","[{'id': 1801}]",3318,"[{'y': 74, 'x': 52}, {'y': 91, 'x': 59}]",2057984,"Pass","Germany","1H",2154.931577,85,258948631,"[1801]",74,52,91,59,1,278,278,"Simple pass","1970-01-01 00:00:00.000002154","S. Khedira"
8,"Simple pass","[{'id': 1801}]",224593,"[{'y': 91, 'x': 59}, {'y': 73, 'x': 45}]",2057984,"Pass","Germany","1H",2157.16357,85,258948632,"[1801]",91,59,73,45,1,278,278,"Simple pass","1970-01-01 00:00:00.000002157","J. Kimmich"
8,"Simple pass","[{'id': 1801}]",3318,"[{'y': 73, 'x': 45}, {'y': 63, 'x': 35}]",2057984,"Pass","Germany","1H",2159.288014,85,258948633,"[1801]",73,45,63,35,1,278,278,"Simple pass","1970-01-01 00:00:00.000002159","S. Khedira"
7,"Touch","[]",14716,"[{'y': 63, 'x': 35}, {'y': 54, 'x': 54}]",2057984,"Others on the ball","Germany","1H",2160.327747,72,258948634,,63,35,54,54,1,278,278,"Touch","1970-01-01 00:00:00.000002160","J. Boateng"
8,"High pass","[{'id': 1801}]",14716,"[{'y': 54, 'x': 54}, {'y': 4, 'x': 66}]",2057984,"Pass","Germany","1H",2166.040449,83,258948635,"[1801]",54,54,4,66,1,278,278,"High pass","1970-01-01 00:00:00.000002166","J. Boateng"
1,"Ground defending duel","[{'id': 504}, {'id': 701}, {'id': 1802}]",112366,"[{'y': 96, 'x': 34}, {'y': 92, 'x': 40}]",2057984,"Duel","Mexico","1H",2169.655842,12,258948615,"[504, 701, 1802]",96,34,92,40,1,279,279,"Ground defending duel","1970-01-01 00:00:00.000002169","M. Layún"
1,"Ground attacking duel","[{'id': 503}, {'id': 703}, {'id': 1801}]",15125,"[{'y': 4, 'x': 66}, {'y': 8, 'x': 60}]",2057984,"Duel","Germany","1H",2169.785082,11,258948636,"[503, 703, 1801]",4,66,8,60,1,280,280,"Ground attacking duel","1970-01-01 00:00:00.000002169","M. Plattenhardt"
2,"Foul","[]",112366,"[{'y': 92, 'x': 40}, {'y': 96, 'x': 34}]",2057984,"Foul","Mexico","1H",2172.20986,20,258948616,,92,40,96,34,1,281,281,"Foul","1970-01-01 00:00:00.000002172","M. Layún"
3,"Free Kick","[{'id': 1801}]",14723,"[{'y': 2, 'x': 64}, {'y': 13, 'x': 64}]",2057984,"Free Kick","Germany","1H",2182.009952,31,258948640,"[1801]",2,64,13,64,1,282,282,"Free Kick","1970-01-01 00:00:00.000002182","T. Kroos"
8,"Simple pass","[{'id': 1801}]",3319,"[{'y': 13, 'x': 64}, {'y': 9, 'x': 54}]",2057984,"Pass","Germany","1H",2183.10655,85,258948641,"[1801]",13,64,9,54,1,282,282,"Simple pass","1970-01-01 00:00:00.000002183","M. Özil"
8,"Simple pass","[{'id': 1801}]",14723,"[{'y': 9, 'x': 54}, {'y': 53, 'x': 44}]",2057984,"Pass","Germany","1H",2185.779546,85,258948642,"[1801]",9,54,53,44,1,282,282,"Simple pass","1970-01-01 00:00:00.000002185","T. Kroos"
7,"Touch","[]",14716,"[{'y': 53, 'x': 44}, {'y': 47, 'x': 56}]",2057984,"Others on the ball","Germany","1H",2187.814037,72,258948644,,53,44,47,56,1,282,282,"Touch","1970-01-01 00:00:00.000002187","J. Boateng"
8,"High pass","[{'id': 1801}]",14716,"[{'y': 47, 'x': 56}, {'y': 2, 'x': 80}]",2057984,"Pass","Germany","1H",2191.448997,83,258948645,"[1801]",47,56,2,80,1,282,282,"High pass","1970-01-01 00:00:00.000002191","J. Boateng"
8,"Cross","[{'id': 401}, {'id': 801}, {'id': 1801}]",15125,"[{'y': 2, 'x': 80}, {'y': 40, 'x': 91}]",2057984,"Pass","Germany","1H",2195.438855,80,258948647,"[401, 801, 1801]",2,80,40,91,1,282,282,"Cross","1970-01-01 00:00:00.000002195","M. Plattenhardt"
1,"Air duel","[{'id': 703}, {'id': 1801}]",112777,"[{'y': 60, 'x': 9}, {'y': 39, 'x': 9}]",2057984,"Duel","Mexico","1H",2196.203477,10,258948621,"[703, 1801]",60,9,39,9,1,283,283,"Air duel","1970-01-01 00:00:00.000002196","H. Ayala"
1,"Air duel","[{'id': 701}, {'id': 1802}]",173214,"[{'y': 40, 'x': 91}, {'y': 61, 'x': 91}]",2057984,"Duel","Germany","1H",2196.550717,10,258948648,"[701, 1802]",40,91,61,91,1,284,284,"Air duel","1970-01-01 00:00:00.000002196","T. Werner"
1,"Ground defending duel","[{'id': 501}, {'id': 702}, {'id': 1801}]",336178,"[{'y': 39, 'x': 9}, {'y': 44, 'x': 10}]",2057984,"Duel","Mexico","1H",2198.266681,12,258948623,"[501, 702, 1801]",39,9,44,10,1,285,285,"Ground defending duel","1970-01-01 00:00:00.000002198","J. Gallardo"
1,"Ground attacking duel","[{'id': 502}, {'id': 702}, {'id': 1801}]",14862,"[{'y': 61, 'x': 91}, {'y': 56, 'x': 90}]",2057984,"Duel","Germany","1H",2198.735101,11,258948649,"[502, 702, 1801]",61,91,56,90,1,286,286,"Ground attacking duel","1970-01-01 00:00:00.000002198","J. Draxler"
1,"Ground loose ball duel","[{'id': 703}, {'id': 1801}]",112777,"[{'y': 44, 'x': 10}, {'y': 43, 'x': 11}]",2057984,"Duel","Mexico","1H",2199.473912,13,258948625,"[703, 1801]",44,10,43,11,1,287,287,"Ground loose ball duel","1970-01-01 00:00:00.000002199","H. Ayala"
1,"Ground loose ball duel","[{'id': 701}, {'id': 1802}]",14862,"[{'y': 56, 'x': 90}, {'y': 57, 'x': 89}]",2057984,"Duel","Germany","1H",2199.700935,13,258948650,"[701, 1802]",56,90,57,89,1,288,288,"Ground loose ball duel","1970-01-01 00:00:00.000002199","J. Draxler"
7,"Clearance","[{'id': 1802}]",112777,"[{'y': 43, 'x': 11}, {'y': 57, 'x': 14}]",2057984,"Others on the ball","Mexico","1H",2200.502648,71,258948626,"[1802]",43,11,57,14,1,289,289,"Clearance","1970-01-01 00:00:00.000002200","H. Ayala"
8,"Simple pass","[{'id': 1801}]",3319,"[{'y': 43, 'x': 86}, {'y': 61, 'x': 88}]",2057984,"Pass","Germany","1H",2201.072399,85,258948652,"[1801]",43,86,61,88,1,290,290,"Simple pass","1970-01-01 00:00:00.000002201","M. Özil"
10,"Shot","[{'id': 402}, {'id': 2101}, {'id': 1802}]",3318,"[{'y': 61, 'x': 88}, {'y': 0, 'x': 0}]",2057984,"Shot","Germany","1H",2201.979591,100,258948653,"[402, 2101, 1802]",61,88,0,0,1,290,290,"Shot","1970-01-01 00:00:00.000002201","S. Khedira"
7,"Touch","[{'id': 1401}]",336178,"[{'y': 40, 'x': 13}, {'y': 36, 'x': 18}]",2057984,"Others on the ball","Mexico","1H",2203.396595,72,258948628,"[1401]",40,13,36,18,1,291,291,"Touch","1970-01-01 00:00:00.000002203","J. Gallardo"
7,"Touch","[{'id': 1302}]",295156,"[{'y': 36, 'x': 18}, {'y': 40, 'x': 22}]",2057984,"Others on the ball","Mexico","1H",2203.696621,72,258949897,"[1302]",36,18,40,22,1,291,291,"Touch","1970-01-01 00:00:00.000002203","H. Lozano"
1,"Ground attacking duel","[{'id': 502}, {'id': 703}, {'id': 1801}]",224593,"[{'y': 60, 'x': 78}, {'y': 60, 'x': 79}]",2057984,"Duel","Germany","1H",2204.40592,11,258948654,"[502, 703, 1801]",60,78,60,79,1,292,292,"Ground attacking duel","1970-01-01 00:00:00.000002204","J. Kimmich"
1,"Ground defending duel","[{'id': 501}, {'id': 701}, {'id': 1802}]",295156,"[{'y': 40, 'x': 22}, {'y': 40, 'x': 21}]",2057984,"Duel","Mexico","1H",2204.40592,12,258949898,"[501, 701, 1802]",40,22,40,21,1,293,293,"Ground defending duel","1970-01-01 00:00:00.000002204","H. Lozano"
2,"Foul","[]",295156,"[{'y': 40, 'x': 21}, {'y': 40, 'x': 22}]",2057984,"Foul","Mexico","1H",2204.861309,20,258949899,,40,21,40,22,1,293,293,"Foul","1970-01-01 00:00:00.000002204","H. Lozano"
3,"Free kick shot","[{'id': 402}, {'id': 1101}, {'id': 201}, {'id': 1209}, {'id': 1801}]",14723,"[{'y': 61, 'x': 78}, {'y': 0, 'x': 0}]",2057984,"Free Kick","Germany","1H",2281.789357,33,258948656,"[402, 1101, 201, 1209, 1801]",61,78,0,0,1,294,294,"Free kick shot","1970-01-01 00:00:00.000002281","T. Kroos"
9,"Save attempt","[{'id': 1209}, {'id': 1801}]",25816,"[{'y': 100, 'x': 100}, {'y': 39, 'x': 22}]",2057984,"Save attempt","Mexico","1H",2284.194139,91,258948651,"[1209, 1801]",100,100,39,22,1,295,295,"Save attempt","1970-01-01 00:00:00.000002284","G. Ochoa"
7,"Clearance","[{'id': 1802}]",7941,"[{'y': 49, 'x': 12}, {'y': 37, 'x': 12}]",2057984,"Others on the ball","Mexico","1H",2285.341626,71,258948637,"[1802]",49,12,37,12,1,295,295,"Clearance","1970-01-01 00:00:00.000002285","J. Hernández"
8,"Head pass","[{'id': 1802}]",224593,"[{'y': 63, 'x': 88}, {'y': 49, 'x': 83}]",2057984,"Pass","Germany","1H",2287.402825,82,258948658,"[1802]",63,88,49,83,1,296,296,"Head pass","1970-01-01 00:00:00.000002287","J. Kimmich"
7,"Clearance","[{'id': 1802}]",7941,"[{'y': 51, 'x': 17}, {'y': 41, 'x': 27}]",2057984,"Others on the ball","Mexico","1H",2288.731324,71,258948638,"[1802]",51,17,41,27,1,297,297,"Clearance","1970-01-01 00:00:00.000002288","J. Hernández"
8,"Simple pass","[{'id': 1801}]",14723,"[{'y': 59, 'x': 73}, {'y': 71, 'x': 80}]",2057984,"Pass","Germany","1H",2290.000233,85,258948660,"[1801]",59,73,71,80,1,298,298,"Simple pass","1970-01-01 00:00:00.000002290","T. Kroos"
8,"Simple pass","[{'id': 1801}]",224593,"[{'y': 71, 'x': 80}, {'y': 84, 'x': 91}]",2057984,"Pass","Germany","1H",2291.752672,85,258948661,"[1801]",71,80,84,91,1,298,298,"Simple pass","1970-01-01 00:00:00.000002291","J. Kimmich"
8,"Cross","[{'id': 402}, {'id': 801}, {'id': 1801}]",14732,"[{'y': 84, 'x': 91}, {'y': 42, 'x': 90}]",2057984,"Pass","Germany","1H",2293.603994,80,258948665,"[402, 801, 1801]",84,91,42,90,1,298,298,"Cross","1970-01-01 00:00:00.000002293","T. Müller"
7,"Touch","[{'id': 1302}]",14862,"[{'y': 42, 'x': 90}, {'y': 42, 'x': 89}]",2057984,"Others on the ball","Germany","1H",2294.877677,72,258948669,"[1302]",42,90,42,89,1,298,298,"Touch","1970-01-01 00:00:00.000002294","J. Draxler"
7,"Clearance","[{'id': 1401}, {'id': 1802}]",255387,"[{'y': 58, 'x': 11}, {'y': 60, 'x': 23}]",2057984,"Others on the ball","Mexico","1H",2295.316732,71,258948639,"[1401, 1802]",58,11,60,23,1,299,299,"Clearance","1970-01-01 00:00:00.000002295","C. Salcedo"
8,"Simple pass","[{'id': 1801}]",3318,"[{'y': 40, 'x': 77}, {'y': 29, 'x': 90}]",2057984,"Pass","Germany","1H",2296.853829,85,258948670,"[1801]",40,77,29,90,1,300,300,"Simple pass","1970-01-01 00:00:00.000002296","S. Khedira"
8,"Cross","[{'id': 402}, {'id': 801}, {'id': 1801}]",173214,"[{'y': 29, 'x': 90}, {'y': 74, 'x': 95}]",2057984,"Pass","Germany","1H",2299.780267,80,258948671,"[402, 801, 1801]",29,90,74,95,1,300,300,"Cross","1970-01-01 00:00:00.000002299","T. Werner"
8,"Cross","[{'id': 402}, {'id': 1802}]",14732,"[{'y': 74, 'x': 95}, {'y': 66, 'x': 91}]",2057984,"Pass","Germany","1H",2302.762101,80,258948673,"[402, 1802]",74,95,66,91,1,301,301,"Cross","1970-01-01 00:00:00.000002302","T. Müller"
8,"High pass","[{'id': 1401}, {'id': 1801}]",3795,"[{'y': 34, 'x': 9}, {'y': 10, 'x': 29}]",2057984,"Pass","Mexico","1H",2305.893986,83,258948643,"[1401, 1801]",34,9,10,29,1,302,302,"High pass","1970-01-01 00:00:00.000002305","H. Moreno"
1,"Ground attacking duel","[{'id': 703}, {'id': 1801}]",295156,"[{'y': 10, 'x': 29}, {'y': 14, 'x': 28}]",2057984,"Duel","Mexico","1H",2308.609037,11,258948646,"[703, 1801]",10,29,14,28,1,302,302,"Ground attacking duel","1970-01-01 00:00:00.000002308","H. Lozano"
1,"Ground defending duel","[{'id': 701}, {'id': 1802}]",14716,"[{'y': 90, 'x': 71}, {'y': 86, 'x': 72}]",2057984,"Duel","Germany","1H",2308.794494,12,258948675,"[701, 1802]",90,71,86,72,1,303,303,"Ground defending duel","1970-01-01 00:00:00.000002308","J. Boateng"
2,"Foul","[]",14716,"[{'y': 86, 'x': 72}, {'y': 90, 'x': 71}]",2057984,"Foul","Germany","1H",2309.588635,20,258948676,,86,72,90,71,1,303,303,"Foul","1970-01-01 00:00:00.000002309","J. Boateng"
2,"Time lost foul","[{'id': 1702}]",3795,"[{'y': 25, 'x': 29}, {'y': 100, 'x': 100}]",2057984,"Foul","Mexico","1H",2352.017301,26,258948655,"[1702]",25,29,100,100,1,304,304,"Time lost foul","1970-01-01 00:00:00.000002352","H. Moreno"
3,"Free Kick","[{'id': 1802}]",3795,"[{'y': 20, 'x': 33}, {'y': 34, 'x': 79}]",2057984,"Free Kick","Mexico","1H",2359.289744,31,258948657,"[1802]",20,33,34,79,1,304,304,"Free Kick","1970-01-01 00:00:00.000002359","H. Moreno"
8,"Head pass","[{'id': 1801}]",14795,"[{'y': 66, 'x': 21}, {'y': 92, 'x': 23}]",2057984,"Pass","Germany","1H",2362.253233,82,258948679,"[1801]",66,21,92,23,1,305,305,"Head pass","1970-01-01 00:00:00.000002362","M. Hummels"
7,"Touch","[]",224593,"[{'y': 92, 'x': 23}, {'y': 72, 'x': 28}]",2057984,"Others on the ball","Germany","1H",2364.371976,72,258948681,,92,23,72,28,1,305,305,"Touch","1970-01-01 00:00:00.000002364","J. Kimmich"
8,"Simple pass","[{'id': 1802}]",3318,"[{'y': 72, 'x': 28}, {'y': 100, 'x': 32}]",2057984,"Pass","Germany","1H",2372.581037,85,258948683,"[1802]",72,28,100,32,1,306,306,"Simple pass","1970-01-01 00:00:00.000002372","S. Khedira"
3,"Throw in","[{'id': 1801}]",336178,"[{'y': 0, 'x': 68}, {'y': 8, 'x': 94}]",2057984,"Free Kick","Mexico","1H",2384.036246,36,258948663,"[1801]",0,68,8,94,1,307,307,"Throw in","1970-01-01 00:00:00.000002384","J. Gallardo"
1,"Ground attacking duel","[{'id': 701}, {'id': 1802}]",7941,"[{'y': 8, 'x': 94}, {'y': 6, 'x': 95}]",2057984,"Duel","Mexico","1H",2385.634008,11,258948664,"[701, 1802]",8,94,6,95,1,307,307,"Ground attacking duel","1970-01-01 00:00:00.000002385","J. Hernández"
1,"Ground defending duel","[{'id': 703}, {'id': 1801}]",14716,"[{'y': 92, 'x': 6}, {'y': 94, 'x': 5}]",2057984,"Duel","Germany","1H",2385.972325,12,258948687,"[703, 1801]",92,6,94,5,1,308,308,"Ground defending duel","1970-01-01 00:00:00.000002385","J. Boateng"
8,"Simple pass","[{'id': 1801}]",14716,"[{'y': 94, 'x': 5}, {'y': 95, 'x': 12}]",2057984,"Pass","Germany","1H",2387.629807,85,258948694,"[1801]",94,5,95,12,1,308,308,"Simple pass","1970-01-01 00:00:00.000002387","J. Boateng"
8,"Simple pass","[{'id': 1801}]",224593,"[{'y': 95, 'x': 12}, {'y': 84, 'x': 11}]",2057984,"Pass","Germany","1H",2388.916064,85,258948695,"[1801]",95,12,84,11,1,308,308,"Simple pass","1970-01-01 00:00:00.000002388","J. Kimmich"
8,"Simple pass","[{'id': 1801}]",3318,"[{'y': 84, 'x': 11}, {'y': 66, 'x': 8}]",2057984,"Pass","Germany","1H",2391.963831,85,258948697,"[1801]",84,11,66,8,1,308,308,"Simple pass","1970-01-01 00:00:00.000002391","S. Khedira"
8,"Simple pass","[{'id': 1801}]",14716,"[{'y': 66, 'x': 8}, {'y': 26, 'x': 9}]",2057984,"Pass","Germany","1H",2394.982294,85,258948699,"[1801]",66,8,26,9,1,308,308,"Simple pass","1970-01-01 00:00:00.000002394","J. Boateng"
8,"Simple pass","[{'id': 1801}]",14795,"[{'y': 26, 'x': 9}, {'y': 23, 'x': 30}]",2057984,"Pass","Germany","1H",2397.459856,85,258948700,"[1801]",26,9,23,30,1,308,308,"Simple pass","1970-01-01 00:00:00.000002397","M. Hummels"
8,"Simple pass","[{'id': 1801}]",15125,"[{'y': 23, 'x': 30}, {'y': 37, 'x': 32}]",2057984,"Pass","Germany","1H",2401.249251,85,258948702,"[1801]",23,30,37,32,1,308,308,"Simple pass","1970-01-01 00:00:00.000002401","M. Plattenhardt"
8,"Simple pass","[{'id': 1801}]",14723,"[{'y': 37, 'x': 32}, {'y': 69, 'x': 39}]",2057984,"Pass","Germany","1H",2403.919781,85,258948703,"[1801]",37,32,69,39,1,308,308,"Simple pass","1970-01-01 00:00:00.000002403","T. Kroos"
7,"Touch","[]",3318,"[{'y': 69, 'x': 39}, {'y': 74, 'x': 49}]",2057984,"Others on the ball","Germany","1H",2406.743247,72,258948705,,69,39,74,49,1,308,308,"Touch","1970-01-01 00:00:00.000002406","S. Khedira"
8,"Simple pass","[{'id': 1801}]",3318,"[{'y': 74, 'x': 49}, {'y': 86, 'x': 58}]",2057984,"Pass","Germany","1H",2409.583944,85,258948706,"[1801]",74,49,86,58,1,308,308,"Simple pass","1970-01-01 00:00:00.000002409","S. Khedira"
8,"Simple pass","[{'id': 1801}]",224593,"[{'y': 86, 'x': 58}, {'y': 76, 'x': 51}]",2057984,"Pass","Germany","1H",2411.71989,85,258948707,"[1801]",86,58,76,51,1,308,308,"Simple pass","1970-01-01 00:00:00.000002411","J. Kimmich"
8,"Simple pass","[{'id': 1801}]",3318,"[{'y': 76, 'x': 51}, {'y': 70, 'x': 46}]",2057984,"Pass","Germany","1H",2415.037944,85,258948709,"[1801]",76,51,70,46,1,308,308,"Simple pass","1970-01-01 00:00:00.000002415","S. Khedira"
8,"Simple pass","[{'id': 1801}]",14716,"[{'y': 70, 'x': 46}, {'y': 72, 'x': 57}]",2057984,"Pass","Germany","1H",2416.92726,85,258948711,"[1801]",70,46,72,57,1,308,308,"Simple pass","1970-01-01 00:00:00.000002416","J. Boateng"
8,"Simple pass","[{'id': 1801}]",14732,"[{'y': 72, 'x': 57}, {'y': 91, 'x': 54}]",2057984,"Pass","Germany","1H",2417.952713,85,258948712,"[1801]",72,57,91,54,1,308,308,"Simple pass","1970-01-01 00:00:00.000002417","T. Müller"
8,"Simple pass","[{'id': 1801}]",3318,"[{'y': 91, 'x': 54}, {'y': 93, 'x': 67}]",2057984,"Pass","Germany","1H",2419.948519,85,258948714,"[1801]",91,54,93,67,1,308,308,"Simple pass","1970-01-01 00:00:00.000002419","S. Khedira"
8,"Simple pass","[{'id': 1801}]",224593,"[{'y': 93, 'x': 67}, {'y': 82, 'x': 61}]",2057984,"Pass","Germany","1H",2422.735179,85,258948716,"[1801]",93,67,82,61,1,308,308,"Simple pass","1970-01-01 00:00:00.000002422","J. Kimmich"
8,"High pass","[{'id': 1801}]",3318,"[{'y': 82, 'x': 61}, {'y': 6, 'x': 76}]",2057984,"Pass","Germany","1H",2427.067718,83,258948718,"[1801]",82,61,6,76,1,308,308,"High pass","1970-01-01 00:00:00.000002427","S. Khedira"
8,"Simple pass","[{'id': 1801}]",15125,"[{'y': 6, 'x': 76}, {'y': 14, 'x': 91}]",2057984,"Pass","Germany","1H",2433.540931,85,258948721,"[1801]",6,76,14,91,1,308,308,"Simple pass","1970-01-01 00:00:00.000002433","M. Plattenhardt"
7,"Touch","[]",14862,"[{'y': 14, 'x': 91}, {'y': 2, 'x': 76}]",2057984,"Others on the ball","Germany","1H",2434.493054,72,258948724,,14,91,2,76,1,308,308,"Touch","1970-01-01 00:00:00.000002434","J. Draxler"
8,"Simple pass","[{'id': 1801}]",14862,"[{'y': 2, 'x': 76}, {'y': 22, 'x': 71}]",2057984,"Pass","Germany","1H",2438.443974,85,258948725,"[1801]",2,76,22,71,1,308,308,"Simple pass","1970-01-01 00:00:00.000002438","J. Draxler"
8,"Simple pass","[{'id': 1801}]",14732,"[{'y': 22, 'x': 71}, {'y': 19, 'x': 63}]",2057984,"Pass","Germany","1H",2439.830039,85,258948726,"[1801]",22,71,19,63,1,308,308,"Simple pass","1970-01-01 00:00:00.000002439","T. Müller"
8,"Simple pass","[{'id': 1801}]",14723,"[{'y': 19, 'x': 63}, {'y': 57, 'x': 69}]",2057984,"Pass","Germany","1H",2441.590622,85,258948727,"[1801]",19,63,57,69,1,308,308,"Simple pass","1970-01-01 00:00:00.000002441","T. Kroos"
8,"High pass","[{'id': 901}, {'id': 1801}]",14716,"[{'y': 57, 'x': 69}, {'y': 32, 'x': 90}]",2057984,"Pass","Germany","1H",2443.656286,83,258948729,"[901, 1801]",57,69,32,90,1,308,308,"High pass","1970-01-01 00:00:00.000002443","J. Boateng"
7,"Touch","[{'id': 1302}]",112777,"[{'y': 57, 'x': 11}, {'y': 65, 'x': 2}]",2057984,"Others on the ball","Mexico","1H",2445.376381,72,258948672,"[1302]",57,11,65,2,1,309,309,"Touch","1970-01-01 00:00:00.000002445","H. Ayala"
1,"Ground loose ball duel","[{'id': 701}, {'id': 1802}]",14732,"[{'y': 32, 'x': 90}, {'y': 43, 'x': 89}]",2057984,"Duel","Germany","1H",2445.509719,13,258948736,"[701, 1802]",32,90,43,89,1,310,310,"Ground loose ball duel","1970-01-01 00:00:00.000002445","T. Müller"
3,"Goal kick","[]",25816,"[{'y': 100, 'x': 100}, {'y': 9, 'x': 43}]",2057984,"Free Kick","Mexico","1H",2474.847525,34,258948677,,100,100,9,43,1,311,311,"Goal kick","1970-01-01 00:00:00.000002474","G. Ochoa"
8,"Head pass","[{'id': 1802}]",336178,"[{'y': 9, 'x': 43}, {'y': 37, 'x': 58}]",2057984,"Pass","Mexico","1H",2478.082001,82,258948678,"[1802]",9,43,37,58,1,312,312,"Head pass","1970-01-01 00:00:00.000002478","J. Gallardo"
8,"Simple pass","[{'id': 1801}]",14723,"[{'y': 63, 'x': 42}, {'y': 70, 'x': 30}]",2057984,"Pass","Germany","1H",2480.260089,85,258948743,"[1801]",63,42,70,30,1,313,313,"Simple pass","1970-01-01 00:00:00.000002480","T. Kroos"
8,"Simple pass","[{'id': 1801}]",14716,"[{'y': 70, 'x': 30}, {'y': 37, 'x': 29}]",2057984,"Pass","Germany","1H",2484.63799,85,258948744,"[1801]",70,30,37,29,1,313,313,"Simple pass","1970-01-01 00:00:00.000002484","J. Boateng"
8,"Simple pass","[{'id': 1801}]",14795,"[{'y': 37, 'x': 29}, {'y': 25, 'x': 38}]",2057984,"Pass","Germany","1H",2486.896484,85,258948745,"[1801]",37,29,25,38,1,313,313,"Simple pass","1970-01-01 00:00:00.000002486","M. Hummels"
8,"Simple pass","[{'id': 1801}]",14723,"[{'y': 25, 'x': 38}, {'y': 67, 'x': 40}]",2057984,"Pass","Germany","1H",2488.130211,85,258948746,"[1801]",25,38,67,40,1,313,313,"Simple pass","1970-01-01 00:00:00.000002488","T. Kroos"
8,"Simple pass","[{'id': 1801}]",14716,"[{'y': 67, 'x': 40}, {'y': 94, 'x': 67}]",2057984,"Pass","Germany","1H",2492.771965,85,258948747,"[1801]",67,40,94,67,1,313,313,"Simple pass","1970-01-01 00:00:00.000002492","J. Boateng"
7,"Acceleration","[{'id': 1801}]",224593,"[{'y': 94, 'x': 67}, {'y': 92, 'x': 79}]",2057984,"Others on the ball","Germany","1H",2495.659202,70,258948749,"[1801]",94,67,92,79,1,313,313,"Acceleration","1970-01-01 00:00:00.000002495","J. Kimmich"
1,"Ground defending duel","[{'id': 701}, {'id': 1802}]",295156,"[{'y': 8, 'x': 21}, {'y': 7, 'x': 18}]",2057984,"Duel","Mexico","1H",2496.971033,12,258948682,"[701, 1802]",8,21,7,18,1,314,314,"Ground defending duel","1970-01-01 00:00:00.000002496","H. Lozano"
1,"Ground attacking duel","[{'id': 703}, {'id': 1801}]",224593,"[{'y': 92, 'x': 79}, {'y': 93, 'x': 82}]",2057984,"Duel","Germany","1H",2497.897781,11,258948750,"[703, 1801]",92,79,93,82,1,315,315,"Ground attacking duel","1970-01-01 00:00:00.000002497","J. Kimmich"
8,"Simple pass","[{'id': 1801}]",224593,"[{'y': 93, 'x': 82}, {'y': 78, 'x': 81}]",2057984,"Pass","Germany","1H",2501.957657,85,258948751,"[1801]",93,82,78,81,1,315,315,"Simple pass","1970-01-01 00:00:00.000002501","J. Kimmich"
8,"Simple pass","[{'id': 1801}]",3319,"[{'y': 78, 'x': 81}, {'y': 62, 'x': 79}]",2057984,"Pass","Germany","1H",2503.984128,85,258948752,"[1801]",78,81,62,79,1,315,315,"Simple pass","1970-01-01 00:00:00.000002503","M. Özil"
8,"Simple pass","[{'id': 1801}]",14862,"[{'y': 62, 'x': 79}, {'y': 73, 'x': 89}]",2057984,"Pass","Germany","1H",2506.467618,85,258948753,"[1801]",62,79,73,89,1,315,315,"Simple pass","1970-01-01 00:00:00.000002506","J. Draxler"
8,"Cross","[{'id': 402}, {'id': 801}, {'id': 1802}]",224593,"[{'y': 73, 'x': 89}, {'y': 43, 'x': 89}]",2057984,"Pass","Germany","1H",2508.070896,80,258948755,"[402, 801, 1802]",73,89,43,89,1,316,316,"Cross","1970-01-01 00:00:00.000002508","J. Kimmich"
7,"Clearance","[{'id': 1901}, {'id': 1401}, {'id': 1802}]",255387,"[{'y': 57, 'x': 11}, {'y': 48, 'x': 22}]",2057984,"Others on the ball","Mexico","1H",2509.117906,71,258948684,"[1901, 1401, 1802]",57,11,48,22,1,317,317,"Clearance","1970-01-01 00:00:00.000002509","C. Salcedo"
7,"Touch","[{'id': 1401}]",14723,"[{'y': 52, 'x': 78}, {'y': 45, 'x': 69}]",2057984,"Others on the ball","Germany","1H",2510.414931,72,258948756,"[1401]",52,78,45,69,1,318,318,"Touch","1970-01-01 00:00:00.000002510","T. Kroos"
7,"Acceleration","[{'id': 1901}, {'id': 1801}]",3685,"[{'y': 55, 'x': 31}, {'y': 54, 'x': 75}]",2057984,"Others on the ball","Mexico","1H",2512.813716,70,258948688,"[1901, 1801]",55,31,54,75,1,319,319,"Acceleration","1970-01-01 00:00:00.000002512","C. Vela"
8,"Simple pass","[{'id': 1901}, {'id': 1802}]",3685,"[{'y': 54, 'x': 75}, {'y': 59, 'x': 75}]",2057984,"Pass","Mexico","1H",2519.088081,85,258948689,"[1901, 1802]",54,75,59,75,1,320,320,"Simple pass","1970-01-01 00:00:00.000002519","C. Vela"
7,"Touch","[{'id': 1401}]",14795,"[{'y': 41, 'x': 25}, {'y': 29, 'x': 12}]",2057984,"Others on the ball","Germany","1H",2519.330562,72,258948763,"[1401]",41,25,29,12,1,321,321,"Touch","1970-01-01 00:00:00.000002519","M. Hummels"
8,"Simple pass","[{'id': 1801}]",112366,"[{'y': 71, 'x': 88}, {'y': 60, 'x': 74}]",2057984,"Pass","Mexico","1H",2523.179891,85,258948691,"[1801]",71,88,60,74,1,322,322,"Simple pass","1970-01-01 00:00:00.000002523","M. Layún"
8,"Simple pass","[{'id': 1801}]",112459,"[{'y': 60, 'x': 74}, {'y': 27, 'x': 88}]",2057984,"Pass","Mexico","1H",2524.152191,85,258948692,"[1801]",60,74,27,88,1,322,322,"Simple pass","1970-01-01 00:00:00.000002524","H. Herrera"
7,"Touch","[{'id': 1302}]",295156,"[{'y': 27, 'x': 88}, {'y': 7, 'x': 91}]",2057984,"Others on the ball","Mexico","1H",2525.489935,72,258948693,"[1302]",27,88,7,91,1,322,322,"Touch","1970-01-01 00:00:00.000002525","H. Lozano"
8,"Simple pass","[{'id': 1801}]",295156,"[{'y': 7, 'x': 91}, {'y': 6, 'x': 84}]",2057984,"Pass","Mexico","1H",2531.133268,85,258948696,"[1801]",7,91,6,84,1,322,322,"Simple pass","1970-01-01 00:00:00.000002531","H. Lozano"
1,"Ground attacking duel","[{'id': 502}, {'id': 703}, {'id': 1801}]",3384,"[{'y': 6, 'x': 84}, {'y': 8, 'x': 86}]",2057984,"Duel","Mexico","1H",2534.469212,11,258948698,"[502, 703, 1801]",6,84,8,86,1,322,322,"Ground attacking duel","1970-01-01 00:00:00.000002534","A. Guardado"
8,"Cross","[{'id': 401}, {'id': 1802}]",3384,"[{'y': 8, 'x': 86}, {'y': 30, 'x': 100}]",2057984,"Pass","Mexico","1H",2535.026319,80,258948701,"[401, 1802]",8,86,30,100,1,323,323,"Cross","1970-01-01 00:00:00.000002535","A. Guardado"
1,"Ground defending duel","[{'id': 501}, {'id': 701}, {'id': 1802}]",3318,"[{'y': 94, 'x': 16}, {'y': 92, 'x': 14}]",2057984,"Duel","Germany","1H",2535.982704,12,258948764,"[501, 701, 1802]",94,16,92,14,1,324,324,"Ground defending duel","1970-01-01 00:00:00.000002535","S. Khedira"
3,"Goal kick","[]",14712,"[{'y': 0, 'x': 0}, {'y': 19, 'x': 12}]",2057984,"Free Kick","Germany","1H",2549.087475,34,258948765,,0,0,19,12,1,324,324,"Goal kick","1970-01-01 00:00:00.000002549","M. Neuer"
8,"Simple pass","[{'id': 1801}]",14795,"[{'y': 19, 'x': 12}, {'y': 19, 'x': 37}]",2057984,"Pass","Germany","1H",2552.738964,85,258948766,"[1801]",19,12,19,37,1,324,324,"Simple pass","1970-01-01 00:00:00.000002552","M. Hummels"
8,"Simple pass","[{'id': 1801}]",14732,"[{'y': 19, 'x': 37}, {'y': 4, 'x': 57}]",2057984,"Pass","Germany","1H",2555.579438,85,258948767,"[1801]",19,37,4,57,1,324,324,"Simple pass","1970-01-01 00:00:00.000002555","T. Müller"
7,"Touch","[]",14862,"[{'y': 4, 'x': 57}, {'y': 30, 'x': 75}]",2057984,"Others on the ball","Germany","1H",2556.761448,72,258948769,,4,57,30,75,1,324,324,"Touch","1970-01-01 00:00:00.000002556","J. Draxler"
8,"Simple pass","[{'id': 1802}]",14862,"[{'y': 30, 'x': 75}, {'y': 54, 'x': 79}]",2057984,"Pass","Germany","1H",2562.138196,85,258948771,"[1802]",30,75,54,79,1,325,325,"Simple pass","1970-01-01 00:00:00.000002562","J. Draxler"
8,"Simple pass","[{'id': 1801}]",336178,"[{'y': 46, 'x': 21}, {'y': 47, 'x': 30}]",2057984,"Pass","Mexico","1H",2565.65399,85,258948708,"[1801]",46,21,47,30,1,326,326,"Simple pass","1970-01-01 00:00:00.000002565","J. Gallardo"
8,"Simple pass","[{'id': 1801}]",3384,"[{'y': 47, 'x': 30}, {'y': 69, 'x': 36}]",2057984,"Pass","Mexico","1H",2567.906051,85,258948710,"[1801]",47,30,69,36,1,326,326,"Simple pass","1970-01-01 00:00:00.000002567","A. Guardado"
8,"Simple pass","[{'id': 1801}]",112366,"[{'y': 69, 'x': 36}, {'y': 57, 'x': 33}]",2057984,"Pass","Mexico","1H",2570.462575,85,258948713,"[1801]",69,36,57,33,1,326,326,"Simple pass","1970-01-01 00:00:00.000002570","M. Layún"
8,"Simple pass","[{'id': 1801}]",112459,"[{'y': 57, 'x': 33}, {'y': 23, 'x': 20}]",2057984,"Pass","Mexico","1H",2572.751813,85,258948715,"[1801]",57,33,23,20,1,326,326,"Simple pass","1970-01-01 00:00:00.000002572","H. Herrera"
8,"Simple pass","[{'id': 1801}]",3795,"[{'y': 23, 'x': 20}, {'y': 9, 'x': 26}]",2057984,"Pass","Mexico","1H",2577.9874,85,258948717,"[1801]",23,20,9,26,1,326,326,"Simple pass","1970-01-01 00:00:00.000002577","H. Moreno"
8,"Simple pass","[{'id': 1802}]",336178,"[{'y': 9, 'x': 26}, {'y': 9, 'x': 35}]",2057984,"Pass","Mexico","1H",2579.674749,85,258948719,"[1802]",9,26,9,35,1,327,327,"Simple pass","1970-01-01 00:00:00.000002579","J. Gallardo"
8,"Simple pass","[{'id': 1801}]",224593,"[{'y': 91, 'x': 65}, {'y': 80, 'x': 79}]",2057984,"Pass","Germany","1H",2580.765638,85,258948774,"[1801]",91,65,80,79,1,328,328,"Simple pass","1970-01-01 00:00:00.000002580","J. Kimmich"
8,"Simple pass","[{'id': 1801}]",3319,"[{'y': 80, 'x': 79}, {'y': 72, 'x': 70}]",2057984,"Pass","Germany","1H",2582.923202,85,258948779,"[1801]",80,79,72,70,1,328,328,"Simple pass","1970-01-01 00:00:00.000002582","M. Özil"
8,"Simple pass","[{'id': 1801}]",3318,"[{'y': 72, 'x': 70}, {'y': 52, 'x': 77}]",2057984,"Pass","Germany","1H",2585.197496,85,258948781,"[1801]",72,70,52,77,1,328,328,"Simple pass","1970-01-01 00:00:00.000002585","S. Khedira"
7,"Touch","[{'id': 1301}]",14732,"[{'y': 52, 'x': 77}, {'y': 31, 'x': 76}]",2057984,"Others on the ball","Germany","1H",2585.573461,72,258948782,"[1301]",52,77,31,76,1,328,328,"Touch","1970-01-01 00:00:00.000002585","T. Müller"
8,"Simple pass","[{'id': 1801}]",255387,"[{'y': 69, 'x': 24}, {'y': 78, 'x': 37}]",2057984,"Pass","Mexico","1H",2589.551733,85,258948722,"[1801]",69,24,78,37,1,329,329,"Simple pass","1970-01-01 00:00:00.000002589","C. Salcedo"
1,"Ground attacking duel","[{'id': 701}, {'id': 1802}]",7941,"[{'y': 78, 'x': 37}, {'y': 71, 'x': 36}]",2057984,"Duel","Mexico","1H",2592.036463,11,258948723,"[701, 1802]",78,37,71,36,1,329,329,"Ground attacking duel","1970-01-01 00:00:00.000002592","J. Hernández"
1,"Ground defending duel","[{'id': 703}, {'id': 1801}]",14795,"[{'y': 22, 'x': 63}, {'y': 29, 'x': 64}]",2057984,"Duel","Germany","1H",2592.792422,12,258948783,"[703, 1801]",22,63,29,64,1,330,330,"Ground defending duel","1970-01-01 00:00:00.000002592","M. Hummels"
8,"Simple pass","[{'id': 1802}]",14732,"[{'y': 29, 'x': 64}, {'y': 32, 'x': 61}]",2057984,"Pass","Germany","1H",2593.605248,85,258948784,"[1802]",29,64,32,61,1,331,331,"Simple pass","1970-01-01 00:00:00.000002593","T. Müller"
1,"Ground attacking duel","[{'id': 1401}, {'id': 703}, {'id': 1801}]",112459,"[{'y': 68, 'x': 39}, {'y': 82, 'x': 58}]",2057984,"Duel","Mexico","1H",2595.306103,11,258948728,"[1401, 703, 1801]",68,39,82,58,1,332,332,"Ground attacking duel","1970-01-01 00:00:00.000002595","H. Herrera"
1,"Ground defending duel","[{'id': 701}, {'id': 1802}]",14732,"[{'y': 32, 'x': 61}, {'y': 18, 'x': 42}]",2057984,"Duel","Germany","1H",2595.836317,12,258948786,"[701, 1802]",32,61,18,42,1,333,333,"Ground defending duel","1970-01-01 00:00:00.000002595","T. Müller"
8,"Simple pass","[{'id': 1801}]",112459,"[{'y': 82, 'x': 58}, {'y': 49, 'x': 47}]",2057984,"Pass","Mexico","1H",2600.718135,85,258948731,"[1801]",82,58,49,47,1,334,334,"Simple pass","1970-01-01 00:00:00.000002600","H. Herrera"
8,"Simple pass","[{'id': 1801}]",3384,"[{'y': 49, 'x': 47}, {'y': 14, 'x': 40}]",2057984,"Pass","Mexico","1H",2604.169484,85,258948732,"[1801]",49,47,14,40,1,334,334,"Simple pass","1970-01-01 00:00:00.000002604","A. Guardado"
8,"Simple pass","[{'id': 1801}]",336178,"[{'y': 14, 'x': 40}, {'y': 20, 'x': 63}]",2057984,"Pass","Mexico","1H",2606.624579,85,258948734,"[1801]",14,40,20,63,1,334,334,"Simple pass","1970-01-01 00:00:00.000002606","J. Gallardo"
8,"Simple pass","[{'id': 1801}]",3685,"[{'y': 20, 'x': 63}, {'y': 7, 'x': 66}]",2057984,"Pass","Mexico","1H",2609.388817,85,258948735,"[1801]",20,63,7,66,1,334,334,"Simple pass","1970-01-01 00:00:00.000002609","C. Vela"
8,"Simple pass","[{'id': 1801}]",295156,"[{'y': 7, 'x': 66}, {'y': 25, 'x': 56}]",2057984,"Pass","Mexico","1H",2611.403309,85,258948737,"[1801]",7,66,25,56,1,334,334,"Simple pass","1970-01-01 00:00:00.000002611","H. Lozano"
8,"Simple pass","[{'id': 1801}]",3384,"[{'y': 25, 'x': 56}, {'y': 13, 'x': 39}]",2057984,"Pass","Mexico","1H",2612.867166,85,258948738,"[1801]",25,56,13,39,1,334,334,"Simple pass","1970-01-01 00:00:00.000002612","A. Guardado"
8,"Simple pass","[{'id': 1801}]",336178,"[{'y': 13, 'x': 39}, {'y': 40, 'x': 24}]",2057984,"Pass","Mexico","1H",2615.024817,85,258948739,"[1801]",13,39,40,24,1,334,334,"Simple pass","1970-01-01 00:00:00.000002615","J. Gallardo"
8,"Simple pass","[{'id': 1801}]",3795,"[{'y': 40, 'x': 24}, {'y': 77, 'x': 29}]",2057984,"Pass","Mexico","1H",2618.641325,85,258948740,"[1801]",40,24,77,29,1,334,334,"Simple pass","1970-01-01 00:00:00.000002618","H. Moreno"
8,"Simple pass","[{'id': 1801}]",112777,"[{'y': 77, 'x': 29}, {'y': 86, 'x': 33}]",2057984,"Pass","Mexico","1H",2621.16969,85,258948741,"[1801]",77,29,86,33,1,334,334,"Simple pass","1970-01-01 00:00:00.000002621","H. Ayala"
8,"High pass","[{'id': 1802}]",255387,"[{'y': 86, 'x': 33}, {'y': 57, 'x': 79}]",2057984,"Pass","Mexico","1H",2624.116198,83,258948742,"[1802]",86,33,57,79,1,335,335,"High pass","1970-01-01 00:00:00.000002624","C. Salcedo"
8,"Simple pass","[{'id': 1801}]",14712,"[{'y': 43, 'x': 21}, {'y': 50, 'x': 28}]",2057984,"Pass","Germany","1H",2629.865912,85,258948792,"[1801]",43,21,50,28,1,336,336,"Simple pass","1970-01-01 00:00:00.000002629","M. Neuer"
8,"Simple pass","[{'id': 1801}]",14716,"[{'y': 50, 'x': 28}, {'y': 24, 'x': 34}]",2057984,"Pass","Germany","1H",2632.405141,85,258948793,"[1801]",50,28,24,34,1,336,336,"Simple pass","1970-01-01 00:00:00.000002632","J. Boateng"
8,"Simple pass","[{'id': 1801}]",14723,"[{'y': 24, 'x': 34}, {'y': 56, 'x': 46}]",2057984,"Pass","Germany","1H",2635.182431,85,258948794,"[1801]",24,34,56,46,1,336,336,"Simple pass","1970-01-01 00:00:00.000002635","T. Kroos"
8,"Simple pass","[{'id': 1801}]",3318,"[{'y': 56, 'x': 46}, {'y': 64, 'x': 54}]",2057984,"Pass","Germany","1H",2640.349269,85,258948795,"[1801]",56,46,64,54,1,336,336,"Simple pass","1970-01-01 00:00:00.000002640","S. Khedira"
8,"Simple pass","[{'id': 1801}]",14723,"[{'y': 64, 'x': 54}, {'y': 96, 'x': 73}]",2057984,"Pass","Germany","1H",2643.010099,85,258948796,"[1801]",64,54,96,73,1,336,336,"Simple pass","1970-01-01 00:00:00.000002643","T. Kroos"
7,"Touch","[]",224593,"[{'y': 96, 'x': 73}, {'y': 90, 'x': 84}]",2057984,"Others on the ball","Germany","1H",2644.541689,72,258948799,,96,73,90,84,1,336,336,"Touch","1970-01-01 00:00:00.000002644","J. Kimmich"
1,"Ground defending duel","[{'id': 702}, {'id': 1801}]",295156,"[{'y': 10, 'x': 16}, {'y': 10, 'x': 17}]",2057984,"Duel","Mexico","1H",2648.084811,12,258948748,"[702, 1801]",10,16,10,17,1,337,337,"Ground defending duel","1970-01-01 00:00:00.000002648","H. Lozano"
1,"Ground attacking duel","[{'id': 702}, {'id': 1801}]",224593,"[{'y': 90, 'x': 84}, {'y': 90, 'x': 83}]",2057984,"Duel","Germany","1H",2648.481072,11,258948801,"[702, 1801]",90,84,90,83,1,338,338,"Ground attacking duel","1970-01-01 00:00:00.000002648","J. Kimmich"
8,"Simple pass","[{'id': 1801}]",224593,"[{'y': 90, 'x': 83}, {'y': 68, 'x': 74}]",2057984,"Pass","Germany","1H",2650.748628,85,258948802,"[1801]",90,83,68,74,1,338,338,"Simple pass","1970-01-01 00:00:00.000002650","J. Kimmich"
8,"High pass","[{'id': 1801}]",14723,"[{'y': 68, 'x': 74}, {'y': 11, 'x': 80}]",2057984,"Pass","Germany","1H",2653.354422,83,258948803,"[1801]",68,74,11,80,1,338,338,"High pass","1970-01-01 00:00:00.000002653","T. Kroos"
8,"Simple pass","[{'id': 1801}]",3319,"[{'y': 11, 'x': 80}, {'y': 28, 'x': 79}]",2057984,"Pass","Germany","1H",2656.710057,85,258948804,"[1801]",11,80,28,79,1,338,338,"Simple pass","1970-01-01 00:00:00.000002656","M. Özil"
8,"Simple pass","[{'id': 1801}]",14862,"[{'y': 28, 'x': 79}, {'y': 9, 'x': 96}]",2057984,"Pass","Germany","1H",2660.527135,85,258948805,"[1801]",28,79,9,96,1,338,338,"Simple pass","1970-01-01 00:00:00.000002660","J. Draxler"
8,"Cross","[{'id': 401}, {'id': 801}, {'id': 1801}]",15125,"[{'y': 9, 'x': 96}, {'y': 63, 'x': 91}]",2057984,"Pass","Germany","1H",2663.31868,80,258948806,"[401, 801, 1801]",9,96,63,91,1,338,338,"Cross","1970-01-01 00:00:00.000002663","M. Plattenhardt"
1,"Ground loose ball duel","[{'id': 702}, {'id': 1801}]",224593,"[{'y': 63, 'x': 91}, {'y': 67, 'x': 91}]",2057984,"Duel","Germany","1H",2665.117295,13,258948808,"[702, 1801]",63,91,67,91,1,338,338,"Ground loose ball duel","1970-01-01 00:00:00.000002665","J. Kimmich"
1,"Ground loose ball duel","[{'id': 701}, {'id': 1802}]",224593,"[{'y': 67, 'x': 91}, {'y': 91, 'x': 71}]",2057984,"Duel","Germany","1H",2666.419269,13,258948809,"[701, 1802]",67,91,91,71,1,338,338,"Ground loose ball duel","1970-01-01 00:00:00.000002666","J. Kimmich"
7,"Acceleration","[{'id': 1901}, {'id': 1801}]",3685,"[{'y': 9, 'x': 29}, {'y': 41, 'x': 65}]",2057984,"Others on the ball","Mexico","1H",2669.790284,70,258948775,"[1901, 1801]",9,29,41,65,1,339,339,"Acceleration","1970-01-01 00:00:00.000002669","C. Vela"
1,"Ground defending duel","[{'id': 701}, {'id': 1802}]",14723,"[{'y': 59, 'x': 35}, {'y': 54, 'x': 34}]",2057984,"Duel","Germany","1H",2677.547438,12,258948815,"[701, 1802]",59,35,54,34,1,340,340,"Ground defending duel","1970-01-01 00:00:00.000002677","T. Kroos"
1,"Ground attacking duel","[{'id': 1901}, {'id': 703}, {'id': 1801}]",3685,"[{'y': 41, 'x': 65}, {'y': 46, 'x': 66}]",2057984,"Duel","Mexico","1H",2678.614644,11,258948776,"[1901, 703, 1801]",41,65,46,66,1,341,341,"Ground attacking duel","1970-01-01 00:00:00.000002678","C. Vela"
1,"Ground defending duel","[{'id': 701}, {'id': 1802}]",14716,"[{'y': 54, 'x': 34}, {'y': 55, 'x': 32}]",2057984,"Duel","Germany","1H",2678.968745,12,258948816,"[701, 1802]",54,34,55,32,1,342,342,"Ground defending duel","1970-01-01 00:00:00.000002678","J. Boateng"
8,"Simple pass","[{'id': 1901}, {'id': 1801}]",3685,"[{'y': 45, 'x': 68}, {'y': 32, 'x': 73}]",2057984,"Pass","Mexico","1H",2680.890025,85,258948777,"[1901, 1801]",45,68,32,73,1,343,343,"Simple pass","1970-01-01 00:00:00.000002680","C. Vela"
8,"Simple pass","[{'id': 1901}, {'id': 1801}]",3384,"[{'y': 32, 'x': 73}, {'y': 45, 'x': 82}]",2057984,"Pass","Mexico","1H",2684.188835,85,258948778,"[1901, 1801]",32,73,45,82,1,343,343,"Simple pass","1970-01-01 00:00:00.000002684","A. Guardado"
10,"Shot","[{'id': 1901}, {'id': 401}, {'id': 201}, {'id': 1211}, {'id': 1802}]",3685,"[{'y': 45, 'x': 82}, {'y': 100, 'x': 100}]",2057984,"Shot","Mexico","1H",2686.659324,100,258948780,"[1901, 401, 201, 1211, 1802]",45,82,100,100,1,343,343,"Shot","1970-01-01 00:00:00.000002686","C. Vela"
3,"Goal kick","[]",14712,"[{'y': 0, 'x': 0}, {'y': 64, 'x': 32}]",2057984,"Free Kick","Germany","1H",2705.092303,34,258948819,,0,0,64,32,1,344,344,"Goal kick","1970-01-01 00:00:00.000002705","M. Neuer"
8,"Simple pass","[{'id': 1801}]",3318,"[{'y': 64, 'x': 32}, {'y': 40, 'x': 30}]",2057984,"Pass","Germany","1H",2707.986453,85,258948820,"[1801]",64,32,40,30,1,344,344,"Simple pass","1970-01-01 00:00:00.000002707","S. Khedira"
8,"Simple pass","[{'id': 1801}]",14723,"[{'y': 40, 'x': 30}, {'y': 20, 'x': 36}]",2057984,"Pass","Germany","1H",2710.841053,85,258948822,"[1801]",40,30,20,36,1,344,344,"Simple pass","1970-01-01 00:00:00.000002710","T. Kroos"
8,"Simple pass","[{'id': 1801}]",14795,"[{'y': 20, 'x': 36}, {'y': 4, 'x': 71}]",2057984,"Pass","Germany","1H",2714.247286,85,258948824,"[1801]",20,36,4,71,1,344,344,"Simple pass","1970-01-01 00:00:00.000002714","M. Hummels"
8,"Simple pass","[{'id': 1801}]",3319,"[{'y': 4, 'x': 71}, {'y': 7, 'x': 64}]",2057984,"Pass","Germany","1H",2717.529402,85,258948829,"[1801]",4,71,7,64,1,344,344,"Simple pass","1970-01-01 00:00:00.000002717","M. Özil"
8,"Simple pass","[{'id': 1801}]",173214,"[{'y': 7, 'x': 64}, {'y': 1, 'x': 75}]",2057984,"Pass","Germany","1H",2722.397575,85,258948833,"[1801]",7,64,1,75,1,344,344,"Simple pass","1970-01-01 00:00:00.000002722","T. Werner"
8,"Simple pass","[{'id': 1801}]",15125,"[{'y': 1, 'x': 75}, {'y': 5, 'x': 81}]",2057984,"Pass","Germany","1H",2723.768612,85,258948836,"[1801]",1,75,5,81,1,344,344,"Simple pass","1970-01-01 00:00:00.000002723","M. Plattenhardt"
8,"Simple pass","[{'id': 1801}]",3319,"[{'y': 5, 'x': 81}, {'y': 3, 'x': 76}]",2057984,"Pass","Germany","1H",2725.254922,85,258948844,"[1801]",5,81,3,76,1,344,344,"Simple pass","1970-01-01 00:00:00.000002725","M. Özil"
8,"Simple pass","[{'id': 1801}]",15125,"[{'y': 3, 'x': 76}, {'y': 19, 'x': 73}]",2057984,"Pass","Germany","1H",2727.093128,85,258948847,"[1801]",3,76,19,73,1,344,344,"Simple pass","1970-01-01 00:00:00.000002727","M. Plattenhardt"
8,"Simple pass","[{'id': 1801}]",14862,"[{'y': 19, 'x': 73}, {'y': 8, 'x': 71}]",2057984,"Pass","Germany","1H",2728.3603,85,258948848,"[1801]",19,73,8,71,1,344,344,"Simple pass","1970-01-01 00:00:00.000002728","J. Draxler"
8,"Simple pass","[{'id': 1801}]",3319,"[{'y': 8, 'x': 71}, {'y': 6, 'x': 70}]",2057984,"Pass","Germany","1H",2729.685947,85,258948849,"[1801]",8,71,6,70,1,344,344,"Simple pass","1970-01-01 00:00:00.000002729","M. Özil"
8,"Simple pass","[{'id': 1801}]",14862,"[{'y': 6, 'x': 70}, {'y': 21, 'x': 57}]",2057984,"Pass","Germany","1H",2732.685581,85,258948851,"[1801]",6,70,21,57,1,344,344,"Simple pass","1970-01-01 00:00:00.000002732","J. Draxler"
8,"Simple pass","[{'id': 1801}]",14795,"[{'y': 21, 'x': 57}, {'y': 60, 'x': 63}]",2057984,"Pass","Germany","1H",2736.96508,85,258948853,"[1801]",21,57,60,63,1,344,344,"Simple pass","1970-01-01 00:00:00.000002736","M. Hummels"
8,"Simple pass","[{'id': 1801}]",3318,"[{'y': 60, 'x': 63}, {'y': 57, 'x': 54}]",2057984,"Pass","Germany","1H",2739.239093,85,258948854,"[1801]",60,63,57,54,1,344,344,"Simple pass","1970-01-01 00:00:00.000002739","S. Khedira"
8,"Simple pass","[{'id': 1801}]",14716,"[{'y': 57, 'x': 54}, {'y': 92, 'x': 63}]",2057984,"Pass","Germany","1H",2740.356322,85,258948856,"[1801]",57,54,92,63,1,344,344,"Simple pass","1970-01-01 00:00:00.000002740","J. Boateng"
8,"Simple pass","[{'id': 1801}]",224593,"[{'y': 92, 'x': 63}, {'y': 83, 'x': 47}]",2057984,"Pass","Germany","1H",2743.246363,85,258948858,"[1801]",92,63,83,47,1,344,344,"Simple pass","1970-01-01 00:00:00.000002743","J. Kimmich"
8,"Simple pass","[{'id': 1801}]",14716,"[{'y': 83, 'x': 47}, {'y': 93, 'x': 35}]",2057984,"Pass","Germany","1H",2746.30858,85,258948859,"[1801]",83,47,93,35,1,344,344,"Simple pass","1970-01-01 00:00:00.000002746","J. Boateng"
8,"Simple pass","[{'id': 1801}]",224593,"[{'y': 93, 'x': 35}, {'y': 62, 'x': 32}]",2057984,"Pass","Germany","1H",2748.688827,85,258948861,"[1801]",93,35,62,32,1,344,344,"Simple pass","1970-01-01 00:00:00.000002748","J. Kimmich"
8,"High pass","[{'id': 1802}]",14712,"[{'y': 62, 'x': 32}, {'y': 15, 'x': 63}]",2057984,"Pass","Germany","1H",2752.243534,83,258948862,"[1802]",62,32,15,63,1,345,345,"High pass","1970-01-01 00:00:00.000002752","M. Neuer"
7,"Touch","[{'id': 1401}]",112366,"[{'y': 85, 'x': 37}, {'y': 100, 'x': 43}]",2057984,"Others on the ball","Mexico","1H",2754.872621,72,258948798,"[1401]",85,37,100,43,1,346,346,"Touch","1970-01-01 00:00:00.000002754","M. Layún"
3,"Throw in","[{'id': 1801}]",15125,"[{'y': 0, 'x': 60}, {'y': 12, 'x': 44}]",2057984,"Free Kick","Germany","1H",2759.252967,36,258948865,"[1801]",0,60,12,44,1,347,347,"Throw in","1970-01-01 00:00:00.000002759","M. Plattenhardt"
8,"Simple pass","[{'id': 1802}]",14795,"[{'y': 12, 'x': 44}, {'y': 0, 'x': 0}]",2057984,"Pass","Germany","1H",2762.597022,85,258948866,"[1802]",12,44,0,0,1,348,348,"Simple pass","1970-01-01 00:00:00.000002762","M. Hummels"
8,"Simple pass","[{'id': 1801}]",3319,"[{'y': 51, 'x': 50}, {'y': 46, 'x': 40}]",2057984,"Pass","Germany","2H",2.60008999999991,85,258996212,"[1801]",51,50,46,40,2,348,348,"Simple pass","1970-01-01 00:45:00.000000002","M. Özil"
8,"Simple pass","[{'id': 1801}]",14723,"[{'y': 46, 'x': 40}, {'y': 73, 'x': 46}]",2057984,"Pass","Germany","2H",4.30358999999999,85,258996214,"[1801]",46,40,73,46,2,348,348,"Simple pass","1970-01-01 00:45:00.000000004","T. Kroos"
8,"Simple pass","[{'id': 1801}]",3318,"[{'y': 73, 'x': 46}, {'y': 78, 'x': 53}]",2057984,"Pass","Germany","2H",9.16621100000021,85,258996216,"[1801]",73,46,78,53,2,348,348,"Simple pass","1970-01-01 00:45:00.000000009","S. Khedira"
8,"Simple pass","[{'id': 1801}]",14723,"[{'y': 78, 'x': 53}, {'y': 80, 'x': 47}]",2057984,"Pass","Germany","2H",13.2693290000002,85,258996218,"[1801]",78,53,80,47,2,348,348,"Simple pass","1970-01-01 00:45:00.000000013","T. Kroos"
8,"Simple pass","[{'id': 1801}]",14716,"[{'y': 80, 'x': 47}, {'y': 95, 'x': 72}]",2057984,"Pass","Germany","2H",17.021209,85,258996222,"[1801]",80,47,95,72,2,348,348,"Simple pass","1970-01-01 00:45:00.000000017","J. Boateng"
8,"Simple pass","[{'id': 1801}]",224593,"[{'y': 95, 'x': 72}, {'y': 95, 'x': 66}]",2057984,"Pass","Germany","2H",22.5679100000002,85,258996223,"[1801]",95,72,95,66,2,348,348,"Simple pass","1970-01-01 00:45:00.000000022","J. Kimmich"
7,"Touch","[]",14716,"[{'y': 95, 'x': 66}, {'y': 72, 'x': 71}]",2057984,"Others on the ball","Germany","2H",23.7419239999999,72,258996224,,95,66,72,71,2,348,348,"Touch","1970-01-01 00:45:00.000000023","J. Boateng"
8,"Simple pass","[{'id': 1802}]",14716,"[{'y': 72, 'x': 71}, {'y': 27, 'x': 75}]",2057984,"Pass","Germany","2H",27.6341010000001,85,258996225,"[1802]",72,71,27,75,2,349,349,"Simple pass","1970-01-01 00:45:00.000000027","J. Boateng"
8,"High pass","[{'id': 1901}, {'id': 1401}, {'id': 1801}]",112366,"[{'y': 73, 'x': 25}, {'y': 25, 'x': 83}]",2057984,"Pass","Mexico","2H",29.4433490000001,83,258996135,"[1901, 1401, 1801]",73,25,25,83,2,350,350,"High pass","1970-01-01 00:45:00.000000029","M. Layún"
8,"Simple pass","[{'id': 1901}, {'id': 1801}]",7941,"[{'y': 25, 'x': 83}, {'y': 22, 'x': 74}]",2057984,"Pass","Mexico","2H",38.403174,85,258996136,"[1901, 1801]",25,83,22,74,2,350,350,"Simple pass","1970-01-01 00:45:00.000000038","J. Hernández"
8,"Simple pass","[{'id': 1901}, {'id': 1801}]",3384,"[{'y': 22, 'x': 74}, {'y': 29, 'x': 67}]",2057984,"Pass","Mexico","2H",40.568237,85,258996137,"[1901, 1801]",22,74,29,67,2,350,350,"Simple pass","1970-01-01 00:45:00.000000040","A. Guardado"
8,"Simple pass","[{'id': 1901}, {'id': 1801}]",295156,"[{'y': 29, 'x': 67}, {'y': 26, 'x': 67}]",2057984,"Pass","Mexico","2H",44.3446009999998,85,258996138,"[1901, 1801]",29,67,26,67,2,350,350,"Simple pass","1970-01-01 00:45:00.000000044","H. Lozano"
8,"Simple pass","[{'id': 1901}, {'id': 1801}]",112459,"[{'y': 26, 'x': 67}, {'y': 15, 'x': 66}]",2057984,"Pass","Mexico","2H",46.730474,85,258996139,"[1901, 1801]",26,67,15,66,2,350,350,"Simple pass","1970-01-01 00:45:00.000000046","H. Herrera"
8,"Simple pass","[{'id': 1801}]",3384,"[{'y': 15, 'x': 66}, {'y': 4, 'x': 56}]",2057984,"Pass","Mexico","2H",48.9417600000002,85,258996140,"[1801]",15,66,4,56,2,350,350,"Simple pass","1970-01-01 00:45:00.000000048","A. Guardado"
8,"Simple pass","[{'id': 1801}]",336178,"[{'y': 4, 'x': 56}, {'y': 22, 'x': 36}]",2057984,"Pass","Mexico","2H",51.2149979999999,85,258996141,"[1801]",4,56,22,36,2,350,350,"Simple pass","1970-01-01 00:45:00.000000051","J. Gallardo"
8,"Simple pass","[{'id': 1801}]",3795,"[{'y': 22, 'x': 36}, {'y': 24, 'x': 62}]",2057984,"Pass","Mexico","2H",57.8474900000001,85,258996142,"[1801]",22,36,24,62,2,350,350,"Simple pass","1970-01-01 00:45:00.000000057","H. Moreno"
8,"Simple pass","[{'id': 1801}]",112459,"[{'y': 24, 'x': 62}, {'y': 7, 'x': 65}]",2057984,"Pass","Mexico","2H",59.5804739999999,85,258996143,"[1801]",24,62,7,65,2,350,350,"Simple pass","1970-01-01 00:45:00.000000059","H. Herrera"
8,"Simple pass","[{'id': 1802}]",336178,"[{'y': 7, 'x': 65}, {'y': 4, 'x': 65}]",2057984,"Pass","Mexico","2H",61.8863470000001,85,258996144,"[1802]",7,65,4,65,2,351,351,"Simple pass","1970-01-01 00:45:00.000000061","J. Gallardo"
1,"Ground attacking duel","[{'id': 702}, {'id': 1801}]",112459,"[{'y': 4, 'x': 68}, {'y': 0, 'x': 65}]",2057984,"Duel","Mexico","2H",66.2079100000001,11,258996146,"[702, 1801]",4,68,0,65,2,351,351,"Ground attacking duel","1970-01-01 00:45:00.000000066","H. Herrera"
8,"Simple pass","[{'id': 1802}]",14732,"[{'y': 96, 'x': 35}, {'y': 96, 'x': 32}]",2057984,"Pass","Germany","2H",66.4892679999998,85,258996233,"[1802]",96,35,96,32,2,352,352,"Simple pass","1970-01-01 00:45:00.000000066","T. Müller"
3,"Throw in","[{'id': 1801}]",224593,"[{'y': 100, 'x': 35}, {'y': 80, 'x': 29}]",2057984,"Free Kick","Germany","2H",76.583682,36,258996234,"[1801]",100,35,80,29,2,352,352,"Throw in","1970-01-01 00:45:00.000000076","J. Kimmich"
8,"Simple pass","[{'id': 1801}]",14716,"[{'y': 80, 'x': 29}, {'y': 42, 'x': 30}]",2057984,"Pass","Germany","2H",81.5687320000002,85,258996236,"[1801]",80,29,42,30,2,352,352,"Simple pass","1970-01-01 00:45:00.000000081","J. Boateng"
8,"Simple pass","[{'id': 1801}]",14795,"[{'y': 42, 'x': 30}, {'y': 77, 'x': 41}]",2057984,"Pass","Germany","2H",86.8520039999999,85,258996237,"[1801]",42,30,77,41,2,352,352,"Simple pass","1970-01-01 00:45:00.000000086","M. Hummels"
8,"Simple pass","[{'id': 1801}]",14716,"[{'y': 77, 'x': 41}, {'y': 99, 'x': 59}]",2057984,"Pass","Germany","2H",90.8839720000001,85,258996238,"[1801]",77,41,99,59,2,352,352,"Simple pass","1970-01-01 00:45:00.000000090","J. Boateng"
7,"Touch","[]",224593,"[{'y': 99, 'x': 59}, {'y': 72, 'x': 56}]",2057984,"Others on the ball","Germany","2H",93.105861,72,258996241,,99,59,72,56,2,352,352,"Touch","1970-01-01 00:45:00.000000093","J. Kimmich"
8,"Simple pass","[{'id': 1801}]",224593,"[{'y': 72, 'x': 56}, {'y': 80, 'x': 51}]",2057984,"Pass","Germany","2H",99.9189099999999,85,258996243,"[1801]",72,56,80,51,2,352,352,"Simple pass","1970-01-01 00:45:00.000000099","J. Kimmich"
8,"Simple pass","[{'id': 1801}]",14716,"[{'y': 80, 'x': 51}, {'y': 97, 'x': 67}]",2057984,"Pass","Germany","2H",101.516613,85,258996245,"[1801]",80,51,97,67,2,352,352,"Simple pass","1970-01-01 00:45:00.000000101","J. Boateng"
7,"Touch","[]",14732,"[{'y': 97, 'x': 67}, {'y': 88, 'x': 74}]",2057984,"Others on the ball","Germany","2H",103.270649,72,258996250,,97,67,88,74,2,352,352,"Touch","1970-01-01 00:45:00.000000103","T. Müller"
8,"Smart pass","[{'id': 901}, {'id': 1802}]",14732,"[{'y': 88, 'x': 74}, {'y': 80, 'x': 79}]",2057984,"Pass","Germany","2H",106.278366,86,258996252,"[901, 1802]",88,74,80,79,2,353,353,"Smart pass","1970-01-01 00:45:00.000000106","T. Müller"
8,"Simple pass","[{'id': 1401}, {'id': 1801}]",336178,"[{'y': 20, 'x': 21}, {'y': 30, 'x': 33}]",2057984,"Pass","Mexico","2H",107.452411,85,258996148,"[1401, 1801]",20,21,30,33,2,354,354,"Simple pass","1970-01-01 00:45:00.000000107","J. Gallardo"
8,"Simple pass","[{'id': 1801}]",112459,"[{'y': 30, 'x': 33}, {'y': 9, 'x': 33}]",2057984,"Pass","Mexico","2H",107.975093,85,258996150,"[1801]",30,33,9,33,2,354,354,"Simple pass","1970-01-01 00:45:00.000000107","H. Herrera"
1,"Ground attacking duel","[{'id': 702}, {'id': 1801}]",295156,"[{'y': 9, 'x': 33}, {'y': 18, 'x': 32}]",2057984,"Duel","Mexico","2H",110.832395,11,258996151,"[702, 1801]",9,33,18,32,2,354,354,"Ground attacking duel","1970-01-01 00:45:00.000000110","H. Lozano"
1,"Ground defending duel","[{'id': 702}, {'id': 1801}]",3318,"[{'y': 91, 'x': 67}, {'y': 82, 'x': 68}]",2057984,"Duel","Germany","2H",110.839268,12,258996257,"[702, 1801]",91,67,82,68,2,355,355,"Ground defending duel","1970-01-01 00:45:00.000000110","S. Khedira"
8,"Simple pass","[{'id': 1801}]",295156,"[{'y': 18, 'x': 32}, {'y': 24, 'x': 33}]",2057984,"Pass","Mexico","2H",112.262554,85,258996152,"[1801]",18,32,24,33,2,356,356,"Simple pass","1970-01-01 00:45:00.000000112","H. Lozano"
8,"Simple pass","[{'id': 1801}]",112459,"[{'y': 24, 'x': 33}, {'y': 9, 'x': 27}]",2057984,"Pass","Mexico","2H",113.843967,85,258996153,"[1801]",24,33,9,27,2,356,356,"Simple pass","1970-01-01 00:45:00.000000113","H. Herrera"
1,"Ground attacking duel","[{'id': 503}, {'id': 703}, {'id': 1801}]",336178,"[{'y': 9, 'x': 27}, {'y': 7, 'x': 35}]",2057984,"Duel","Mexico","2H",117.619057,11,258996154,"[503, 703, 1801]",9,27,7,35,2,356,356,"Ground attacking duel","1970-01-01 00:45:00.000000117","J. Gallardo"
1,"Ground defending duel","[{'id': 504}, {'id': 701}, {'id': 1802}]",14732,"[{'y': 91, 'x': 73}, {'y': 93, 'x': 65}]",2057984,"Duel","Germany","2H",117.802174,12,258996261,"[504, 701, 1802]",91,73,93,65,2,357,357,"Ground defending duel","1970-01-01 00:45:00.000000117","T. Müller"
8,"Simple pass","[{'id': 1802}]",336178,"[{'y': 7, 'x': 35}, {'y': 32, 'x': 58}]",2057984,"Pass","Mexico","2H",119.826634,85,258996155,"[1802]",7,35,32,58,2,358,358,"Simple pass","1970-01-01 00:45:00.000000119","J. Gallardo"
8,"Simple pass","[{'id': 1801}]",14795,"[{'y': 68, 'x': 42}, {'y': 64, 'x': 25}]",2057984,"Pass","Germany","2H",122.133577,85,258996263,"[1801]",68,42,64,25,2,359,359,"Simple pass","1970-01-01 00:45:00.000000122","M. Hummels"
8,"Simple pass","[{'id': 1801}]",14712,"[{'y': 64, 'x': 25}, {'y': 81, 'x': 37}]",2057984,"Pass","Germany","2H",125.725144,85,258996264,"[1801]",64,25,81,37,2,359,359,"Simple pass","1970-01-01 00:45:00.000000125","M. Neuer"
8,"Simple pass","[{'id': 1801}]",14716,"[{'y': 81, 'x': 37}, {'y': 68, 'x': 45}]",2057984,"Pass","Germany","2H",128.810326,85,258996265,"[1801]",81,37,68,45,2,359,359,"Simple pass","1970-01-01 00:45:00.000000128","J. Boateng"
8,"Smart pass","[{'id': 1801}]",14723,"[{'y': 68, 'x': 45}, {'y': 58, 'x': 61}]",2057984,"Pass","Germany","2H",130.487183,86,258996267,"[1801]",68,45,58,61,2,359,359,"Smart pass","1970-01-01 00:45:00.000000130","T. Kroos"
8,"Simple pass","[{'id': 1801}]",3319,"[{'y': 58, 'x': 61}, {'y': 47, 'x': 69}]",2057984,"Pass","Germany","2H",134.233787,85,258996269,"[1801]",58,61,47,69,2,359,359,"Simple pass","1970-01-01 00:45:00.000000134","M. Özil"
8,"Simple pass","[{'id': 1801}]",14862,"[{'y': 47, 'x': 69}, {'y': 74, 'x': 71}]",2057984,"Pass","Germany","2H",138.673812,85,258996274,"[1801]",47,69,74,71,2,359,359,"Simple pass","1970-01-01 00:45:00.000000138","J. Draxler"
8,"Simple pass","[{'id': 1801}]",3318,"[{'y': 74, 'x': 71}, {'y': 97, 'x': 79}]",2057984,"Pass","Germany","2H",142.063191,85,258996275,"[1801]",74,71,97,79,2,359,359,"Simple pass","1970-01-01 00:45:00.000000142","S. Khedira"
8,"Cross","[{'id': 402}, {'id': 801}, {'id': 1802}]",224593,"[{'y': 97, 'x': 79}, {'y': 65, 'x': 90}]",2057984,"Pass","Germany","2H",145.107433,80,258996278,"[402, 801, 1802]",97,79,65,90,2,360,360,"Cross","1970-01-01 00:45:00.000000145","J. Kimmich"
7,"Clearance","[{'id': 1401}, {'id': 1801}]",3795,"[{'y': 35, 'x': 10}, {'y': 42, 'x': 27}]",2057984,"Others on the ball","Mexico","2H",146.629507,71,258996157,"[1401, 1801]",35,10,42,27,2,361,361,"Clearance","1970-01-01 00:45:00.000000146","H. Moreno"
1,"Air duel","[{'id': 701}, {'id': 1802}]",3384,"[{'y': 42, 'x': 27}, {'y': 62, 'x': 26}]",2057984,"Duel","Mexico","2H",148.56251,10,258996158,"[701, 1802]",42,27,62,26,2,361,361,"Air duel","1970-01-01 00:45:00.000000148","A. Guardado"
1,"Air duel","[{'id': 703}, {'id': 1801}]",14723,"[{'y': 58, 'x': 73}, {'y': 38, 'x': 74}]",2057984,"Duel","Germany","2H",148.795538,10,258996280,"[703, 1801]",58,73,38,74,2,362,362,"Air duel","1970-01-01 00:45:00.000000148","T. Kroos"
10,"Shot","[{'id': 401}, {'id': 201}, {'id': 1204}, {'id': 1801}]",15125,"[{'y': 38, 'x': 74}, {'y': 0, 'x': 0}]",2057984,"Shot","Germany","2H",152.113266,100,258996282,"[401, 201, 1204, 1801]",38,74,0,0,2,362,362,"Shot","1970-01-01 00:45:00.000000152","M. Plattenhardt"
9,"Save attempt","[{'id': 1204}, {'id': 1801}]",25816,"[{'y': 0, 'x': 0}, {'y': 62, 'x': 26}]",2057984,"Save attempt","Mexico","2H",153.936253,91,258996159,"[1204, 1801]",0,0,62,26,2,363,363,"Save attempt","1970-01-01 00:45:00.000000153","G. Ochoa"
8,"Simple pass","[{'id': 1801}]",336178,"[{'y': 5, 'x': 33}, {'y': 17, 'x': 24}]",2057984,"Pass","Mexico","2H",167.01146,85,258996160,"[1801]",5,33,17,24,2,363,363,"Simple pass","1970-01-01 00:45:00.000000167","J. Gallardo"
8,"Simple pass","[{'id': 1802}]",3795,"[{'y': 17, 'x': 24}, {'y': 8, 'x': 37}]",2057984,"Pass","Mexico","2H",168.040063,85,258996161,"[1802]",17,24,8,37,2,364,364,"Simple pass","1970-01-01 00:45:00.000000168","H. Moreno"
7,"Touch","[{'id': 1401}]",14732,"[{'y': 92, 'x': 63}, {'y': 89, 'x': 73}]",2057984,"Others on the ball","Germany","2H",168.755182,72,258996288,"[1401]",92,63,89,73,2,365,365,"Touch","1970-01-01 00:45:00.000000168","T. Müller"
7,"Touch","[]",336178,"[{'y': 24, 'x': 36}, {'y': 11, 'x': 27}]",2057984,"Others on the ball","Mexico","2H",169.999777,72,258996162,,24,36,11,27,2,366,366,"Touch","1970-01-01 00:45:00.000000169","J. Gallardo"
2,"Hand foul","[]",336178,"[{'y': 11, 'x': 27}, {'y': 100, 'x': 100}]",2057984,"Foul","Mexico","2H",170.930063,21,258996163,,11,27,100,100,2,366,366,"Hand foul","1970-01-01 00:45:00.000000170","J. Gallardo"
3,"Free Kick","[{'id': 1801}]",3318,"[{'y': 93, 'x': 62}, {'y': 81, 'x': 56}]",2057984,"Free Kick","Germany","2H",177.099778,31,258996290,"[1801]",93,62,81,56,2,367,367,"Free Kick","1970-01-01 00:45:00.000000177","S. Khedira"
8,"Simple pass","[{'id': 1801}]",14723,"[{'y': 81, 'x': 56}, {'y': 81, 'x': 69}]",2057984,"Pass","Germany","2H",178.480361,85,258996291,"[1801]",81,56,81,69,2,367,367,"Simple pass","1970-01-01 00:45:00.000000178","T. Kroos"
8,"Simple pass","[{'id': 1801}]",173214,"[{'y': 81, 'x': 69}, {'y': 98, 'x': 58}]",2057984,"Pass","Germany","2H",179.833076,85,258996292,"[1801]",81,69,98,58,2,367,367,"Simple pass","1970-01-01 00:45:00.000000179","T. Werner"
8,"Simple pass","[{'id': 1801}]",224593,"[{'y': 98, 'x': 58}, {'y': 85, 'x': 51}]",2057984,"Pass","Germany","2H",181.647269,85,258996293,"[1801]",98,58,85,51,2,367,367,"Simple pass","1970-01-01 00:45:00.000000181","J. Kimmich"
7,"Touch","[]",14716,"[{'y': 85, 'x': 51}, {'y': 83, 'x': 61}]",2057984,"Others on the ball","Germany","2H",182.545917,72,258996298,,85,51,83,61,2,367,367,"Touch","1970-01-01 00:45:00.000000182","J. Boateng"
8,"Simple pass","[{'id': 1801}]",14716,"[{'y': 83, 'x': 61}, {'y': 86, 'x': 72}]",2057984,"Pass","Germany","2H",186.361026,85,258996299,"[1801]",83,61,86,72,2,367,367,"Simple pass","1970-01-01 00:45:00.000000186","J. Boateng"
8,"Simple pass","[{'id': 1801}]",3318,"[{'y': 86, 'x': 72}, {'y': 94, 'x': 86}]",2057984,"Pass","Germany","2H",187.569154,85,258996305,"[1801]",86,72,94,86,2,367,367,"Simple pass","1970-01-01 00:45:00.000000187","S. Khedira"
8,"Cross","[{'id': 402}, {'id': 801}, {'id': 1802}]",14732,"[{'y': 94, 'x': 86}, {'y': 35, 'x': 100}]",2057984,"Pass","Germany","2H",189.57573,80,258996306,"[402, 801, 1802]",94,86,35,100,2,368,368,"Cross","1970-01-01 00:45:00.000000189","T. Müller"
3,"Goal kick","[]",25816,"[{'y': 0, 'x': 0}, {'y': 90, 'x': 55}]",2057984,"Free Kick","Mexico","2H",214.629493,34,258996166,,0,0,90,55,2,369,369,"Goal kick","1970-01-01 00:45:00.000000214","G. Ochoa"
1,"Air duel","[{'id': 702}, {'id': 1801}]",14862,"[{'y': 10, 'x': 45}, {'y': 0, 'x': 33}]",2057984,"Duel","Germany","2H",217.962971,10,258996309,"[702, 1801]",10,45,0,33,2,370,370,"Air duel","1970-01-01 00:45:00.000000217","J. Draxler"
1,"Air duel","[{'id': 702}, {'id': 1801}]",255387,"[{'y': 90, 'x': 55}, {'y': 100, 'x': 67}]",2057984,"Duel","Mexico","2H",218.60946,10,258996167,"[702, 1801]",90,55,100,67,2,371,371,"Air duel","1970-01-01 00:45:00.000000218","C. Salcedo"
3,"Throw in","[{'id': 1801}]",112366,"[{'y': 100, 'x': 67}, {'y': 82, 'x': 65}]",2057984,"Free Kick","Mexico","2H",223.128619,36,258996169,"[1801]",100,67,82,65,2,371,371,"Throw in","1970-01-01 00:45:00.000000223","M. Layún"
7,"Touch","[{'id': 1302}]",7941,"[{'y': 82, 'x': 65}, {'y': 65, 'x': 70}]",2057984,"Others on the ball","Mexico","2H",224.227762,72,258996170,"[1302]",82,65,65,70,2,371,371,"Touch","1970-01-01 00:45:00.000000224","J. Hernández"
8,"Launch","[{'id': 1802}]",14716,"[{'y': 35, 'x': 30}, {'y': 24, 'x': 69}]",2057984,"Pass","Germany","2H",225.514113,84,258996310,"[1802]",35,30,24,69,2,372,372,"Launch","1970-01-01 00:45:00.000000225","J. Boateng"
8,"Head pass","[{'id': 1801}]",112777,"[{'y': 76, 'x': 31}, {'y': 92, 'x': 30}]",2057984,"Pass","Mexico","2H",229.517095,82,258996172,"[1801]",76,31,92,30,2,373,373,"Head pass","1970-01-01 00:45:00.000000229","H. Ayala"
8,"Simple pass","[{'id': 1801}]",255387,"[{'y': 92, 'x': 30}, {'y': 90, 'x': 20}]",2057984,"Pass","Mexico","2H",231.077222,85,258996173,"[1801]",92,30,90,20,2,373,373,"Simple pass","1970-01-01 00:45:00.000000231","C. Salcedo"
8,"Launch","[{'id': 1802}]",112777,"[{'y': 90, 'x': 20}, {'y': 65, 'x': 52}]",2057984,"Pass","Mexico","2H",232.31727,84,258996174,"[1802]",90,20,65,52,2,374,374,"Launch","1970-01-01 00:45:00.000000232","H. Ayala"
7,"Clearance","[{'id': 1401}, {'id': 1802}]",14716,"[{'y': 35, 'x': 48}, {'y': 0, 'x': 68}]",2057984,"Others on the ball","Germany","2H",234.306141,71,258996314,"[1401, 1802]",35,48,0,68,2,375,375,"Clearance","1970-01-01 00:45:00.000000234","J. Boateng"
3,"Throw in","[{'id': 1801}]",255387,"[{'y': 100, 'x': 33}, {'y': 73, 'x': 64}]",2057984,"Free Kick","Mexico","2H",248.289254,36,258996176,"[1801]",100,33,73,64,2,376,376,"Throw in","1970-01-01 00:45:00.000000248","C. Salcedo"
8,"Simple pass","[{'id': 1801}]",112459,"[{'y': 73, 'x': 64}, {'y': 90, 'x': 63}]",2057984,"Pass","Mexico","2H",250.16846,85,258996177,"[1801]",73,64,90,63,2,376,376,"Simple pass","1970-01-01 00:45:00.000000250","H. Herrera"
8,"Simple pass","[{'id': 1802}]",7941,"[{'y': 90, 'x': 63}, {'y': 87, 'x': 75}]",2057984,"Pass","Mexico","2H",251.603174,85,258996178,"[1802]",90,63,87,75,2,377,377,"Simple pass","1970-01-01 00:45:00.000000251","J. Hernández"
7,"Clearance","[{'id': 1802}]",15125,"[{'y': 13, 'x': 25}, {'y': 0, 'x': 27}]",2057984,"Others on the ball","Germany","2H",253.144633,71,258996318,"[1802]",13,25,0,27,2,378,378,"Clearance","1970-01-01 00:45:00.000000253","M. Plattenhardt"
3,"Throw in","[{'id': 1801}]",255387,"[{'y': 100, 'x': 67}, {'y': 74, 'x': 68}]",2057984,"Free Kick","Mexico","2H",272.078793,36,258996181,"[1801]",100,67,74,68,2,379,379,"Throw in","1970-01-01 00:45:00.000000272","C. Salcedo"
8,"Simple pass","[{'id': 1801}]",112459,"[{'y': 74, 'x': 68}, {'y': 73, 'x': 64}]",2057984,"Pass","Mexico","2H",274.929237,85,258996182,"[1801]",74,68,73,64,2,379,379,"Simple pass","1970-01-01 00:45:00.000000274","H. Herrera"
8,"Simple pass","[{'id': 1801}]",3384,"[{'y': 73, 'x': 64}, {'y': 30, 'x': 64}]",2057984,"Pass","Mexico","2H",277.201174,85,258996183,"[1801]",73,64,30,64,2,379,379,"Simple pass","1970-01-01 00:45:00.000000277","A. Guardado"
8,"Simple pass","[{'id': 1801}]",3795,"[{'y': 30, 'x': 64}, {'y': 11, 'x': 62}]",2057984,"Pass","Mexico","2H",281.552111,85,258996184,"[1801]",30,64,11,62,2,379,379,"Simple pass","1970-01-01 00:45:00.000000281","H. Moreno"
8,"Simple pass","[{'id': 1801}]",336178,"[{'y': 11, 'x': 62}, {'y': 7, 'x': 71}]",2057984,"Pass","Mexico","2H",283.764921,85,258996185,"[1801]",11,62,7,71,2,379,379,"Simple pass","1970-01-01 00:45:00.000000283","J. Gallardo"
8,"Simple pass","[{'id': 1801}]",295156,"[{'y': 7, 'x': 71}, {'y': 19, 'x': 67}]",2057984,"Pass","Mexico","2H",285.688762,85,258996186,"[1801]",7,71,19,67,2,379,379,"Simple pass","1970-01-01 00:45:00.000000285","H. Lozano"
8,"Simple pass","[{'id': 1801}]",3685,"[{'y': 19, 'x': 67}, {'y': 6, 'x': 45}]",2057984,"Pass","Mexico","2H",286.736413,85,258996187,"[1801]",19,67,6,45,2,379,379,"Simple pass","1970-01-01 00:45:00.000000286","C. Vela"
8,"Simple pass","[{'id': 1801}]",336178,"[{'y': 6, 'x': 45}, {'y': 22, 'x': 34}]",2057984,"Pass","Mexico","2H",290.042842,85,258996188,"[1801]",6,45,22,34,2,379,379,"Simple pass","1970-01-01 00:45:00.000000290","J. Gallardo"
8,"Simple pass","[{'id': 1801}]",3795,"[{'y': 22, 'x': 34}, {'y': 41, 'x': 11}]",2057984,"Pass","Mexico","2H",292.867969,85,258996189,"[1801]",22,34,41,11,2,379,379,"Simple pass","1970-01-01 00:45:00.000000292","H. Moreno"
8,"Simple pass","[{'id': 1801}]",25816,"[{'y': 41, 'x': 11}, {'y': 36, 'x': 31}]",2057984,"Pass","Mexico","2H",296.614382,85,258996190,"[1801]",41,11,36,31,2,379,379,"Simple pass","1970-01-01 00:45:00.000000296","G. Ochoa"
8,"Simple pass","[{'id': 1801}]",3384,"[{'y': 36, 'x': 31}, {'y': 50, 'x': 10}]",2057984,"Pass","Mexico","2H",299.493334,85,258996191,"[1801]",36,31,50,10,2,379,379,"Simple pass","1970-01-01 00:45:00.000000299","A. Guardado"
8,"Simple pass","[{'id': 1801}]",25816,"[{'y': 50, 'x': 10}, {'y': 57, 'x': 24}]",2057984,"Pass","Mexico","2H",301.880477,85,258996192,"[1801]",50,10,57,24,2,379,379,"Simple pass","1970-01-01 00:45:00.000000301","G. Ochoa"
8,"Simple pass","[{'id': 1801}]",3384,"[{'y': 57, 'x': 24}, {'y': 88, 'x': 11}]",2057984,"Pass","Mexico","2H",303.215112,85,258996193,"[1801]",57,24,88,11,2,379,379,"Simple pass","1970-01-01 00:45:00.000000303","A. Guardado"
8,"High pass","[{'id': 1801}]",112777,"[{'y': 88, 'x': 11}, {'y': 69, 'x': 47}]",2057984,"Pass","Mexico","2H",306.731033,83,258996194,"[1801]",88,11,69,47,2,379,379,"High pass","1970-01-01 00:45:00.000000306","H. Ayala"
1,"Ground loose ball duel","[{'id': 703}, {'id': 1801}]",7941,"[{'y': 69, 'x': 47}, {'y': 65, 'x': 48}]",2057984,"Duel","Mexico","2H",308.642748,13,258996195,"[703, 1801]",69,47,65,48,2,379,379,"Ground loose ball duel","1970-01-01 00:45:00.000000308","J. Hernández"
1,"Ground loose ball duel","[{'id': 701}, {'id': 1802}]",14716,"[{'y': 31, 'x': 53}, {'y': 35, 'x': 52}]",2057984,"Duel","Germany","2H",308.642748,13,258996324,"[701, 1802]",31,53,35,52,2,380,380,"Ground loose ball duel","1970-01-01 00:45:00.000000308","J. Boateng"
2,"Foul","[]",14716,"[{'y': 35, 'x': 52}, {'y': 31, 'x': 53}]",2057984,"Foul","Germany","2H",310.084707,20,258996325,,35,52,31,53,2,380,380,"Foul","1970-01-01 00:45:00.000000310","J. Boateng"
3,"Free Kick","[{'id': 1801}]",112459,"[{'y': 72, 'x': 47}, {'y': 16, 'x': 77}]",2057984,"Free Kick","Mexico","2H",321.574716,31,258996196,"[1801]",72,47,16,77,2,381,381,"Free Kick","1970-01-01 00:45:00.000000321","H. Herrera"
8,"Simple pass","[{'id': 1801}]",295156,"[{'y': 16, 'x': 77}, {'y': 22, 'x': 67}]",2057984,"Pass","Mexico","2H",329.276367,85,258996199,"[1801]",16,77,22,67,2,381,381,"Simple pass","1970-01-01 00:45:00.000000329","H. Lozano"
8,"Simple pass","[{'id': 1801}]",3685,"[{'y': 22, 'x': 67}, {'y': 28, 'x': 67}]",2057984,"Pass","Mexico","2H",331.516557,85,258996200,"[1801]",22,67,28,67,2,381,381,"Simple pass","1970-01-01 00:45:00.000000331","C. Vela"
8,"Simple pass","[{'id': 1801}]",112459,"[{'y': 28, 'x': 67}, {'y': 12, 'x': 72}]",2057984,"Pass","Mexico","2H",333.620255,85,258996201,"[1801]",28,67,12,72,2,381,381,"Simple pass","1970-01-01 00:45:00.000000333","H. Herrera"
8,"Simple pass","[{'id': 1801}]",3685,"[{'y': 12, 'x': 72}, {'y': 22, 'x': 69}]",2057984,"Pass","Mexico","2H",337.144128,85,258996202,"[1801]",12,72,22,69,2,381,381,"Simple pass","1970-01-01 00:45:00.000000337","C. Vela"
8,"Simple pass","[{'id': 1801}]",112459,"[{'y': 22, 'x': 69}, {'y': 5, 'x': 65}]",2057984,"Pass","Mexico","2H",337.985144,85,258996203,"[1801]",22,69,5,65,2,381,381,"Simple pass","1970-01-01 00:45:00.000000337","H. Herrera"
8,"Simple pass","[{'id': 1801}]",336178,"[{'y': 5, 'x': 65}, {'y': 9, 'x': 74}]",2057984,"Pass","Mexico","2H",339.891668,85,258996204,"[1801]",5,65,9,74,2,381,381,"Simple pass","1970-01-01 00:45:00.000000339","J. Gallardo"
7,"Touch","[{'id': 1301}]",295156,"[{'y': 9, 'x': 74}, {'y': 7, 'x': 75}]",2057984,"Others on the ball","Mexico","2H",341.042446,72,258996205,"[1301]",9,74,7,75,2,381,381,"Touch","1970-01-01 00:45:00.000000341","H. Lozano"
1,"Ground attacking duel","[{'id': 503}, {'id': 703}, {'id': 1801}]",295156,"[{'y': 7, 'x': 75}, {'y': 11, 'x': 95}]",2057984,"Duel","Mexico","2H",341.899429,11,258996206,"[503, 703, 1801]",7,75,11,95,2,381,381,"Ground attacking duel","1970-01-01 00:45:00.000000341","H. Lozano"
1,"Ground defending duel","[{'id': 501}, {'id': 702}, {'id': 1801}]",224593,"[{'y': 89, 'x': 5}, {'y': 100, 'x': 100}]",2057984,"Duel","Germany","2H",345.516718,12,258996339,"[501, 702, 1801]",89,5,100,100,2,382,382,"Ground defending duel","1970-01-01 00:45:00.000000345","J. Kimmich"
3,"Goal kick","[]",14712,"[{'y': 100, 'x': 100}, {'y': 67, 'x': 25}]",2057984,"Free Kick","Germany","2H",354.773495,34,258996340,,100,100,67,25,2,382,382,"Goal kick","1970-01-01 00:45:00.000000354","M. Neuer"
7,"Touch","[]",3318,"[{'y': 67, 'x': 25}, {'y': 69, 'x': 48}]",2057984,"Others on the ball","Germany","2H",358.103351,72,258996342,,67,25,69,48,2,382,382,"Touch","1970-01-01 00:45:00.000000358","S. Khedira"
8,"Simple pass","[{'id': 1801}]",3318,"[{'y': 69, 'x': 48}, {'y': 97, 'x': 59}]",2057984,"Pass","Germany","2H",363.688343,85,258996344,"[1801]",69,48,97,59,2,382,382,"Simple pass","1970-01-01 00:45:00.000000363","S. Khedira"
8,"Simple pass","[{'id': 1801}]",224593,"[{'y': 97, 'x': 59}, {'y': 80, 'x': 52}]",2057984,"Pass","Germany","2H",366.739628,85,258996346,"[1801]",97,59,80,52,2,382,382,"Simple pass","1970-01-01 00:45:00.000000366","J. Kimmich"
1,"Ground attacking duel","[{'id': 504}, {'id': 703}, {'id': 1801}]",3318,"[{'y': 80, 'x': 52}, {'y': 84, 'x': 58}]",2057984,"Duel","Germany","2H",368.722622,11,258996347,"[504, 703, 1801]",80,52,84,58,2,382,382,"Ground attacking duel","1970-01-01 00:45:00.000000368","S. Khedira"
8,"Simple pass","[{'id': 1801}]",3318,"[{'y': 84, 'x': 58}, {'y': 81, 'x': 63}]",2057984,"Pass","Germany","2H",369.568036,85,258996348,"[1801]",84,58,81,63,2,382,382,"Simple pass","1970-01-01 00:45:00.000000369","S. Khedira"
8,"Simple pass","[{'id': 1801}]",14732,"[{'y': 81, 'x': 63}, {'y': 93, 'x': 53}]",2057984,"Pass","Germany","2H",369.912685,85,258996349,"[1801]",81,63,93,53,2,382,382,"Simple pass","1970-01-01 00:45:00.000000369","T. Müller"
8,"Simple pass","[{'id': 1801}]",224593,"[{'y': 93, 'x': 53}, {'y': 74, 'x': 41}]",2057984,"Pass","Germany","2H",373.218764,85,258996351,"[1801]",93,53,74,41,2,382,382,"Simple pass","1970-01-01 00:45:00.000000373","J. Kimmich"
7,"Touch","[]",14716,"[{'y': 74, 'x': 41}, {'y': 54, 'x': 49}]",2057984,"Others on the ball","Germany","2H",374.611326,72,258996352,,74,41,54,49,2,382,382,"Touch","1970-01-01 00:45:00.000000374","J. Boateng"
8,"Simple pass","[{'id': 1801}]",14716,"[{'y': 54, 'x': 49}, {'y': 26, 'x': 58}]",2057984,"Pass","Germany","2H",378.590804,85,258996353,"[1801]",54,49,26,58,2,382,382,"Simple pass","1970-01-01 00:45:00.000000378","J. Boateng"
7,"Touch","[]",14862,"[{'y': 26, 'x': 58}, {'y': 25, 'x': 45}]",2057984,"Others on the ball","Germany","2H",379.764293,72,258996354,,26,58,25,45,2,382,382,"Touch","1970-01-01 00:45:00.000000379","J. Draxler"
8,"Simple pass","[{'id': 1801}]",14862,"[{'y': 25, 'x': 45}, {'y': 27, 'x': 52}]",2057984,"Pass","Germany","2H",383.436535,85,258996355,"[1801]",25,45,27,52,2,382,382,"Simple pass","1970-01-01 00:45:00.000000383","J. Draxler"
8,"Simple pass","[{'id': 1801}]",14723,"[{'y': 27, 'x': 52}, {'y': 18, 'x': 47}]",2057984,"Pass","Germany","2H",385.75161,85,258996356,"[1801]",27,52,18,47,2,382,382,"Simple pass","1970-01-01 00:45:00.000000385","T. Kroos"
8,"Simple pass","[{'id': 1801}]",14862,"[{'y': 18, 'x': 47}, {'y': 55, 'x': 46}]",2057984,"Pass","Germany","2H",386.983607,85,258996357,"[1801]",18,47,55,46,2,382,382,"Simple pass","1970-01-01 00:45:00.000000386","J. Draxler"
7,"Touch","[]",14716,"[{'y': 55, 'x': 46}, {'y': 54, 'x': 57}]",2057984,"Others on the ball","Germany","2H",388.682808,72,258996358,,55,46,54,57,2,382,382,"Touch","1970-01-01 00:45:00.000000388","J. Boateng"
8,"High pass","[{'id': 901}, {'id': 1802}]",14716,"[{'y': 54, 'x': 57}, {'y': 28, 'x': 79}]",2057984,"Pass","Germany","2H",391.517583,83,258996359,"[901, 1802]",54,57,28,79,2,383,383,"High pass","1970-01-01 00:45:00.000000391","J. Boateng"
7,"Clearance","[{'id': 1401}, {'id': 1801}]",255387,"[{'y': 72, 'x': 21}, {'y': 30, 'x': 23}]",2057984,"Others on the ball","Mexico","2H",393.178969,71,258996209,"[1401, 1801]",72,21,30,23,2,384,384,"Clearance","1970-01-01 00:45:00.000000393","C. Salcedo"
8,"Head pass","[{'id': 1802}]",336178,"[{'y': 30, 'x': 23}, {'y': 36, 'x': 43}]",2057984,"Pass","Mexico","2H",395.085588,82,258996211,"[1802]",30,23,36,43,2,385,385,"Head pass","1970-01-01 00:45:00.000000395","J. Gallardo"
8,"Head pass","[{'id': 1801}]",14716,"[{'y': 64, 'x': 57}, {'y': 95, 'x': 61}]",2057984,"Pass","Germany","2H",397.109672,82,258996361,"[1801]",64,57,95,61,2,386,386,"Head pass","1970-01-01 00:45:00.000000397","J. Boateng"
8,"Simple pass","[{'id': 1801}]",3318,"[{'y': 95, 'x': 61}, {'y': 97, 'x': 86}]",2057984,"Pass","Germany","2H",402.313704,85,258996362,"[1801]",95,61,97,86,2,386,386,"Simple pass","1970-01-01 00:45:00.000000402","S. Khedira"
8,"Cross","[{'id': 402}, {'id': 2101}, {'id': 1802}]",224593,"[{'y': 97, 'x': 86}, {'y': 0, 'x': 0}]",2057984,"Pass","Germany","2H",405.759293,80,258996363,"[402, 2101, 1802]",97,86,0,0,2,387,387,"Cross","1970-01-01 00:45:00.000000405","J. Kimmich"
7,"Touch","[{'id': 1401}]",336178,"[{'y': 10, 'x': 12}, {'y': 0, 'x': 24}]",2057984,"Others on the ball","Mexico","2H",407.419905,72,258996213,"[1401]",10,12,0,24,2,388,388,"Touch","1970-01-01 00:45:00.000000407","J. Gallardo"
3,"Throw in","[{'id': 1801}]",224593,"[{'y': 100, 'x': 86}, {'y': 91, 'x': 76}]",2057984,"Free Kick","Germany","2H",411.022764,36,258996364,"[1801]",100,86,91,76,2,389,389,"Throw in","1970-01-01 00:45:00.000000411","J. Kimmich"
1,"Ground defending duel","[{'id': 702}, {'id': 1801}]",112459,"[{'y': 9, 'x': 24}, {'y': 0, 'x': 30}]",2057984,"Duel","Mexico","2H",412.35111,12,258996217,"[702, 1801]",9,24,0,30,2,390,390,"Ground defending duel","1970-01-01 00:45:00.000000412","H. Herrera"
1,"Ground attacking duel","[{'id': 702}, {'id': 1801}]",3318,"[{'y': 91, 'x': 76}, {'y': 100, 'x': 70}]",2057984,"Duel","Germany","2H",412.990651,11,258996365,"[702, 1801]",91,76,100,70,2,391,391,"Ground attacking duel","1970-01-01 00:45:00.000000412","S. Khedira"
3,"Throw in","[{'id': 1801}]",224593,"[{'y': 100, 'x': 70}, {'y': 90, 'x': 57}]",2057984,"Free Kick","Germany","2H",418.109497,36,258996366,"[1801]",100,70,90,57,2,391,391,"Throw in","1970-01-01 00:45:00.000000418","J. Kimmich"
8,"Simple pass","[{'id': 1801}]",14716,"[{'y': 90, 'x': 57}, {'y': 99, 'x': 63}]",2057984,"Pass","Germany","2H",420.027042,85,258996367,"[1801]",90,57,99,63,2,391,391,"Simple pass","1970-01-01 00:45:00.000000420","J. Boateng"
7,"Touch","[]",224593,"[{'y': 99, 'x': 63}, {'y': 58, 'x': 71}]",2057984,"Others on the ball","Germany","2H",421.516613,72,258996368,,99,63,58,71,2,391,391,"Touch","1970-01-01 00:45:00.000000421","J. Kimmich"
8,"Simple pass","[{'id': 1801}]",224593,"[{'y': 58, 'x': 71}, {'y': 44, 'x': 75}]",2057984,"Pass","Germany","2H",427.187858,85,258996369,"[1801]",58,71,44,75,2,391,391,"Simple pass","1970-01-01 00:45:00.000000427","J. Kimmich"
8,"Simple pass","[{'id': 1801}]",14862,"[{'y': 44, 'x': 75}, {'y': 71, 'x': 80}]",2057984,"Pass","Germany","2H",430.493959,85,258996371,"[1801]",44,75,71,80,2,391,391,"Simple pass","1970-01-01 00:45:00.000000430","J. Draxler"
8,"Simple pass","[{'id': 1801}]",14732,"[{'y': 71, 'x': 80}, {'y': 77, 'x': 88}]",2057984,"Pass","Germany","2H",433.490496,85,258996373,"[1801]",71,80,77,88,2,391,391,"Simple pass","1970-01-01 00:45:00.000000433","T. Müller"
8,"Simple pass","[{'id': 1801}]",3318,"[{'y': 77, 'x': 88}, {'y': 57, 'x': 75}]",2057984,"Pass","Germany","2H",434.781334,85,258996374,"[1801]",77,88,57,75,2,391,391,"Simple pass","1970-01-01 00:45:00.000000434","S. Khedira"
1,"Ground defending duel","[{'id': 501}, {'id': 701}, {'id': 1802}]",112459,"[{'y': 43, 'x': 25}, {'y': 49, 'x': 23}]",2057984,"Duel","Mexico","2H",435.89111,12,258996221,"[501, 701, 1802]",43,25,49,23,2,392,392,"Ground defending duel","1970-01-01 00:45:00.000000435","H. Herrera"
1,"Ground attacking duel","[{'id': 502}, {'id': 703}, {'id': 1801}]",224593,"[{'y': 57, 'x': 75}, {'y': 51, 'x': 77}]",2057984,"Duel","Germany","2H",436.970723,11,258996376,"[502, 703, 1801]",57,75,51,77,2,393,393,"Ground attacking duel","1970-01-01 00:45:00.000000436","J. Kimmich"
10,"Shot","[{'id': 401}, {'id': 201}, {'id': 1216}, {'id': 1802}]",224593,"[{'y': 51, 'x': 77}, {'y': 0, 'x': 0}]",2057984,"Shot","Germany","2H",438.684701,100,258996378,"[401, 201, 1216, 1802]",51,77,0,0,2,393,393,"Shot","1970-01-01 00:45:00.000000438","J. Kimmich"
3,"Goal kick","[]",25816,"[{'y': 0, 'x': 0}, {'y': 86, 'x': 46}]",2057984,"Free Kick","Mexico","2H",462.872745,34,258996226,,0,0,86,46,2,394,394,"Goal kick","1970-01-01 00:45:00.000000462","G. Ochoa"
1,"Air duel","[{'id': 701}, {'id': 1802}]",14862,"[{'y': 14, 'x': 54}, {'y': 22, 'x': 26}]",2057984,"Duel","Germany","2H",465.795199,10,258996379,"[701, 1802]",14,54,22,26,2,395,395,"Air duel","1970-01-01 00:45:00.000000465","J. Draxler"
1,"Air duel","[{'id': 703}, {'id': 1801}]",255387,"[{'y': 86, 'x': 46}, {'y': 78, 'x': 74}]",2057984,"Duel","Mexico","2H",466.153856,10,258996227,"[703, 1801]",86,46,78,74,2,396,396,"Air duel","1970-01-01 00:45:00.000000466","C. Salcedo"
8,"Simple pass","[{'id': 1801}]",14795,"[{'y': 22, 'x': 26}, {'y': 37, 'x': 11}]",2057984,"Pass","Germany","2H",469.536858,85,258996380,"[1801]",22,26,37,11,2,397,397,"Simple pass","1970-01-01 00:45:00.000000469","M. Hummels"
8,"Simple pass","[{'id': 1801}]",14712,"[{'y': 37, 'x': 11}, {'y': 13, 'x': 17}]",2057984,"Pass","Germany","2H",473.777812,85,258996382,"[1801]",37,11,13,17,2,397,397,"Simple pass","1970-01-01 00:45:00.000000473","M. Neuer"
7,"Touch","[]",14795,"[{'y': 13, 'x': 17}, {'y': 17, 'x': 30}]",2057984,"Others on the ball","Germany","2H",475.146984,72,258996384,,13,17,17,30,2,397,397,"Touch","1970-01-01 00:45:00.000000475","M. Hummels"
8,"Simple pass","[{'id': 1801}]",14795,"[{'y': 17, 'x': 30}, {'y': 72, 'x': 28}]",2057984,"Pass","Germany","2H",479.722632,85,258996386,"[1801]",17,30,72,28,2,397,397,"Simple pass","1970-01-01 00:45:00.000000479","M. Hummels"
7,"Touch","[]",14716,"[{'y': 72, 'x': 28}, {'y': 76, 'x': 58}]",2057984,"Others on the ball","Germany","2H",481.566144,72,258996387,,72,28,76,58,2,397,397,"Touch","1970-01-01 00:45:00.000000481","J. Boateng"
8,"Simple pass","[{'id': 1802}]",14716,"[{'y': 76, 'x': 58}, {'y': 69, 'x': 69}]",2057984,"Pass","Germany","2H",489.820212,85,258996389,"[1802]",76,58,69,69,2,398,398,"Simple pass","1970-01-01 00:45:00.000000489","J. Boateng"
8,"Simple pass","[{'id': 1901}, {'id': 1801}]",336178,"[{'y': 31, 'x': 31}, {'y': 45, 'x': 35}]",2057984,"Pass","Mexico","2H",491.32784,85,258996232,"[1901, 1801]",31,31,45,35,2,399,399,"Simple pass","1970-01-01 00:45:00.000000491","J. Gallardo"
8,"Simple pass","[{'id': 1901}, {'id': 1801}]",3384,"[{'y': 45, 'x': 35}, {'y': 28, 'x': 66}]",2057984,"Pass","Mexico","2H",493.078523,85,258996239,"[1901, 1801]",45,35,28,66,2,399,399,"Simple pass","1970-01-01 00:45:00.000000493","A. Guardado"
8,"Simple pass","[{'id': 1901}, {'id': 1801}]",112459,"[{'y': 28, 'x': 66}, {'y': 6, 'x': 79}]",2057984,"Pass","Mexico","2H",496.618761,85,258996240,"[1901, 1801]",28,66,6,79,2,399,399,"Simple pass","1970-01-01 00:45:00.000000496","H. Herrera"
8,"Simple pass","[{'id': 1901}, {'id': 1801}]",295156,"[{'y': 6, 'x': 79}, {'y': 7, 'x': 61}]",2057984,"Pass","Mexico","2H",503.465253,85,258996242,"[1901, 1801]",6,79,7,61,2,399,399,"Simple pass","1970-01-01 00:45:00.000000503","H. Lozano"
8,"Simple pass","[{'id': 1801}]",336178,"[{'y': 7, 'x': 61}, {'y': 24, 'x': 57}]",2057984,"Pass","Mexico","2H",506.523872,85,258996244,"[1801]",7,61,24,57,2,399,399,"Simple pass","1970-01-01 00:45:00.000000506","J. Gallardo"
8,"Simple pass","[{'id': 1801}]",3795,"[{'y': 24, 'x': 57}, {'y': 60, 'x': 60}]",2057984,"Pass","Mexico","2H",509.750031,85,258996247,"[1801]",24,57,60,60,2,399,399,"Simple pass","1970-01-01 00:45:00.000000509","H. Moreno"
8,"Simple pass","[{'id': 1801}]",3685,"[{'y': 60, 'x': 60}, {'y': 93, 'x': 62}]",2057984,"Pass","Mexico","2H",512.534523,85,258996248,"[1801]",60,60,93,62,2,399,399,"Simple pass","1970-01-01 00:45:00.000000512","C. Vela"
8,"Simple pass","[{'id': 1801}]",255387,"[{'y': 93, 'x': 62}, {'y': 91, 'x': 68}]",2057984,"Pass","Mexico","2H",515.359126,85,258996249,"[1801]",93,62,91,68,2,399,399,"Simple pass","1970-01-01 00:45:00.000000515","C. Salcedo"
7,"Touch","[{'id': 1302}]",112366,"[{'y': 91, 'x': 68}, {'y': 84, 'x': 60}]",2057984,"Others on the ball","Mexico","2H",516.489586,72,258996251,"[1302]",91,68,84,60,2,399,399,"Touch","1970-01-01 00:45:00.000000516","M. Layún"
8,"Simple pass","[{'id': 1801}]",15125,"[{'y': 16, 'x': 40}, {'y': 26, 'x': 52}]",2057984,"Pass","Germany","2H",517.793597,85,258996398,"[1801]",16,40,26,52,2,400,400,"Simple pass","1970-01-01 00:45:00.000000517","M. Plattenhardt"
7,"Touch","[]",3319,"[{'y': 26, 'x': 52}, {'y': 27, 'x': 58}]",2057984,"Others on the ball","Germany","2H",519.375756,72,258996402,,26,52,27,58,2,400,400,"Touch","1970-01-01 00:45:00.000000519","M. Özil"
8,"Simple pass","[{'id': 1801}]",3319,"[{'y': 27, 'x': 58}, {'y': 22, 'x': 70}]",2057984,"Pass","Germany","2H",523.313527,85,258996404,"[1801]",27,58,22,70,2,400,400,"Simple pass","1970-01-01 00:45:00.000000523","M. Özil"
1,"Ground defending duel","[{'id': 503}, {'id': 702}, {'id': 1801}]",255387,"[{'y': 78, 'x': 30}, {'y': 63, 'x': 29}]",2057984,"Duel","Mexico","2H",524.842443,12,258996258,"[503, 702, 1801]",78,30,63,29,2,401,401,"Ground defending duel","1970-01-01 00:45:00.000000524","C. Salcedo"
1,"Ground attacking duel","[{'id': 504}, {'id': 702}, {'id': 1801}]",14862,"[{'y': 22, 'x': 70}, {'y': 37, 'x': 71}]",2057984,"Duel","Germany","2H",525.3304,11,258996405,"[504, 702, 1801]",22,70,37,71,2,402,402,"Ground attacking duel","1970-01-01 00:45:00.000000525","J. Draxler"
1,"Ground loose ball duel","[{'id': 702}, {'id': 1801}]",112459,"[{'y': 63, 'x': 29}, {'y': 63, 'x': 19}]",2057984,"Duel","Mexico","2H",526.172749,13,258996260,"[702, 1801]",63,29,63,19,2,403,403,"Ground loose ball duel","1970-01-01 00:45:00.000000526","H. Herrera"
1,"Ground loose ball duel","[{'id': 702}, {'id': 1801}]",14862,"[{'y': 37, 'x': 71}, {'y': 37, 'x': 81}]",2057984,"Duel","Germany","2H",526.378777,13,258996406,"[702, 1801]",37,71,37,81,2,404,404,"Ground loose ball duel","1970-01-01 00:45:00.000000526","J. Draxler"
1,"Ground loose ball duel","[{'id': 703}, {'id': 1801}]",112777,"[{'y': 63, 'x': 19}, {'y': 48, 'x': 13}]",2057984,"Duel","Mexico","2H",527.222062,13,258996262,"[703, 1801]",63,19,48,13,2,405,405,"Ground loose ball duel","1970-01-01 00:45:00.000000527","H. Ayala"
1,"Ground loose ball duel","[{'id': 701}, {'id': 1802}]",173214,"[{'y': 37, 'x': 81}, {'y': 52, 'x': 87}]",2057984,"Duel","Germany","2H",527.379588,13,258996408,"[701, 1802]",37,81,52,87,2,406,406,"Ground loose ball duel","1970-01-01 00:45:00.000000527","T. Werner"
8,"Launch","[{'id': 1801}]",25816,"[{'y': 48, 'x': 13}, {'y': 43, 'x': 62}]",2057984,"Pass","Mexico","2H",548.586476,84,258996266,"[1801]",48,13,43,62,2,407,407,"Launch","1970-01-01 00:45:00.000000548","G. Ochoa"
1,"Ground loose ball duel","[{'id': 701}, {'id': 1802}]",7941,"[{'y': 43, 'x': 62}, {'y': 33, 'x': 63}]",2057984,"Duel","Mexico","2H",552.817539,13,258996268,"[701, 1802]",43,62,33,63,2,407,407,"Ground loose ball duel","1970-01-01 00:45:00.000000552","J. Hernández"
1,"Ground loose ball duel","[{'id': 703}, {'id': 1801}]",14795,"[{'y': 57, 'x': 38}, {'y': 67, 'x': 37}]",2057984,"Duel","Germany","2H",553.123556,13,258996410,"[703, 1801]",57,38,67,37,2,408,408,"Ground loose ball duel","1970-01-01 00:45:00.000000553","M. Hummels"
8,"Simple pass","[{'id': 1801}]",14795,"[{'y': 67, 'x': 37}, {'y': 81, 'x': 60}]",2057984,"Pass","Germany","2H",553.723141,85,258996412,"[1801]",67,37,81,60,2,408,408,"Simple pass","1970-01-01 00:45:00.000000553","M. Hummels"
1,"Ground defending duel","[{'id': 702}, {'id': 1801}]",336178,"[{'y': 19, 'x': 40}, {'y': 30, 'x': 44}]",2057984,"Duel","Mexico","2H",555.561396,12,258996270,"[702, 1801]",19,40,30,44,2,409,409,"Ground defending duel","1970-01-01 00:45:00.000000555","J. Gallardo"
1,"Ground attacking duel","[{'id': 702}, {'id': 1801}]",14732,"[{'y': 81, 'x': 60}, {'y': 70, 'x': 56}]",2057984,"Duel","Germany","2H",555.958969,11,258996413,"[702, 1801]",81,60,70,56,2,410,410,"Ground attacking duel","1970-01-01 00:45:00.000000555","T. Müller"
7,"Touch","[{'id': 1401}]",112459,"[{'y': 31, 'x': 42}, {'y': 25, 'x': 28}]",2057984,"Others on the ball","Mexico","2H",557.148245,72,258996273,"[1401]",31,42,25,28,2,411,411,"Touch","1970-01-01 00:45:00.000000557","H. Herrera"
8,"High pass","[{'id': 1802}]",14732,"[{'y': 70, 'x': 56}, {'y': 69, 'x': 58}]",2057984,"Pass","Germany","2H",557.996871,83,258996414,"[1802]",70,56,69,58,2,412,412,"High pass","1970-01-01 00:45:00.000000557","T. Müller"
8,"Simple pass","[{'id': 1801}]",173214,"[{'y': 75, 'x': 72}, {'y': 54, 'x': 75}]",2057984,"Pass","Germany","2H",560.65788,85,258996417,"[1801]",75,72,54,75,2,412,412,"Simple pass","1970-01-01 00:45:00.000000560","T. Werner"
8,"Simple pass","[{'id': 1801}]",3319,"[{'y': 54, 'x': 75}, {'y': 33, 'x': 87}]",2057984,"Pass","Germany","2H",562.964134,85,258996420,"[1801]",54,75,33,87,2,412,412,"Simple pass","1970-01-01 00:45:00.000000562","M. Özil"
10,"Shot","[{'id': 402}, {'id': 2101}, {'id': 201}, {'id': 1802}]",14862,"[{'y': 33, 'x': 87}, {'y': 0, 'x': 0}]",2057984,"Shot","Germany","2H",563.860987,100,258996422,"[402, 2101, 201, 1802]",33,87,0,0,2,412,412,"Shot","1970-01-01 00:45:00.000000563","J. Draxler"
7,"Touch","[{'id': 1401}]",255387,"[{'y': 70, 'x': 12}, {'y': 61, 'x': 0}]",2057984,"Others on the ball","Mexico","2H",565.785982,72,258996279,"[1401]",70,12,61,0,2,413,413,"Touch","1970-01-01 00:45:00.000000565","C. Salcedo"
3,"Corner","[{'id': 1801}]",14862,"[{'y': 0, 'x': 100}, {'y': 13, 'x': 93}]",2057984,"Free Kick","Germany","2H",578.972906,30,258996425,"[1801]",0,100,13,93,2,414,414,"Corner","1970-01-01 00:45:00.000000578","J. Draxler"
8,"Simple pass","[{'id': 1801}]",14723,"[{'y': 13, 'x': 93}, {'y': 27, 'x': 76}]",2057984,"Pass","Germany","2H",582.028191,85,258996426,"[1801]",13,93,27,76,2,414,414,"Simple pass","1970-01-01 00:45:00.000000582","T. Kroos"
8,"Simple pass","[{'id': 1801}]",3319,"[{'y': 27, 'x': 76}, {'y': 8, 'x': 90}]",2057984,"Pass","Germany","2H",584.686654,85,258996427,"[1801]",27,76,8,90,2,414,414,"Simple pass","1970-01-01 00:45:00.000000584","M. Özil"
8,"Simple pass","[{'id': 1801}]",14862,"[{'y': 8, 'x': 90}, {'y': 35, 'x': 89}]",2057984,"Pass","Germany","2H",587.235756,85,258996428,"[1801]",8,90,35,89,2,414,414,"Simple pass","1970-01-01 00:45:00.000000587","J. Draxler"
1,"Ground defending duel","[{'id': 502}, {'id': 701}, {'id': 1802}]",112459,"[{'y': 65, 'x': 11}, {'y': 55, 'x': 15}]",2057984,"Duel","Mexico","2H",589.429537,12,258996283,"[502, 701, 1802]",65,11,55,15,2,415,415,"Ground defending duel","1970-01-01 00:45:00.000000589","H. Herrera"
1,"Ground attacking duel","[{'id': 501}, {'id': 703}, {'id': 1801}]",14723,"[{'y': 35, 'x': 89}, {'y': 45, 'x': 85}]",2057984,"Duel","Germany","2H",589.543506,11,258996429,"[501, 703, 1801]",35,89,45,85,2,416,416,"Ground attacking duel","1970-01-01 00:45:00.000000589","T. Kroos"
10,"Shot","[{'id': 402}, {'id': 2101}, {'id': 1802}]",14723,"[{'y': 45, 'x': 85}, {'y': 0, 'x': 0}]",2057984,"Shot","Germany","2H",590.426319,100,258996430,"[402, 2101, 1802]",45,85,0,0,2,416,416,"Shot","1970-01-01 00:45:00.000000590","T. Kroos"
7,"Touch","[{'id': 1401}]",112459,"[{'y': 60, 'x': 13}, {'y': 56, 'x': 31}]",2057984,"Others on the ball","Mexico","2H",592.367633,72,258996284,"[1401]",60,13,56,31,2,417,417,"Touch","1970-01-01 00:45:00.000000592","H. Herrera"
1,"Ground attacking duel","[{'id': 503}, {'id': 703}, {'id': 1801}]",3318,"[{'y': 44, 'x': 69}, {'y': 47, 'x': 71}]",2057984,"Duel","Germany","2H",593.981139,11,258996432,"[503, 703, 1801]",44,69,47,71,2,418,418,"Ground attacking duel","1970-01-01 00:45:00.000000593","S. Khedira"
1,"Ground attacking duel","[{'id': 504}, {'id': 703}, {'id': 1801}]",3318,"[{'y': 47, 'x': 71}, {'y': 58, 'x': 72}]",2057984,"Duel","Germany","2H",594.832954,11,258996434,"[504, 703, 1801]",47,71,58,72,2,418,418,"Ground attacking duel","1970-01-01 00:45:00.000000594","S. Khedira"
1,"Ground defending duel","[{'id': 504}, {'id': 701}, {'id': 1802}]",112459,"[{'y': 56, 'x': 31}, {'y': 53, 'x': 29}]",2057984,"Duel","Mexico","2H",595.273871,12,258996285,"[504, 701, 1802]",56,31,53,29,2,419,419,"Ground defending duel","1970-01-01 00:45:00.000000595","H. Herrera"
1,"Ground defending duel","[{'id': 503}, {'id': 701}, {'id': 1802}]",3685,"[{'y': 53, 'x': 29}, {'y': 42, 'x': 28}]",2057984,"Duel","Mexico","2H",596.366696,12,258996287,"[503, 701, 1802]",53,29,42,28,2,419,419,"Ground defending duel","1970-01-01 00:45:00.000000596","C. Vela"
8,"High pass","[{'id': 901}, {'id': 1801}]",14723,"[{'y': 58, 'x': 72}, {'y': 36, 'x': 90}]",2057984,"Pass","Germany","2H",598.033429,83,258996435,"[901, 1801]",58,72,36,90,2,420,420,"High pass","1970-01-01 00:45:00.000000598","T. Kroos"
1,"Air duel","[{'id': 703}, {'id': 1801}]",3384,"[{'y': 64, 'x': 10}, {'y': 47, 'x': 11}]",2057984,"Duel","Mexico","2H",599.509195,10,258996289,"[703, 1801]",64,10,47,11,2,421,421,"Air duel","1970-01-01 00:45:00.000000599","A. Guardado"
1,"Air duel","[{'id': 701}, {'id': 1802}]",14732,"[{'y': 36, 'x': 90}, {'y': 53, 'x': 89}]",2057984,"Duel","Germany","2H",599.728728,10,258996437,"[701, 1802]",36,90,53,89,2,422,422,"Air duel","1970-01-01 00:45:00.000000599","T. Müller"
8,"High pass","[{'id': 1801}]",25816,"[{'y': 47, 'x': 11}, {'y': 11, 'x': 36}]",2057984,"Pass","Mexico","2H",620.140379,83,258996294,"[1801]",47,11,11,36,2,423,423,"High pass","1970-01-01 00:45:00.000000620","G. Ochoa"
8,"Head pass","[{'id': 1801}]",336178,"[{'y': 11, 'x': 36}, {'y': 5, 'x': 47}]",2057984,"Pass","Mexico","2H",622.699062,82,258996295,"[1801]",11,36,5,47,2,423,423,"Head pass","1970-01-01 00:45:00.000000622","J. Gallardo"
1,"Ground attacking duel","[{'id': 503}, {'id': 701}, {'id': 1802}]",295156,"[{'y': 5, 'x': 47}, {'y': 10, 'x': 43}]",2057984,"Duel","Mexico","2H",626.086078,11,258996296,"[503, 701, 1802]",5,47,10,43,2,423,423,"Ground attacking duel","1970-01-01 00:45:00.000000626","H. Lozano"
1,"Ground defending duel","[{'id': 504}, {'id': 703}, {'id': 1801}]",14716,"[{'y': 95, 'x': 53}, {'y': 90, 'x': 57}]",2057984,"Duel","Germany","2H",626.088001,12,258996438,"[504, 703, 1801]",95,53,90,57,2,424,424,"Ground defending duel","1970-01-01 00:45:00.000000626","J. Boateng"
1,"Ground defending duel","[{'id': 702}, {'id': 1801}]",295156,"[{'y': 10, 'x': 43}, {'y': 13, 'x': 45}]",2057984,"Duel","Mexico","2H",628.549538,12,258996297,"[702, 1801]",10,43,13,45,2,425,425,"Ground defending duel","1970-01-01 00:45:00.000000628","H. Lozano"
1,"Ground attacking duel","[{'id': 702}, {'id': 1801}]",14716,"[{'y': 90, 'x': 57}, {'y': 87, 'x': 55}]",2057984,"Duel","Germany","2H",628.589713,11,258996439,"[702, 1801]",90,57,87,55,2,426,426,"Ground attacking duel","1970-01-01 00:45:00.000000628","J. Boateng"
7,"Touch","[{'id': 1302}]",336178,"[{'y': 21, 'x': 31}, {'y': 18, 'x': 29}]",2057984,"Others on the ball","Mexico","2H",629.442547,72,258996300,"[1302]",21,31,18,29,2,427,427,"Touch","1970-01-01 00:45:00.000000629","J. Gallardo"
8,"Simple pass","[{'id': 1802}]",14716,"[{'y': 87, 'x': 55}, {'y': 79, 'x': 69}]",2057984,"Pass","Germany","2H",629.641126,85,258996440,"[1802]",87,55,79,69,2,428,428,"Simple pass","1970-01-01 00:45:00.000000629","J. Boateng"
8,"Simple pass","[{'id': 1801}]",3795,"[{'y': 18, 'x': 29}, {'y': 31, 'x': 30}]",2057984,"Pass","Mexico","2H",631.710189,85,258996301,"[1801]",18,29,31,30,2,429,429,"Simple pass","1970-01-01 00:45:00.000000631","H. Moreno"
8,"Simple pass","[{'id': 1802}]",3384,"[{'y': 31, 'x': 30}, {'y': 55, 'x': 35}]",2057984,"Pass","Mexico","2H",633.64003,85,258996302,"[1802]",31,30,55,35,2,430,430,"Simple pass","1970-01-01 00:45:00.000000633","A. Guardado"
8,"Simple pass","[{'id': 1801}]",14862,"[{'y': 45, 'x': 65}, {'y': 50, 'x': 74}]",2057984,"Pass","Germany","2H",634.891729,85,258996441,"[1801]",45,65,50,74,2,431,431,"Simple pass","1970-01-01 00:45:00.000000634","J. Draxler"
8,"Simple pass","[{'id': 1802}]",3319,"[{'y': 50, 'x': 74}, {'y': 56, 'x': 81}]",2057984,"Pass","Germany","2H",636.515149,85,258996443,"[1802]",50,74,56,81,2,432,432,"Simple pass","1970-01-01 00:45:00.000000636","M. Özil"
7,"Clearance","[{'id': 1401}, {'id': 1801}]",112777,"[{'y': 44, 'x': 19}, {'y': 19, 'x': 36}]",2057984,"Others on the ball","Mexico","2H",637.178966,71,258996303,"[1401, 1801]",44,19,19,36,2,433,433,"Clearance","1970-01-01 00:45:00.000000637","H. Ayala"
1,"Ground defending duel","[{'id': 703}, {'id': 1801}]",224593,"[{'y': 81, 'x': 64}, {'y': 80, 'x': 63}]",2057984,"Duel","Germany","2H",639.739101,12,258996444,"[703, 1801]",81,64,80,63,2,434,434,"Ground defending duel","1970-01-01 00:45:00.000000639","J. Kimmich"
1,"Ground attacking duel","[{'id': 701}, {'id': 1802}]",295156,"[{'y': 19, 'x': 36}, {'y': 20, 'x': 37}]",2057984,"Duel","Mexico","2H",640.158315,11,258996304,"[701, 1802]",19,36,20,37,2,435,435,"Ground attacking duel","1970-01-01 00:45:00.000000640","H. Lozano"
1,"Ground defending duel","[{'id': 701}, {'id': 1802}]",295156,"[{'y': 20, 'x': 37}, {'y': 17, 'x': 36}]",2057984,"Duel","Mexico","2H",640.891172,12,258996307,"[701, 1802]",20,37,17,36,2,435,435,"Ground defending duel","1970-01-01 00:45:00.000000640","H. Lozano"
1,"Ground attacking duel","[{'id': 703}, {'id': 1801}]",224593,"[{'y': 80, 'x': 63}, {'y': 83, 'x': 64}]",2057984,"Duel","Germany","2H",641.142552,11,258996445,"[703, 1801]",80,63,83,64,2,436,436,"Ground attacking duel","1970-01-01 00:45:00.000000641","J. Kimmich"
2,"Foul","[]",295156,"[{'y': 17, 'x': 36}, {'y': 20, 'x': 37}]",2057984,"Foul","Mexico","2H",642.166855,20,258996308,,17,36,20,37,2,437,437,"Foul","1970-01-01 00:45:00.000000642","H. Lozano"
1,"Ground attacking duel","[{'id': 702}, {'id': 1801}]",224593,"[{'y': 91, 'x': 81}, {'y': 95, 'x': 72}]",2057984,"Duel","Germany","2H",657.929722,11,258996447,"[702, 1801]",91,81,95,72,2,438,438,"Ground attacking duel","1970-01-01 00:45:00.000000657","J. Kimmich"
8,"Simple pass","[{'id': 1801}]",224593,"[{'y': 95, 'x': 72}, {'y': 83, 'x': 60}]",2057984,"Pass","Germany","2H",661.059439,85,258996448,"[1801]",95,72,83,60,2,438,438,"Simple pass","1970-01-01 00:45:00.000000661","J. Kimmich"
7,"Touch","[]",14716,"[{'y': 83, 'x': 60}, {'y': 74, 'x': 69}]",2057984,"Others on the ball","Germany","2H",662.589209,72,258996449,,83,60,74,69,2,438,438,"Touch","1970-01-01 00:45:00.000000662","J. Boateng"
8,"High pass","[{'id': 1801}]",14716,"[{'y': 74, 'x': 69}, {'y': 7, 'x': 87}]",2057984,"Pass","Germany","2H",666.062978,83,258996450,"[1801]",74,69,7,87,2,438,438,"High pass","1970-01-01 00:45:00.000000666","J. Boateng"
8,"Simple pass","[{'id': 1801}]",15125,"[{'y': 7, 'x': 87}, {'y': 15, 'x': 79}]",2057984,"Pass","Germany","2H",670.351166,85,258996452,"[1801]",7,87,15,79,2,438,438,"Simple pass","1970-01-01 00:45:00.000000670","M. Plattenhardt"
8,"Smart pass","[{'id': 901}, {'id': 1801}]",14862,"[{'y': 15, 'x': 79}, {'y': 29, 'x': 93}]",2057984,"Pass","Germany","2H",672.982637,86,258996453,"[901, 1801]",15,79,29,93,2,438,438,"Smart pass","1970-01-01 00:45:00.000000672","J. Draxler"
1,"Ground defending duel","[{'id': 501}, {'id': 701}, {'id': 1802}]",112459,"[{'y': 71, 'x': 7}, {'y': 74, 'x': 3}]",2057984,"Duel","Mexico","2H",674.998791,12,258996313,"[501, 701, 1802]",71,7,74,3,2,439,439,"Ground defending duel","1970-01-01 00:45:00.000000674","H. Herrera"
1,"Ground attacking duel","[{'id': 502}, {'id': 703}, {'id': 1801}]",3318,"[{'y': 29, 'x': 93}, {'y': 26, 'x': 97}]",2057984,"Duel","Germany","2H",675.733779,11,258996467,"[502, 703, 1801]",29,93,26,97,2,440,440,"Ground attacking duel","1970-01-01 00:45:00.000000675","S. Khedira"
8,"Cross","[{'id': 401}, {'id': 2101}, {'id': 1802}]",3318,"[{'y': 26, 'x': 97}, {'y': 0, 'x': 0}]",2057984,"Pass","Germany","2H",676.567721,80,258996470,"[401, 2101, 1802]",26,97,0,0,2,441,441,"Cross","1970-01-01 00:45:00.000000676","S. Khedira"
7,"Touch","[{'id': 1401}]",112459,"[{'y': 71, 'x': 8}, {'y': 73, 'x': 12}]",2057984,"Others on the ball","Mexico","2H",677.976172,72,258996315,"[1401]",71,8,73,12,2,442,442,"Touch","1970-01-01 00:45:00.000000677","H. Herrera"
7,"Clearance","[{'id': 1801}]",112366,"[{'y': 73, 'x': 12}, {'y': 72, 'x': 40}]",2057984,"Others on the ball","Mexico","2H",679.193601,71,258996316,"[1801]",73,12,72,40,2,442,442,"Clearance","1970-01-01 00:45:00.000000679","M. Layún"
1,"Ground loose ball duel","[{'id': 703}, {'id': 1801}]",14795,"[{'y': 28, 'x': 60}, {'y': 28, 'x': 59}]",2057984,"Duel","Germany","2H",681.320911,13,258996473,"[703, 1801]",28,60,28,59,2,443,443,"Ground loose ball duel","1970-01-01 00:45:00.000000681","M. Hummels"
1,"Ground loose ball duel","[{'id': 1901}, {'id': 701}, {'id': 1802}]",7941,"[{'y': 72, 'x': 40}, {'y': 72, 'x': 41}]",2057984,"Duel","Mexico","2H",682.362966,13,258996317,"[1901, 701, 1802]",72,40,72,41,2,444,444,"Ground loose ball duel","1970-01-01 00:45:00.000000682","J. Hernández"
8,"Head pass","[{'id': 1802}]",14795,"[{'y': 28, 'x': 59}, {'y': 23, 'x': 86}]",2057984,"Pass","Germany","2H",682.555844,82,258996474,"[1802]",28,59,23,86,2,445,445,"Head pass","1970-01-01 00:45:00.000000682","M. Hummels"
8,"Head pass","[{'id': 1901}, {'id': 1801}]",255387,"[{'y': 77, 'x': 14}, {'y': 60, 'x': 31}]",2057984,"Pass","Mexico","2H",685.351029,82,258996319,"[1901, 1801]",77,14,60,31,2,446,446,"Head pass","1970-01-01 00:45:00.000000685","C. Salcedo"
8,"High pass","[{'id': 1901}, {'id': 1801}]",3384,"[{'y': 60, 'x': 31}, {'y': 87, 'x': 64}]",2057984,"Pass","Mexico","2H",687.69541,83,258996321,"[1901, 1801]",60,31,87,64,2,446,446,"High pass","1970-01-01 00:45:00.000000687","A. Guardado"
7,"Acceleration","[{'id': 1901}, {'id': 1801}]",7941,"[{'y': 87, 'x': 64}, {'y': 58, 'x': 87}]",2057984,"Others on the ball","Mexico","2H",690.225249,70,258996326,"[1901, 1801]",87,64,58,87,2,446,446,"Acceleration","1970-01-01 00:45:00.000000690","J. Hernández"
8,"Simple pass","[{'id': 1901}, {'id': 1801}]",7941,"[{'y': 58, 'x': 87}, {'y': 27, 'x': 88}]",2057984,"Pass","Mexico","2H",694.198678,85,258996328,"[1901, 1801]",58,87,27,88,2,446,446,"Simple pass","1970-01-01 00:45:00.000000694","J. Hernández"
8,"Simple pass","[{'id': 302}, {'id': 1901}, {'id': 1801}]",3685,"[{'y': 27, 'x': 88}, {'y': 37, 'x': 86}]",2057984,"Pass","Mexico","2H",698.749234,85,258996330,"[302, 1901, 1801]",27,88,37,86,2,446,446,"Simple pass","1970-01-01 00:45:00.000000698","C. Vela"
10,"Shot","[{'id': 1901}, {'id': 401}, {'id': 201}, {'id': 1215}, {'id': 1802}]",3384,"[{'y': 37, 'x': 86}, {'y': 100, 'x': 100}]",2057984,"Shot","Mexico","2H",700.127027,100,258996335,"[1901, 401, 201, 1215, 1802]",37,86,100,100,2,446,446,"Shot","1970-01-01 00:45:00.000000700","A. Guardado"
3,"Goal kick","[]",14712,"[{'y': 100, 'x': 100}, {'y': 47, 'x': 27}]",2057984,"Free Kick","Germany","2H",705.885879,34,258996480,,100,100,47,27,2,447,447,"Goal kick","1970-01-01 00:45:00.000000705","M. Neuer"
8,"Simple pass","[{'id': 1801}]",14723,"[{'y': 47, 'x': 27}, {'y': 36, 'x': 41}]",2057984,"Pass","Germany","2H",710.463523,85,258996482,"[1801]",47,27,36,41,2,447,447,"Simple pass","1970-01-01 00:45:00.000000710","T. Kroos"
8,"Simple pass","[{'id': 1801}]",14862,"[{'y': 36, 'x': 41}, {'y': 60, 'x': 47}]",2057984,"Pass","Germany","2H",712.830885,85,258996483,"[1801]",36,41,60,47,2,447,447,"Simple pass","1970-01-01 00:45:00.000000712","J. Draxler"
8,"Simple pass","[{'id': 1801}]",3319,"[{'y': 60, 'x': 47}, {'y': 55, 'x': 46}]",2057984,"Pass","Germany","2H",714.553894,85,258996485,"[1801]",60,47,55,46,2,447,447,"Simple pass","1970-01-01 00:45:00.000000714","M. Özil"
8,"Simple pass","[{'id': 1801}]",14862,"[{'y': 55, 'x': 46}, {'y': 82, 'x': 75}]",2057984,"Pass","Germany","2H",715.853117,85,258996487,"[1801]",55,46,82,75,2,447,447,"Simple pass","1970-01-01 00:45:00.000000715","J. Draxler"
8,"Smart pass","[{'id': 1802}]",14732,"[{'y': 82, 'x': 75}, {'y': 43, 'x': 82}]",2057984,"Pass","Germany","2H",721.024725,86,258996492,"[1802]",82,75,43,82,2,448,448,"Smart pass","1970-01-01 00:45:00.000000721","T. Müller"
7,"Clearance","[{'id': 1401}, {'id': 1802}]",112777,"[{'y': 57, 'x': 18}, {'y': 36, 'x': 31}]",2057984,"Others on the ball","Mexico","2H",722.279948,71,258996341,"[1401, 1802]",57,18,36,31,2,449,449,"Clearance","1970-01-01 00:45:00.000000722","H. Ayala"
8,"Simple pass","[{'id': 1801}]",3319,"[{'y': 64, 'x': 69}, {'y': 48, 'x': 76}]",2057984,"Pass","Germany","2H",725.839552,85,258996495,"[1801]",64,69,48,76,2,450,450,"Simple pass","1970-01-01 00:45:00.000000725","M. Özil"
8,"Simple pass","[{'id': 1801}]",14862,"[{'y': 48, 'x': 76}, {'y': 41, 'x': 75}]",2057984,"Pass","Germany","2H",727.154906,85,258996497,"[1801]",48,76,41,75,2,450,450,"Simple pass","1970-01-01 00:45:00.000000727","J. Draxler"
1,"Ground defending duel","[{'id': 501}, {'id': 701}, {'id': 1802}]",112777,"[{'y': 59, 'x': 25}, {'y': 68, 'x': 24}]",2057984,"Duel","Mexico","2H",728.605663,12,258996343,"[501, 701, 1802]",59,25,68,24,2,451,451,"Ground defending duel","1970-01-01 00:45:00.000000728","H. Ayala"
1,"Ground attacking duel","[{'id': 502}, {'id': 703}, {'id': 1801}]",3319,"[{'y': 41, 'x': 75}, {'y': 32, 'x': 76}]",2057984,"Duel","Germany","2H",729.129193,11,258996502,"[502, 703, 1801]",41,75,32,76,2,452,452,"Ground attacking duel","1970-01-01 00:45:00.000000729","M. Özil"
8,"Smart pass","[{'id': 901}, {'id': 1802}]",3319,"[{'y': 32, 'x': 76}, {'y': 36, 'x': 87}]",2057984,"Pass","Germany","2H",729.74718,86,258996504,"[901, 1802]",32,76,36,87,2,453,453,"Smart pass","1970-01-01 00:45:00.000000729","M. Özil"
6,,"[]",14732,"[{'y': 36, 'x': 87}, {'y': 0, 'x': 0}]",2057984,"Offside","Germany","2H",731.440728,,258996505,,36,87,0,0,2,453,453,,"1970-01-01 00:45:00.000000731","T. Müller"
3,"Free Kick","[{'id': 1801}]",25816,"[{'y': 55, 'x': 12}, {'y': 79, 'x': 63}]",2057984,"Free Kick","Mexico","2H",780.318779,31,258996375,"[1801]",55,12,79,63,2,454,454,"Free Kick","1970-01-01 00:45:00.000000780","G. Ochoa"
1,"Air duel","[{'id': 703}, {'id': 1801}]",112366,"[{'y': 79, 'x': 63}, {'y': 66, 'x': 88}]",2057984,"Duel","Mexico","2H",783.126159,10,258996377,"[703, 1801]",79,63,66,88,2,454,454,"Air duel","1970-01-01 00:45:00.000000783","M. Layún"
1,"Air duel","[{'id': 701}, {'id': 1802}]",15125,"[{'y': 21, 'x': 37}, {'y': 34, 'x': 12}]",2057984,"Duel","Germany","2H",783.213858,10,258996506,"[701, 1802]",21,37,34,12,2,455,455,"Air duel","1970-01-01 00:45:00.000000783","M. Plattenhardt"
8,"Hand pass","[{'id': 1801}]",14712,"[{'y': 34, 'x': 12}, {'y': 64, 'x': 26}]",2057984,"Pass","Germany","2H",788.31795,81,258996507,"[1801]",34,12,64,26,2,455,455,"Hand pass","1970-01-01 00:45:00.000000788","M. Neuer"
7,"Touch","[]",14716,"[{'y': 64, 'x': 26}, {'y': 64, 'x': 44}]",2057984,"Others on the ball","Germany","2H",790.124094,72,258996508,,64,26,64,44,2,455,455,"Touch","1970-01-01 00:45:00.000000790","J. Boateng"
8,"Simple pass","[{'id': 1801}]",14716,"[{'y': 64, 'x': 44}, {'y': 81, 'x': 43}]",2057984,"Pass","Germany","2H",796.846645,85,258996510,"[1801]",64,44,81,43,2,455,455,"Simple pass","1970-01-01 00:45:00.000000796","J. Boateng"
7,"Touch","[]",3318,"[{'y': 81, 'x': 43}, {'y': 80, 'x': 60}]",2057984,"Others on the ball","Germany","2H",797.533133,72,258996511,,81,43,80,60,2,455,455,"Touch","1970-01-01 00:45:00.000000797","S. Khedira"
8,"Simple pass","[{'id': 1801}]",3318,"[{'y': 80, 'x': 60}, {'y': 57, 'x': 69}]",2057984,"Pass","Germany","2H",802.398679,85,258996522,"[1801]",80,60,57,69,2,455,455,"Simple pass","1970-01-01 00:45:00.000000802","S. Khedira"
8,"Smart pass","[{'id': 1802}]",14862,"[{'y': 57, 'x': 69}, {'y': 69, 'x': 91}]",2057984,"Pass","Germany","2H",804.877734,86,258996524,"[1802]",57,69,69,91,2,456,456,"Smart pass","1970-01-01 00:45:00.000000804","J. Draxler"
7,"Touch","[{'id': 1302}]",336178,"[{'y': 31, 'x': 9}, {'y': 11, 'x': 10}]",2057984,"Others on the ball","Mexico","2H",807.328652,72,258996383,"[1302]",31,9,11,10,2,457,457,"Touch","1970-01-01 00:45:00.000000807","J. Gallardo"
8,"Cross","[{'id': 402}, {'id': 1802}]",224593,"[{'y': 89, 'x': 90}, {'y': 57, 'x': 90}]",2057984,"Pass","Germany","2H",807.438566,80,258996527,"[402, 1802]",89,90,57,90,2,458,458,"Cross","1970-01-01 00:45:00.000000807","J. Kimmich"
7,"Clearance","[{'id': 1401}, {'id': 1801}]",3795,"[{'y': 43, 'x': 10}, {'y': 13, 'x': 21}]",2057984,"Others on the ball","Mexico","2H",808.584017,71,258996385,"[1401, 1801]",43,10,13,21,2,459,459,"Clearance","1970-01-01 00:45:00.000000808","H. Moreno"
1,"Ground loose ball duel","[{'id': 1601}, {'id': 703}, {'id': 1801}]",3384,"[{'y': 13, 'x': 21}, {'y': 21, 'x': 23}]",2057984,"Duel","Mexico","2H",810.600199,13,258996388,"[1601, 703, 1801]",13,21,21,23,2,459,459,"Ground loose ball duel","1970-01-01 00:45:00.000000810","A. Guardado"
1,"Ground loose ball duel","[{'id': 701}, {'id': 1802}]",3318,"[{'y': 87, 'x': 79}, {'y': 79, 'x': 77}]",2057984,"Duel","Germany","2H",810.965922,13,258996530,"[701, 1802]",87,79,79,77,2,460,460,"Ground loose ball duel","1970-01-01 00:45:00.000000810","S. Khedira"
8,"Simple pass","[{'id': 1802}]",3384,"[{'y': 21, 'x': 23}, {'y': 17, 'x': 22}]",2057984,"Pass","Mexico","2H",813.560239,85,258996390,"[1802]",21,23,17,22,2,461,461,"Simple pass","1970-01-01 00:45:00.000000813","A. Guardado"
8,"Head pass","[{'id': 1401}, {'id': 1801}]",173214,"[{'y': 83, 'x': 78}, {'y': 89, 'x': 83}]",2057984,"Pass","Germany","2H",813.80156,82,258996531,"[1401, 1801]",83,78,89,83,2,462,462,"Head pass","1970-01-01 00:45:00.000000813","T. Werner"
8,"Simple pass","[{'id': 1801}]",3318,"[{'y': 89, 'x': 83}, {'y': 76, 'x': 71}]",2057984,"Pass","Germany","2H",814.164058,85,258996532,"[1801]",89,83,76,71,2,462,462,"Simple pass","1970-01-01 00:45:00.000000814","S. Khedira"
8,"Simple pass","[{'id': 1801}]",224593,"[{'y': 76, 'x': 71}, {'y': 82, 'x': 65}]",2057984,"Pass","Germany","2H",816.974087,85,258996533,"[1801]",76,71,82,65,2,462,462,"Simple pass","1970-01-01 00:45:00.000000816","J. Kimmich"
8,"Simple pass","[{'id': 1801}]",14723,"[{'y': 82, 'x': 65}, {'y': 87, 'x': 83}]",2057984,"Pass","Germany","2H",818.531448,85,258996534,"[1801]",82,65,87,83,2,462,462,"Simple pass","1970-01-01 00:45:00.000000818","T. Kroos"
1,"Ground attacking duel","[{'id': 502}, {'id': 703}, {'id': 1801}]",3318,"[{'y': 87, 'x': 83}, {'y': 80, 'x': 81}]",2057984,"Duel","Germany","2H",823.882127,11,258996536,"[502, 703, 1801]",87,83,80,81,2,462,462,"Ground attacking duel","1970-01-01 00:45:00.000000823","S. Khedira"
8,"Cross","[{'id': 401}, {'id': 2101}, {'id': 1802}]",3318,"[{'y': 80, 'x': 81}, {'y': 0, 'x': 0}]",2057984,"Pass","Germany","2H",824.843684,80,258996537,"[401, 2101, 1802]",80,81,0,0,2,463,463,"Cross","1970-01-01 00:45:00.000000824","S. Khedira"
7,"Clearance","[{'id': 1401}, {'id': 1802}]",448210,"[{'y': 35, 'x': 18}, {'y': 6, 'x': 11}]",2057984,"Others on the ball","Mexico","2H",826.983636,71,258996392,"[1401, 1802]",35,18,6,11,2,464,464,"Clearance","1970-01-01 00:45:00.000000826","E. Álvarez"
1,"Ground attacking duel","[{'id': 702}, {'id': 1801}]",224593,"[{'y': 94, 'x': 89}, {'y': 98, 'x': 83}]",2057984,"Duel","Germany","2H",831.078885,11,258996538,"[702, 1801]",94,89,98,83,2,465,465,"Ground attacking duel","1970-01-01 00:45:00.000000831","J. Kimmich"
8,"Simple pass","[{'id': 1801}]",224593,"[{'y': 98, 'x': 83}, {'y': 83, 'x': 61}]",2057984,"Pass","Germany","2H",833.158593,85,258996539,"[1801]",98,83,83,61,2,465,465,"Simple pass","1970-01-01 00:45:00.000000833","J. Kimmich"
8,"Simple pass","[{'id': 1801}]",14716,"[{'y': 83, 'x': 61}, {'y': 92, 'x': 85}]",2057984,"Pass","Germany","2H",836.365734,85,258996540,"[1801]",83,61,92,85,2,465,465,"Simple pass","1970-01-01 00:45:00.000000836","J. Boateng"
1,"Ground defending duel","[{'id': 502}, {'id': 701}, {'id': 1802}]",448210,"[{'y': 8, 'x': 15}, {'y': 8, 'x': 6}]",2057984,"Duel","Mexico","2H",840.23865,12,258996397,"[502, 701, 1802]",8,15,8,6,2,466,466,"Ground defending duel","1970-01-01 00:45:00.000000840","E. Álvarez"
1,"Ground attacking duel","[{'id': 501}, {'id': 703}, {'id': 1801}]",224593,"[{'y': 92, 'x': 85}, {'y': 92, 'x': 94}]",2057984,"Duel","Germany","2H",840.697827,11,258996541,"[501, 703, 1801]",92,85,92,94,2,467,467,"Ground attacking duel","1970-01-01 00:45:00.000000840","J. Kimmich"
8,"Cross","[{'id': 402}, {'id': 2101}, {'id': 1802}]",224593,"[{'y': 92, 'x': 94}, {'y': 0, 'x': 0}]",2057984,"Pass","Germany","2H",840.938395,80,258996542,"[402, 2101, 1802]",92,94,0,0,2,468,468,"Cross","1970-01-01 00:45:00.000000840","J. Kimmich"
7,"Touch","[{'id': 1401}]",448210,"[{'y': 7, 'x': 10}, {'y': 16, 'x': 0}]",2057984,"Others on the ball","Mexico","2H",842.821922,72,258996399,"[1401]",7,10,16,0,2,469,469,"Touch","1970-01-01 00:45:00.000000842","E. Álvarez"
7,"Touch","[]",224593,"[{'y': 93, 'x': 95}, {'y': 84, 'x': 100}]",2057984,"Others on the ball","Germany","2H",843.048166,72,258996543,,93,95,84,100,2,470,470,"Touch","1970-01-01 00:45:00.000000843","J. Kimmich"
3,"Goal kick","[]",25816,"[{'y': 0, 'x': 0}, {'y': 89, 'x': 55}]",2057984,"Free Kick","Mexico","2H",868.204223,34,258996407,,0,0,89,55,2,471,471,"Goal kick","1970-01-01 00:45:00.000000868","G. Ochoa"
1,"Air duel","[{'id': 701}, {'id': 1802}]",255387,"[{'y': 89, 'x': 55}, {'y': 100, 'x': 56}]",2057984,"Duel","Mexico","2H",873.051937,10,258996409,"[701, 1802]",89,55,100,56,2,471,471,"Air duel","1970-01-01 00:45:00.000000873","C. Salcedo"
1,"Air duel","[{'id': 703}, {'id': 1801}]",14862,"[{'y': 11, 'x': 45}, {'y': 0, 'x': 44}]",2057984,"Duel","Germany","2H",873.099985,10,258996546,"[703, 1801]",11,45,0,44,2,472,472,"Air duel","1970-01-01 00:45:00.000000873","J. Draxler"
3,"Throw in","[{'id': 1802}]",255387,"[{'y': 100, 'x': 56}, {'y': 70, 'x': 91}]",2057984,"Free Kick","Mexico","2H",903.178143,36,258996416,"[1802]",100,56,70,91,2,473,473,"Throw in","1970-01-01 00:45:00.000000903","C. Salcedo"
8,"Simple pass","[{'id': 1801}]",14716,"[{'y': 30, 'x': 9}, {'y': 46, 'x': 4}]",2057984,"Pass","Germany","2H",905.825953,85,258996553,"[1801]",30,9,46,4,2,474,474,"Simple pass","1970-01-01 00:45:00.000000905","J. Boateng"
7,"Clearance","[{'id': 1802}]",14712,"[{'y': 46, 'x': 4}, {'y': 0, 'x': 40}]",2057984,"Others on the ball","Germany","2H",907.314554,71,258996554,"[1802]",46,4,0,40,2,474,474,"Clearance","1970-01-01 00:45:00.000000907","M. Neuer"
3,"Throw in","[{'id': 1801}]",255387,"[{'y': 100, 'x': 63}, {'y': 83, 'x': 66}]",2057984,"Free Kick","Mexico","2H",925.992222,36,258996423,"[1801]",100,63,83,66,2,475,475,"Throw in","1970-01-01 00:45:00.000000925","C. Salcedo"
8,"Head pass","[{'id': 1802}]",7941,"[{'y': 83, 'x': 66}, {'y': 76, 'x': 74}]",2057984,"Pass","Mexico","2H",927.664635,82,258996424,"[1802]",83,66,76,74,2,476,476,"Head pass","1970-01-01 00:45:00.000000927","J. Hernández"
8,"Simple pass","[{'id': 1401}, {'id': 1801}]",14723,"[{'y': 24, 'x': 26}, {'y': 13, 'x': 23}]",2057984,"Pass","Germany","2H",928.890786,85,258996558,"[1401, 1801]",24,26,13,23,2,477,477,"Simple pass","1970-01-01 00:45:00.000000928","T. Kroos"
8,"Simple pass","[{'id': 1801}]",15125,"[{'y': 13, 'x': 23}, {'y': 47, 'x': 11}]",2057984,"Pass","Germany","2H",929.688939,85,258996559,"[1801]",13,23,47,11,2,477,477,"Simple pass","1970-01-01 00:45:00.000000929","M. Plattenhardt"
8,"Simple pass","[{'id': 1801}]",14712,"[{'y': 47, 'x': 11}, {'y': 70, 'x': 27}]",2057984,"Pass","Germany","2H",932.730716,85,258996561,"[1801]",47,11,70,27,2,477,477,"Simple pass","1970-01-01 00:45:00.000000932","M. Neuer"
8,"Simple pass","[{'id': 1801}]",14716,"[{'y': 70, 'x': 27}, {'y': 76, 'x': 54}]",2057984,"Pass","Germany","2H",936.781097,85,258996562,"[1801]",70,27,76,54,2,477,477,"Simple pass","1970-01-01 00:45:00.000000936","J. Boateng"
8,"Simple pass","[{'id': 1801}]",15024,"[{'y': 76, 'x': 54}, {'y': 96, 'x': 58}]",2057984,"Pass","Germany","2H",938.541372,85,258996563,"[1801]",76,54,96,58,2,477,477,"Simple pass","1970-01-01 00:45:00.000000938","M. Reus"
8,"Simple pass","[{'id': 1801}]",224593,"[{'y': 96, 'x': 58}, {'y': 96, 'x': 73}]",2057984,"Pass","Germany","2H",941.257194,85,258996568,"[1801]",96,58,96,73,2,477,477,"Simple pass","1970-01-01 00:45:00.000000941","J. Kimmich"
1,"Ground defending duel","[{'id': 702}, {'id': 1801}]",3384,"[{'y': 4, 'x': 27}, {'y': 7, 'x': 30}]",2057984,"Duel","Mexico","2H",943.018302,12,258996436,"[702, 1801]",4,27,7,30,2,478,478,"Ground defending duel","1970-01-01 00:45:00.000000943","A. Guardado"
1,"Ground attacking duel","[{'id': 702}, {'id': 1801}]",15024,"[{'y': 96, 'x': 73}, {'y': 93, 'x': 70}]",2057984,"Duel","Germany","2H",943.650728,11,258996569,"[702, 1801]",96,73,93,70,2,479,479,"Ground attacking duel","1970-01-01 00:45:00.000000943","M. Reus"
1,"Ground loose ball duel","[{'id': 702}, {'id': 1801}]",295156,"[{'y': 5, 'x': 35}, {'y': 0, 'x': 41}]",2057984,"Duel","Mexico","2H",944.372233,13,258996454,"[702, 1801]",5,35,0,41,2,480,480,"Ground loose ball duel","1970-01-01 00:45:00.000000944","H. Lozano"
8,"Simple pass","[{'id': 1801}]",15024,"[{'y': 93, 'x': 70}, {'y': 95, 'x': 65}]",2057984,"Pass","Germany","2H",944.684809,85,258996570,"[1801]",93,70,95,65,2,481,481,"Simple pass","1970-01-01 00:45:00.000000944","M. Reus"
1,"Ground loose ball duel","[{'id': 702}, {'id': 1801}]",224593,"[{'y': 95, 'x': 65}, {'y': 100, 'x': 59}]",2057984,"Duel","Germany","2H",945.22083,13,258996571,"[702, 1801]",95,65,100,59,2,481,481,"Ground loose ball duel","1970-01-01 00:45:00.000000945","J. Kimmich"
3,"Throw in","[{'id': 1801}]",224593,"[{'y': 100, 'x': 59}, {'y': 75, 'x': 63}]",2057984,"Free Kick","Germany","2H",948.457109,36,258996572,"[1801]",100,59,75,63,2,481,481,"Throw in","1970-01-01 00:45:00.000000948","J. Kimmich"
8,"Simple pass","[{'id': 1801}]",3319,"[{'y': 75, 'x': 63}, {'y': 46, 'x': 73}]",2057984,"Pass","Germany","2H",951.081602,85,258996574,"[1801]",75,63,46,73,2,481,481,"Simple pass","1970-01-01 00:45:00.000000951","M. Özil"
8,"Simple pass","[{'id': 1801}]",14732,"[{'y': 46, 'x': 73}, {'y': 30, 'x': 85}]",2057984,"Pass","Germany","2H",953.680589,85,258996578,"[1801]",46,73,30,85,2,481,481,"Simple pass","1970-01-01 00:45:00.000000953","T. Müller"
1,"Ground defending duel","[{'id': 502}, {'id': 701}, {'id': 1802}]",448210,"[{'y': 70, 'x': 15}, {'y': 68, 'x': 16}]",2057984,"Duel","Mexico","2H",956.382403,12,258996456,"[502, 701, 1802]",70,15,68,16,2,482,482,"Ground defending duel","1970-01-01 00:45:00.000000956","E. Álvarez"
1,"Ground attacking duel","[{'id': 501}, {'id': 703}, {'id': 1801}]",14862,"[{'y': 30, 'x': 85}, {'y': 32, 'x': 84}]",2057984,"Duel","Germany","2H",956.642237,11,258996583,"[501, 703, 1801]",30,85,32,84,2,483,483,"Ground attacking duel","1970-01-01 00:45:00.000000956","J. Draxler"
1,"Ground attacking duel","[{'id': 501}, {'id': 703}, {'id': 1801}]",14862,"[{'y': 32, 'x': 84}, {'y': 34, 'x': 82}]",2057984,"Duel","Germany","2H",957.561191,11,258996585,"[501, 703, 1801]",32,84,34,82,2,483,483,"Ground attacking duel","1970-01-01 00:45:00.000000957","J. Draxler"
10,"Shot","[{'id': 402}, {'id': 2101}, {'id': 1802}]",14862,"[{'y': 34, 'x': 82}, {'y': 0, 'x': 0}]",2057984,"Shot","Germany","2H",958.409978,100,258996588,"[402, 2101, 1802]",34,82,0,0,2,483,483,"Shot","1970-01-01 00:45:00.000000958","J. Draxler"
7,"Touch","[{'id': 1401}]",255387,"[{'y': 65, 'x': 14}, {'y': 59, 'x': 21}]",2057984,"Others on the ball","Mexico","2H",959.336523,72,258996457,"[1401]",65,14,59,21,2,484,484,"Touch","1970-01-01 00:45:00.000000959","C. Salcedo"
8,"Simple pass","[{'id': 1802}]",3384,"[{'y': 59, 'x': 21}, {'y': 26, 'x': 12}]",2057984,"Pass","Mexico","2H",960.266359,85,258996458,"[1802]",59,21,26,12,2,485,485,"Simple pass","1970-01-01 00:45:00.000000960","A. Guardado"
7,"Touch","[{'id': 1401}]",14862,"[{'y': 46, 'x': 75}, {'y': 59, 'x': 71}]",2057984,"Others on the ball","Germany","2H",960.603096,72,258996590,"[1401]",46,75,59,71,2,486,486,"Touch","1970-01-01 00:45:00.000000960","J. Draxler"
7,"Touch","[]",14723,"[{'y': 59, 'x': 71}, {'y': 41, 'x': 79}]",2057984,"Others on the ball","Germany","2H",960.860333,72,258996592,,59,71,41,79,2,486,486,"Touch","1970-01-01 00:45:00.000000960","T. Kroos"
8,"Simple pass","[{'id': 1802}]",14723,"[{'y': 74, 'x': 88}, {'y': 81, 'x': 96}]",2057984,"Pass","Germany","2H",964.181691,85,258996595,"[1802]",74,88,81,96,2,487,487,"Simple pass","1970-01-01 00:45:00.000000964","T. Kroos"
1,"Ground attacking duel","[{'id': 702}, {'id': 1801}]",3384,"[{'y': 19, 'x': 4}, {'y': 0, 'x': 0}]",2057984,"Duel","Mexico","2H",966.616889,11,258996459,"[702, 1801]",19,4,0,0,2,488,488,"Ground attacking duel","1970-01-01 00:45:00.000000966","A. Guardado"
1,"Ground defending duel","[{'id': 702}, {'id': 1801}]",15024,"[{'y': 81, 'x': 96}, {'y': 100, 'x': 100}]",2057984,"Duel","Germany","2H",967.362076,12,258996596,"[702, 1801]",81,96,100,100,2,489,489,"Ground defending duel","1970-01-01 00:45:00.000000967","M. Reus"
3,"Goal kick","[]",25816,"[{'y': 0, 'x': 0}, {'y': 90, 'x': 50}]",2057984,"Free Kick","Mexico","2H",999.336525,34,258996462,,0,0,90,50,2,490,490,"Goal kick","1970-01-01 00:45:00.000000999","G. Ochoa"
1,"Air duel","[{'id': 703}, {'id': 1801}]",14862,"[{'y': 10, 'x': 50}, {'y': 32, 'x': 58}]",2057984,"Duel","Germany","2H",1001.784061,10,258996600,"[703, 1801]",10,50,32,58,2,491,491,"Air duel","1970-01-01 00:45:00.000001001","J. Draxler"
1,"Air duel","[{'id': 701}, {'id': 1802}]",255387,"[{'y': 90, 'x': 50}, {'y': 68, 'x': 42}]",2057984,"Duel","Mexico","2H",1002.135017,10,258996463,"[701, 1802]",90,50,68,42,2,492,492,"Air duel","1970-01-01 00:45:00.000001002","C. Salcedo"
8,"Simple pass","[{'id': 1801}]",15024,"[{'y': 32, 'x': 58}, {'y': 29, 'x': 63}]",2057984,"Pass","Germany","2H",1004.024624,85,258996601,"[1801]",32,58,29,63,2,493,493,"Simple pass","1970-01-01 00:45:00.000001004","M. Reus"
1,"Ground defending duel","[{'id': 703}, {'id': 1801}]",112777,"[{'y': 34, 'x': 29}, {'y': 76, 'x': 38}]",2057984,"Duel","Mexico","2H",1005.219035,12,258996465,"[703, 1801]",34,29,76,38,2,494,494,"Ground defending duel","1970-01-01 00:45:00.000001005","H. Ayala"
1,"Ground attacking duel","[{'id': 703}, {'id': 1801}]",173214,"[{'y': 29, 'x': 63}, {'y': 66, 'x': 71}]",2057984,"Duel","Germany","2H",1005.43835,11,258996602,"[703, 1801]",29,63,66,71,2,495,495,"Ground attacking duel","1970-01-01 00:45:00.000001005","T. Werner"
1,"Ground attacking duel","[{'id': 702}, {'id': 1801}]",448210,"[{'y': 76, 'x': 38}, {'y': 79, 'x': 35}]",2057984,"Duel","Mexico","2H",1007.458921,11,258996468,"[702, 1801]",76,38,79,35,2,496,496,"Ground attacking duel","1970-01-01 00:45:00.000001007","E. Álvarez"
8,"Simple pass","[{'id': 1801}]",448210,"[{'y': 79, 'x': 35}, {'y': 89, 'x': 40}]",2057984,"Pass","Mexico","2H",1008.658032,85,258996469,"[1801]",79,35,89,40,2,496,496,"Simple pass","1970-01-01 00:45:00.000001008","E. Álvarez"
8,"High pass","[{'id': 1802}]",112366,"[{'y': 89, 'x': 40}, {'y': 53, 'x': 67}]",2057984,"Pass","Mexico","2H",1009.794572,83,258996471,"[1802]",89,40,53,67,2,497,497,"High pass","1970-01-01 00:45:00.000001009","M. Layún"
8,"Head pass","[{'id': 1401}, {'id': 1801}]",14795,"[{'y': 47, 'x': 33}, {'y': 52, 'x': 38}]",2057984,"Pass","Germany","2H",1011.65462,82,258996605,"[1401, 1801]",47,33,52,38,2,498,498,"Head pass","1970-01-01 00:45:00.000001011","M. Hummels"
1,"Ground defending duel","[{'id': 701}, {'id': 1802}]",112459,"[{'y': 48, 'x': 62}, {'y': 49, 'x': 65}]",2057984,"Duel","Mexico","2H",1015.472662,12,258996472,"[701, 1802]",48,62,49,65,2,499,499,"Ground defending duel","1970-01-01 00:45:00.000001015","H. Herrera"
1,"Ground attacking duel","[{'id': 703}, {'id': 1801}]",3319,"[{'y': 52, 'x': 38}, {'y': 51, 'x': 35}]",2057984,"Duel","Germany","2H",1015.495191,11,258996606,"[703, 1801]",52,38,51,35,2,500,500,"Ground attacking duel","1970-01-01 00:45:00.000001015","M. Özil"
2,"Foul","[]",112459,"[{'y': 49, 'x': 65}, {'y': 48, 'x': 62}]",2057984,"Foul","Mexico","2H",1017.915699,20,258996476,,49,65,48,62,2,501,501,"Foul","1970-01-01 00:45:00.000001017","H. Herrera"
3,"Free Kick","[{'id': 1801}]",3319,"[{'y': 50, 'x': 35}, {'y': 8, 'x': 46}]",2057984,"Free Kick","Germany","2H",1021.311639,31,258996607,"[1801]",50,35,8,46,2,502,502,"Free Kick","1970-01-01 00:45:00.000001021","M. Özil"
8,"Simple pass","[{'id': 1801}]",15125,"[{'y': 8, 'x': 46}, {'y': 9, 'x': 63}]",2057984,"Pass","Germany","2H",1023.002885,85,258996608,"[1801]",8,46,9,63,2,502,502,"Simple pass","1970-01-01 00:45:00.000001023","M. Plattenhardt"
8,"Simple pass","[{'id': 1801}]",14862,"[{'y': 9, 'x': 63}, {'y': 55, 'x': 64}]",2057984,"Pass","Germany","2H",1027.312625,85,258996611,"[1801]",9,63,55,64,2,502,502,"Simple pass","1970-01-01 00:45:00.000001027","J. Draxler"
8,"High pass","[{'id': 1801}]",3319,"[{'y': 55, 'x': 64}, {'y': 93, 'x': 79}]",2057984,"Pass","Germany","2H",1030.26551,83,258996612,"[1801]",55,64,93,79,2,502,502,"High pass","1970-01-01 00:45:00.000001030","M. Özil"
8,"Simple pass","[{'id': 1801}]",14732,"[{'y': 93, 'x': 79}, {'y': 61, 'x': 71}]",2057984,"Pass","Germany","2H",1033.797963,85,258996613,"[1801]",93,79,61,71,2,502,502,"Simple pass","1970-01-01 00:45:00.000001033","T. Müller"
8,"High pass","[{'id': 1802}]",3319,"[{'y': 61, 'x': 71}, {'y': 86, 'x': 77}]",2057984,"Pass","Germany","2H",1039.213265,83,258996614,"[1802]",61,71,86,77,2,503,503,"High pass","1970-01-01 00:45:00.000001039","M. Özil"
7,"Clearance","[{'id': 1401}, {'id': 1802}]",336178,"[{'y': 14, 'x': 23}, {'y': 12, 'x': 29}]",2057984,"Others on the ball","Mexico","2H",1041.278144,71,258996481,"[1401, 1802]",14,23,12,29,2,504,504,"Clearance","1970-01-01 00:45:00.000001041","J. Gallardo"
7,"Touch","[]",224593,"[{'y': 88, 'x': 71}, {'y': 88, 'x': 61}]",2057984,"Others on the ball","Germany","2H",1043.174247,72,258996615,,88,71,88,61,2,505,505,"Touch","1970-01-01 00:45:00.000001043","J. Kimmich"
8,"Simple pass","[{'id': 1801}]",224593,"[{'y': 88, 'x': 61}, {'y': 75, 'x': 66}]",2057984,"Pass","Germany","2H",1046.273477,85,258996616,"[1801]",88,61,75,66,2,505,505,"Simple pass","1970-01-01 00:45:00.000001046","J. Kimmich"
8,"Simple pass","[{'id': 1801}]",3319,"[{'y': 75, 'x': 66}, {'y': 77, 'x': 72}]",2057984,"Pass","Germany","2H",1048.200536,85,258996617,"[1801]",75,66,77,72,2,505,505,"Simple pass","1970-01-01 00:45:00.000001048","M. Özil"
8,"Simple pass","[{'id': 1801}]",15024,"[{'y': 77, 'x': 72}, {'y': 73, 'x': 67}]",2057984,"Pass","Germany","2H",1048.921573,85,258996618,"[1801]",77,72,73,67,2,505,505,"Simple pass","1970-01-01 00:45:00.000001048","M. Reus"
8,"Simple pass","[{'id': 1801}]",3319,"[{'y': 73, 'x': 67}, {'y': 73, 'x': 76}]",2057984,"Pass","Germany","2H",1050.488214,85,258996620,"[1801]",73,67,73,76,2,505,505,"Simple pass","1970-01-01 00:45:00.000001050","M. Özil"
8,"Simple pass","[{'id': 1801}]",14732,"[{'y': 73, 'x': 76}, {'y': 82, 'x': 82}]",2057984,"Pass","Germany","2H",1051.278967,85,258996621,"[1801]",73,76,82,82,2,505,505,"Simple pass","1970-01-01 00:45:00.000001051","T. Müller"
1,"Ground defending duel","[{'id': 703}, {'id': 1801}]",295156,"[{'y': 18, 'x': 18}, {'y': 18, 'x': 22}]",2057984,"Duel","Mexico","2H",1052.524994,12,258996484,"[703, 1801]",18,18,18,22,2,506,506,"Ground defending duel","1970-01-01 00:45:00.000001052","H. Lozano"
1,"Ground attacking duel","[{'id': 701}, {'id': 1802}]",15024,"[{'y': 82, 'x': 82}, {'y': 82, 'x': 78}]",2057984,"Duel","Germany","2H",1052.898652,11,258996622,"[701, 1802]",82,82,82,78,2,507,507,"Ground attacking duel","1970-01-01 00:45:00.000001052","M. Reus"
8,"Simple pass","[{'id': 1801}]",295156,"[{'y': 18, 'x': 22}, {'y': 19, 'x': 27}]",2057984,"Pass","Mexico","2H",1054.801176,85,258996486,"[1801]",18,22,19,27,2,508,508,"Simple pass","1970-01-01 00:45:00.000001054","H. Lozano"
8,"Simple pass","[{'id': 1801}]",3384,"[{'y': 19, 'x': 27}, {'y': 4, 'x': 23}]",2057984,"Pass","Mexico","2H",1056.479208,85,258996488,"[1801]",19,27,4,23,2,508,508,"Simple pass","1970-01-01 00:45:00.000001056","A. Guardado"
1,"Ground defending duel","[{'id': 503}, {'id': 701}, {'id': 1802}]",14732,"[{'y': 96, 'x': 77}, {'y': 83, 'x': 71}]",2057984,"Duel","Germany","2H",1059.895965,12,258996623,"[503, 701, 1802]",96,77,83,71,2,509,509,"Ground defending duel","1970-01-01 00:45:00.000001059","T. Müller"
1,"Ground attacking duel","[{'id': 504}, {'id': 703}, {'id': 1801}]",336178,"[{'y': 4, 'x': 23}, {'y': 17, 'x': 29}]",2057984,"Duel","Mexico","2H",1060.069081,11,258996490,"[504, 703, 1801]",4,23,17,29,2,510,510,"Ground attacking duel","1970-01-01 00:45:00.000001060","J. Gallardo"
8,"Simple pass","[{'id': 1801}]",336178,"[{'y': 17, 'x': 29}, {'y': 66, 'x': 34}]",2057984,"Pass","Mexico","2H",1061.932637,85,258996493,"[1801]",17,29,66,34,2,510,510,"Simple pass","1970-01-01 00:45:00.000001061","J. Gallardo"
8,"Simple pass","[{'id': 1801}]",112459,"[{'y': 66, 'x': 34}, {'y': 83, 'x': 69}]",2057984,"Pass","Mexico","2H",1066.998367,85,258996494,"[1801]",66,34,83,69,2,510,510,"Simple pass","1970-01-01 00:45:00.000001066","H. Herrera"
8,"Simple pass","[{'id': 1801}]",112366,"[{'y': 83, 'x': 69}, {'y': 72, 'x': 64}]",2057984,"Pass","Mexico","2H",1072.429129,85,258996496,"[1801]",83,69,72,64,2,510,510,"Simple pass","1970-01-01 00:45:00.000001072","M. Layún"
8,"Simple pass","[{'id': 1801}]",112459,"[{'y': 72, 'x': 64}, {'y': 88, 'x': 55}]",2057984,"Pass","Mexico","2H",1073.999573,85,258996498,"[1801]",72,64,88,55,2,510,510,"Simple pass","1970-01-01 00:45:00.000001073","H. Herrera"
8,"Simple pass","[{'id': 1801}]",255387,"[{'y': 88, 'x': 55}, {'y': 72, 'x': 30}]",2057984,"Pass","Mexico","2H",1076.131589,85,258996500,"[1801]",88,55,72,30,2,510,510,"Simple pass","1970-01-01 00:45:00.000001076","C. Salcedo"
8,"Simple pass","[{'id': 1801}]",112777,"[{'y': 72, 'x': 30}, {'y': 60, 'x': 9}]",2057984,"Pass","Mexico","2H",1079.929637,85,258996501,"[1801]",72,30,60,9,2,510,510,"Simple pass","1970-01-01 00:45:00.000001079","H. Ayala"
8,"Simple pass","[{'id': 1801}]",25816,"[{'y': 60, 'x': 9}, {'y': 91, 'x': 27}]",2057984,"Pass","Mexico","2H",1083.502193,85,258996503,"[1801]",60,9,91,27,2,510,510,"Simple pass","1970-01-01 00:45:00.000001083","G. Ochoa"
8,"High pass","[{'id': 1801}]",112777,"[{'y': 91, 'x': 27}, {'y': 49, 'x': 40}]",2057984,"Pass","Mexico","2H",1086.449654,83,258996509,"[1801]",91,27,49,40,2,510,510,"High pass","1970-01-01 00:45:00.000001086","H. Ayala"
8,"Smart pass","[{'id': 901}, {'id': 1802}]",112459,"[{'y': 49, 'x': 40}, {'y': 26, 'x': 79}]",2057984,"Pass","Mexico","2H",1091.22405,86,258996512,"[901, 1802]",49,40,26,79,2,511,511,"Smart pass","1970-01-01 00:45:00.000001091","H. Herrera"
8,"Simple pass","[{'id': 1401}, {'id': 1801}]",14712,"[{'y': 74, 'x': 21}, {'y': 93, 'x': 28}]",2057984,"Pass","Germany","2H",1094.969752,85,258996626,"[1401, 1801]",74,21,93,28,2,512,512,"Simple pass","1970-01-01 00:45:00.000001094","M. Neuer"
7,"Touch","[]",224593,"[{'y': 93, 'x': 28}, {'y': 91, 'x': 62}]",2057984,"Others on the ball","Germany","2H",1097.552032,72,258996627,,93,28,91,62,2,512,512,"Touch","1970-01-01 00:45:00.000001097","J. Kimmich"
8,"Simple pass","[{'id': 1801}]",224593,"[{'y': 91, 'x': 62}, {'y': 82, 'x': 53}]",2057984,"Pass","Germany","2H",1109.412901,85,258996629,"[1801]",91,62,82,53,2,512,512,"Simple pass","1970-01-01 00:45:00.000001109","J. Kimmich"
7,"Touch","[]",14716,"[{'y': 82, 'x': 53}, {'y': 83, 'x': 64}]",2057984,"Others on the ball","Germany","2H",1110.558036,72,258996630,,82,53,83,64,2,512,512,"Touch","1970-01-01 00:45:00.000001110","J. Boateng"
8,"Simple pass","[{'id': 1801}]",14716,"[{'y': 83, 'x': 64}, {'y': 52, 'x': 68}]",2057984,"Pass","Germany","2H",1114.127971,85,258996631,"[1801]",83,64,52,68,2,512,512,"Simple pass","1970-01-01 00:45:00.000001114","J. Boateng"
8,"Simple pass","[{'id': 1801}]",14732,"[{'y': 52, 'x': 68}, {'y': 57, 'x': 64}]",2057984,"Pass","Germany","2H",1114.950596,85,258996633,"[1801]",52,68,57,64,2,512,512,"Simple pass","1970-01-01 00:45:00.000001114","T. Müller"
8,"Simple pass","[{'id': 1801}]",224593,"[{'y': 57, 'x': 64}, {'y': 53, 'x': 68}]",2057984,"Pass","Germany","2H",1116.474239,85,258996634,"[1801]",57,64,53,68,2,512,512,"Simple pass","1970-01-01 00:45:00.000001116","J. Kimmich"
8,"Simple pass","[{'id': 1801}]",14862,"[{'y': 53, 'x': 68}, {'y': 77, 'x': 66}]",2057984,"Pass","Germany","2H",1120.591321,85,258996638,"[1801]",53,68,77,66,2,512,512,"Simple pass","1970-01-01 00:45:00.000001120","J. Draxler"
8,"Simple pass","[{'id': 1801}]",3319,"[{'y': 77, 'x': 66}, {'y': 76, 'x': 76}]",2057984,"Pass","Germany","2H",1125.039938,85,258996641,"[1801]",77,66,76,76,2,512,512,"Simple pass","1970-01-01 00:45:00.000001125","M. Özil"
8,"Simple pass","[{'id': 1801}]",15024,"[{'y': 76, 'x': 76}, {'y': 71, 'x': 69}]",2057984,"Pass","Germany","2H",1126.52277,85,258996644,"[1801]",76,76,71,69,2,512,512,"Simple pass","1970-01-01 00:45:00.000001126","M. Reus"
8,"Simple pass","[{'id': 1801}]",3319,"[{'y': 71, 'x': 69}, {'y': 72, 'x': 65}]",2057984,"Pass","Germany","2H",1127.885691,85,258996646,"[1801]",71,69,72,65,2,512,512,"Simple pass","1970-01-01 00:45:00.000001127","M. Özil"
8,"Simple pass","[{'id': 1801}]",15024,"[{'y': 72, 'x': 65}, {'y': 62, 'x': 72}]",2057984,"Pass","Germany","2H",1130.01306,85,258996647,"[1801]",72,65,62,72,2,512,512,"Simple pass","1970-01-01 00:45:00.000001130","M. Reus"
8,"Simple pass","[{'id': 1801}]",14862,"[{'y': 62, 'x': 72}, {'y': 77, 'x': 64}]",2057984,"Pass","Germany","2H",1131.033619,85,258996649,"[1801]",62,72,77,64,2,512,512,"Simple pass","1970-01-01 00:45:00.000001131","J. Draxler"
8,"Simple pass","[{'id': 1801}]",14716,"[{'y': 77, 'x': 64}, {'y': 97, 'x': 95}]",2057984,"Pass","Germany","2H",1133.628757,85,258996650,"[1801]",77,64,97,95,2,512,512,"Simple pass","1970-01-01 00:45:00.000001133","J. Boateng"
8,"Simple pass","[{'id': 1801}]",3319,"[{'y': 97, 'x': 95}, {'y': 77, 'x': 79}]",2057984,"Pass","Germany","2H",1139.417183,85,258996651,"[1801]",97,95,77,79,2,512,512,"Simple pass","1970-01-01 00:45:00.000001139","M. Özil"
8,"Cross","[{'id': 302}, {'id': 402}, {'id': 1801}]",14716,"[{'y': 77, 'x': 79}, {'y': 47, 'x': 90}]",2057984,"Pass","Germany","2H",1143.616475,80,258996653,"[302, 402, 1801]",77,79,47,90,2,512,512,"Cross","1970-01-01 00:45:00.000001143","J. Boateng"
10,"Shot","[{'id': 402}, {'id': 201}, {'id': 1216}, {'id': 1802}]",224593,"[{'y': 47, 'x': 90}, {'y': 0, 'x': 0}]",2057984,"Shot","Germany","2H",1145.196896,100,258996654,"[402, 201, 1216, 1802]",47,90,0,0,2,512,512,"Shot","1970-01-01 00:45:00.000001145","J. Kimmich"
3,"Goal kick","[]",25816,"[{'y': 0, 'x': 0}, {'y': 89, 'x': 54}]",2057984,"Free Kick","Mexico","2H",1176.321652,34,258996516,,0,0,89,54,2,513,513,"Goal kick","1970-01-01 00:45:00.000001176","G. Ochoa"
1,"Air duel","[{'id': 701}, {'id': 1802}]",112366,"[{'y': 89, 'x': 54}, {'y': 100, 'x': 35}]",2057984,"Duel","Mexico","2H",1178.479208,10,258996517,"[701, 1802]",89,54,100,35,2,513,513,"Air duel","1970-01-01 00:45:00.000001178","M. Layún"
1,"Air duel","[{'id': 703}, {'id': 1801}]",15125,"[{'y': 11, 'x': 46}, {'y': 0, 'x': 65}]",2057984,"Duel","Germany","2H",1178.625525,10,258996655,"[703, 1801]",11,46,0,65,2,514,514,"Air duel","1970-01-01 00:45:00.000001178","M. Plattenhardt"
3,"Throw in","[{'id': 1801}]",255387,"[{'y': 100, 'x': 35}, {'y': 78, 'x': 34}]",2057984,"Free Kick","Mexico","2H",1189.516588,36,258996519,"[1801]",100,35,78,34,2,515,515,"Throw in","1970-01-01 00:45:00.000001189","C. Salcedo"
8,"Simple pass","[{'id': 1801}]",3384,"[{'y': 78, 'x': 34}, {'y': 86, 'x': 34}]",2057984,"Pass","Mexico","2H",1191.783826,85,258996520,"[1801]",78,34,86,34,2,515,515,"Simple pass","1970-01-01 00:45:00.000001191","A. Guardado"
8,"High pass","[{'id': 1802}]",255387,"[{'y': 86, 'x': 34}, {'y': 70, 'x': 66}]",2057984,"Pass","Mexico","2H",1193.213048,83,258996521,"[1802]",86,34,70,66,2,516,516,"High pass","1970-01-01 00:45:00.000001193","C. Salcedo"
8,"Head pass","[{'id': 1801}]",14795,"[{'y': 30, 'x': 34}, {'y': 35, 'x': 53}]",2057984,"Pass","Germany","2H",1194.917337,82,258996691,"[1801]",30,34,35,53,2,517,517,"Head pass","1970-01-01 00:45:00.000001194","M. Hummels"
8,"Simple pass","[{'id': 1801}]",3319,"[{'y': 35, 'x': 53}, {'y': 26, 'x': 54}]",2057984,"Pass","Germany","2H",1196.852514,85,258996692,"[1801]",35,53,26,54,2,517,517,"Simple pass","1970-01-01 00:45:00.000001196","M. Özil"
8,"Simple pass","[{'id': 1801}]",14723,"[{'y': 26, 'x': 54}, {'y': 17, 'x': 70}]",2057984,"Pass","Germany","2H",1198.962468,85,258996693,"[1801]",26,54,17,70,2,517,517,"Simple pass","1970-01-01 00:45:00.000001198","T. Kroos"
7,"Acceleration","[{'id': 1801}]",173214,"[{'y': 17, 'x': 70}, {'y': 23, 'x': 87}]",2057984,"Others on the ball","Germany","2H",1201.161343,70,258996695,"[1801]",17,70,23,87,2,517,517,"Acceleration","1970-01-01 00:45:00.000001201","T. Werner"
1,"Ground defending duel","[{'id': 501}, {'id': 701}, {'id': 1802}]",255387,"[{'y': 77, 'x': 13}, {'y': 78, 'x': 7}]",2057984,"Duel","Mexico","2H",1203.584032,12,258996523,"[501, 701, 1802]",77,13,78,7,2,518,518,"Ground defending duel","1970-01-01 00:45:00.000001203","C. Salcedo"
1,"Ground attacking duel","[{'id': 502}, {'id': 703}, {'id': 1801}]",173214,"[{'y': 23, 'x': 87}, {'y': 22, 'x': 93}]",2057984,"Duel","Germany","2H",1203.714292,11,258996696,"[502, 703, 1801]",23,87,22,93,2,519,519,"Ground attacking duel","1970-01-01 00:45:00.000001203","T. Werner"
8,"Cross","[{'id': 401}, {'id': 2101}, {'id': 1802}]",173214,"[{'y': 22, 'x': 93}, {'y': 0, 'x': 0}]",2057984,"Pass","Germany","2H",1204.900366,80,258996697,"[401, 2101, 1802]",22,93,0,0,2,520,520,"Cross","1970-01-01 00:45:00.000001204","T. Werner"
7,"Touch","[{'id': 1401}]",255387,"[{'y': 77, 'x': 11}, {'y': 73, 'x': 0}]",2057984,"Others on the ball","Mexico","2H",1206.221984,72,258996525,"[1401]",77,11,73,0,2,521,521,"Touch","1970-01-01 00:45:00.000001206","C. Salcedo"
7,"Touch","[]",173214,"[{'y': 22, 'x': 97}, {'y': 27, 'x': 100}]",2057984,"Others on the ball","Germany","2H",1207.371868,72,258996698,,22,97,27,100,2,522,522,"Touch","1970-01-01 00:45:00.000001207","T. Werner"
3,"Goal kick","[]",25816,"[{'y': 0, 'x': 0}, {'y': 17, 'x': 55}]",2057984,"Free Kick","Mexico","2H",1261.620189,34,258996545,,0,0,17,55,2,523,523,"Goal kick","1970-01-01 00:45:00.000001261","G. Ochoa"
1,"Air duel","[{'id': 701}, {'id': 1802}]",336178,"[{'y': 17, 'x': 55}, {'y': 44, 'x': 45}]",2057984,"Duel","Mexico","2H",1266.269202,10,258996544,"[701, 1802]",17,55,44,45,2,523,523,"Air duel","1970-01-01 00:45:00.000001266","J. Gallardo"
1,"Air duel","[{'id': 703}, {'id': 1801}]",224593,"[{'y': 83, 'x': 45}, {'y': 56, 'x': 55}]",2057984,"Duel","Germany","2H",1266.333174,10,258996699,"[703, 1801]",83,45,56,55,2,524,524,"Air duel","1970-01-01 00:45:00.000001266","J. Kimmich"
1,"Ground defending duel","[{'id': 601}, {'id': 703}, {'id': 1801}]",3384,"[{'y': 44, 'x': 45}, {'y': 47, 'x': 52}]",2057984,"Duel","Mexico","2H",1267.808078,12,258996547,"[601, 703, 1801]",44,45,47,52,2,525,525,"Ground defending duel","1970-01-01 00:45:00.000001267","A. Guardado"
1,"Ground attacking duel","[{'id': 602}, {'id': 701}, {'id': 1802}]",15024,"[{'y': 56, 'x': 55}, {'y': 53, 'x': 48}]",2057984,"Duel","Germany","2H",1267.987996,11,258996700,"[602, 701, 1802]",56,55,53,48,2,526,526,"Ground attacking duel","1970-01-01 00:45:00.000001267","M. Reus"
8,"Simple pass","[{'id': 1801}]",448210,"[{'y': 47, 'x': 52}, {'y': 27, 'x': 53}]",2057984,"Pass","Mexico","2H",1270.05438,85,258996548,"[1801]",47,52,27,53,2,527,527,"Simple pass","1970-01-01 00:45:00.000001270","E. Álvarez"
1,"Ground defending duel","[{'id': 1601}, {'id': 701}, {'id': 1802}]",15024,"[{'y': 73, 'x': 47}, {'y': 82, 'x': 45}]",2057984,"Duel","Germany","2H",1272.699132,12,258996701,"[1601, 701, 1802]",73,47,82,45,2,528,528,"Ground defending duel","1970-01-01 00:45:00.000001272","M. Reus"
1,"Ground attacking duel","[{'id': 703}, {'id': 1801}]",336178,"[{'y': 27, 'x': 53}, {'y': 18, 'x': 55}]",2057984,"Duel","Mexico","2H",1273.306347,11,258996549,"[703, 1801]",27,53,18,55,2,529,529,"Ground attacking duel","1970-01-01 00:45:00.000001273","J. Gallardo"
8,"Simple pass","[{'id': 1801}]",336178,"[{'y': 18, 'x': 55}, {'y': 8, 'x': 56}]",2057984,"Pass","Mexico","2H",1274.866474,85,258996550,"[1801]",18,55,8,56,2,529,529,"Simple pass","1970-01-01 00:45:00.000001274","J. Gallardo"
8,"Simple pass","[{'id': 1802}]",112392,"[{'y': 8, 'x': 56}, {'y': 2, 'x': 56}]",2057984,"Pass","Mexico","2H",1276.470236,85,258996551,"[1802]",8,56,2,56,2,530,530,"Simple pass","1970-01-01 00:45:00.000001276","R. Jiménez"
7,"Touch","[{'id': 1401}]",14732,"[{'y': 98, 'x': 44}, {'y': 100, 'x': 44}]",2057984,"Others on the ball","Germany","2H",1277.135864,72,258996703,"[1401]",98,44,100,44,2,531,531,"Touch","1970-01-01 00:45:00.000001277","T. Müller"
3,"Throw in","[{'id': 1801}]",336178,"[{'y': 0, 'x': 60}, {'y': 21, 'x': 65}]",2057984,"Free Kick","Mexico","2H",1288.453839,36,258996555,"[1801]",0,60,21,65,2,532,532,"Throw in","1970-01-01 00:45:00.000001288","J. Gallardo"
1,"Ground attacking duel","[{'id': 602}, {'id': 701}, {'id': 1802}]",112459,"[{'y': 21, 'x': 65}, {'y': 28, 'x': 58}]",2057984,"Duel","Mexico","2H",1290.533953,11,258996556,"[602, 701, 1802]",21,65,28,58,2,532,532,"Ground attacking duel","1970-01-01 00:45:00.000001290","H. Herrera"
1,"Ground defending duel","[{'id': 601}, {'id': 703}, {'id': 1801}]",14716,"[{'y': 79, 'x': 35}, {'y': 72, 'x': 42}]",2057984,"Duel","Germany","2H",1290.591172,12,258996704,"[601, 703, 1801]",79,35,72,42,2,533,533,"Ground defending duel","1970-01-01 00:45:00.000001290","J. Boateng"
8,"Simple pass","[{'id': 1801}]",14723,"[{'y': 72, 'x': 42}, {'y': 58, 'x': 41}]",2057984,"Pass","Germany","2H",1292.327413,85,258996705,"[1801]",72,42,58,41,2,533,533,"Simple pass","1970-01-01 00:45:00.000001292","T. Kroos"
8,"Simple pass","[{'id': 1801}]",14862,"[{'y': 58, 'x': 41}, {'y': 69, 'x': 41}]",2057984,"Pass","Germany","2H",1292.98033,85,258996706,"[1801]",58,41,69,41,2,533,533,"Simple pass","1970-01-01 00:45:00.000001292","J. Draxler"
8,"Simple pass","[{'id': 1801}]",14723,"[{'y': 69, 'x': 41}, {'y': 67, 'x': 66}]",2057984,"Pass","Germany","2H",1293.496492,85,258996707,"[1801]",69,41,67,66,2,533,533,"Simple pass","1970-01-01 00:45:00.000001293","T. Kroos"
8,"Simple pass","[{'id': 1801}]",173214,"[{'y': 67, 'x': 66}, {'y': 62, 'x': 59}]",2057984,"Pass","Germany","2H",1295.172888,85,258996708,"[1801]",67,66,62,59,2,533,533,"Simple pass","1970-01-01 00:45:00.000001295","T. Werner"
7,"Acceleration","[{'id': 1801}]",15024,"[{'y': 62, 'x': 59}, {'y': 74, 'x': 71}]",2057984,"Others on the ball","Germany","2H",1296.718396,70,258996712,"[1801]",62,59,74,71,2,533,533,"Acceleration","1970-01-01 00:45:00.000001296","M. Reus"
8,"Smart pass","[{'id': 1801}]",15024,"[{'y': 74, 'x': 71}, {'y': 97, 'x': 93}]",2057984,"Pass","Germany","2H",1298.641807,86,258996713,"[1801]",74,71,97,93,2,533,533,"Smart pass","1970-01-01 00:45:00.000001298","M. Reus"
8,"Cross","[{'id': 402}, {'id': 801}, {'id': 1801}]",14732,"[{'y': 97, 'x': 93}, {'y': 35, 'x': 86}]",2057984,"Pass","Germany","2H",1301.020502,80,258996715,"[402, 801, 1801]",97,93,35,86,2,533,533,"Cross","1970-01-01 00:45:00.000001301","T. Müller"
7,"Touch","[{'id': 1302}]",255387,"[{'y': 64, 'x': 14}, {'y': 65, 'x': 14}]",2057984,"Others on the ball","Mexico","2H",1302.993728,72,258996564,"[1302]",64,14,65,14,2,534,534,"Touch","1970-01-01 00:45:00.000001302","C. Salcedo"
10,"Shot","[{'id': 402}, {'id': 2101}, {'id': 201}, {'id': 1802}]",14862,"[{'y': 35, 'x': 86}, {'y': 0, 'x': 0}]",2057984,"Shot","Germany","2H",1304.067865,100,258996716,"[402, 2101, 201, 1802]",35,86,0,0,2,535,535,"Shot","1970-01-01 00:45:00.000001304","J. Draxler"
7,"Touch","[{'id': 1401}]",448210,"[{'y': 56, 'x': 12}, {'y': 37, 'x': 0}]",2057984,"Others on the ball","Mexico","2H",1306.468998,72,258996573,"[1401]",56,12,37,0,2,536,536,"Touch","1970-01-01 00:45:00.000001306","E. Álvarez"
3,"Corner","[{'id': 1801}]",14723,"[{'y': 100, 'x': 100}, {'y': 92, 'x': 79}]",2057984,"Free Kick","Germany","2H",1318.868911,30,258996717,"[1801]",100,100,92,79,2,537,537,"Corner","1970-01-01 00:45:00.000001318","T. Kroos"
8,"Cross","[{'id': 401}, {'id': 801}, {'id': 1801}]",3319,"[{'y': 92, 'x': 79}, {'y': 45, 'x': 90}]",2057984,"Pass","Germany","2H",1321.744817,80,258996718,"[401, 801, 1801]",92,79,45,90,2,537,537,"Cross","1970-01-01 00:45:00.000001321","M. Özil"
1,"Ground loose ball duel","[{'id': 702}, {'id': 1801}]",14795,"[{'y': 45, 'x': 90}, {'y': 47, 'x': 90}]",2057984,"Duel","Germany","2H",1322.63965,13,258996721,"[702, 1801]",45,90,47,90,2,537,537,"Ground loose ball duel","1970-01-01 00:45:00.000001322","M. Hummels"
1,"Ground loose ball duel","[{'id': 702}, {'id': 1801}]",336178,"[{'y': 55, 'x': 10}, {'y': 53, 'x': 10}]",2057984,"Duel","Mexico","2H",1323.498093,13,258996576,"[702, 1801]",55,10,53,10,2,538,538,"Ground loose ball duel","1970-01-01 00:45:00.000001323","J. Gallardo"
1,"Air duel","[{'id': 302}, {'id': 703}, {'id': 1801}]",14795,"[{'y': 47, 'x': 90}, {'y': 41, 'x': 95}]",2057984,"Duel","Germany","2H",1323.619175,10,258996725,"[302, 703, 1801]",47,90,41,95,2,539,539,"Air duel","1970-01-01 00:45:00.000001323","M. Hummels"
10,"Shot","[{'id': 402}, {'id': 201}, {'id': 1214}, {'id': 1802}]",173214,"[{'y': 41, 'x': 95}, {'y': 0, 'x': 0}]",2057984,"Shot","Germany","2H",1324.312354,100,258996726,"[402, 201, 1214, 1802]",41,95,0,0,2,539,539,"Shot","1970-01-01 00:45:00.000001324","T. Werner"
3,"Goal kick","[]",25816,"[{'y': 0, 'x': 0}, {'y': 22, 'x': 51}]",2057984,"Free Kick","Mexico","2H",1353.039794,34,258996581,,0,0,22,51,2,540,540,"Goal kick","1970-01-01 00:45:00.000001353","G. Ochoa"
1,"Air duel","[{'id': 701}, {'id': 1802}]",112392,"[{'y': 22, 'x': 51}, {'y': 24, 'x': 21}]",2057984,"Duel","Mexico","2H",1356.365242,10,258996582,"[701, 1802]",22,51,24,21,2,540,540,"Air duel","1970-01-01 00:45:00.000001356","R. Jiménez"
1,"Air duel","[{'id': 703}, {'id': 1801}]",224593,"[{'y': 78, 'x': 49}, {'y': 76, 'x': 79}]",2057984,"Duel","Germany","2H",1356.797936,10,258996728,"[703, 1801]",78,49,76,79,2,541,541,"Air duel","1970-01-01 00:45:00.000001356","J. Kimmich"
8,"Simple pass","[{'id': 1801}]",3795,"[{'y': 24, 'x': 21}, {'y': 28, 'x': 3}]",2057984,"Pass","Mexico","2H",1360.066412,85,258996584,"[1801]",24,21,28,3,2,542,542,"Simple pass","1970-01-01 00:45:00.000001360","H. Moreno"
7,"Clearance","[{'id': 1802}]",25816,"[{'y': 28, 'x': 3}, {'y': 15, 'x': 0}]",2057984,"Others on the ball","Mexico","2H",1363.415412,71,258996589,"[1802]",28,3,15,0,2,542,542,"Clearance","1970-01-01 00:45:00.000001363","G. Ochoa"
3,"Corner","[{'id': 801}, {'id': 1801}]",15024,"[{'y': 100, 'x': 100}, {'y': 47, 'x': 90}]",2057984,"Free Kick","Germany","2H",1391.319138,30,258996732,"[801, 1801]",100,100,47,90,2,543,543,"Corner","1970-01-01 00:45:00.000001391","M. Reus"
1,"Air duel","[{'id': 703}, {'id': 1801}]",14795,"[{'y': 47, 'x': 90}, {'y': 31, 'x': 86}]",2057984,"Duel","Germany","2H",1393.818468,10,258996734,"[703, 1801]",47,90,31,86,2,543,543,"Air duel","1970-01-01 00:45:00.000001393","M. Hummels"
7,"Clearance","[{'id': 1401}, {'id': 1802}]",336178,"[{'y': 69, 'x': 14}, {'y': 49, 'x': 37}]",2057984,"Others on the ball","Mexico","2H",1394.445602,71,258996594,"[1401, 1802]",69,14,49,37,2,544,544,"Clearance","1970-01-01 00:45:00.000001394","J. Gallardo"
8,"Simple pass","[{'id': 1801}]",14716,"[{'y': 51, 'x': 63}, {'y': 15, 'x': 89}]",2057984,"Pass","Germany","2H",1397.029426,85,258996735,"[1801]",51,63,15,89,2,545,545,"Simple pass","1970-01-01 00:45:00.000001397","J. Boateng"
1,"Ground attacking duel","[{'id': 502}, {'id': 703}, {'id': 1801}]",14862,"[{'y': 15, 'x': 89}, {'y': 25, 'x': 96}]",2057984,"Duel","Germany","2H",1402.600091,11,258996736,"[502, 703, 1801]",15,89,25,96,2,545,545,"Ground attacking duel","1970-01-01 00:45:00.000001402","J. Draxler"
1,"Ground defending duel","[{'id': 501}, {'id': 701}, {'id': 1802}]",336178,"[{'y': 85, 'x': 11}, {'y': 75, 'x': 4}]",2057984,"Duel","Mexico","2H",1403.062062,12,258996597,"[501, 701, 1802]",85,11,75,4,2,546,546,"Ground defending duel","1970-01-01 00:45:00.000001403","J. Gallardo"
8,"Cross","[{'id': 401}, {'id': 1802}]",14862,"[{'y': 25, 'x': 96}, {'y': 36, 'x': 93}]",2057984,"Pass","Germany","2H",1403.882713,80,258996739,"[401, 1802]",25,96,36,93,2,547,547,"Cross","1970-01-01 00:45:00.000001403","J. Draxler"
8,"Simple pass","[{'id': 1401}, {'id': 1801}]",255387,"[{'y': 64, 'x': 7}, {'y': 79, 'x': 7}]",2057984,"Pass","Mexico","2H",1405.74403,85,258996598,"[1401, 1801]",64,7,79,7,2,548,548,"Simple pass","1970-01-01 00:45:00.000001405","C. Salcedo"
7,"Clearance","[{'id': 1802}]",336178,"[{'y': 79, 'x': 7}, {'y': 81, 'x': 58}]",2057984,"Others on the ball","Mexico","2H",1406.426506,71,258996599,"[1802]",79,7,81,58,2,548,548,"Clearance","1970-01-01 00:45:00.000001406","J. Gallardo"
8,"Simple pass","[{'id': 1801}]",14716,"[{'y': 19, 'x': 42}, {'y': 50, 'x': 29}]",2057984,"Pass","Germany","2H",1411.255857,85,258996742,"[1801]",19,42,50,29,2,549,549,"Simple pass","1970-01-01 00:45:00.000001411","J. Boateng"
8,"Simple pass","[{'id': 1801}]",14712,"[{'y': 50, 'x': 29}, {'y': 84, 'x': 47}]",2057984,"Pass","Germany","2H",1416.599559,85,258996743,"[1801]",50,29,84,47,2,549,549,"Simple pass","1970-01-01 00:45:00.000001416","M. Neuer"
7,"Touch","[{'id': 1302}]",14795,"[{'y': 84, 'x': 47}, {'y': 81, 'x': 55}]",2057984,"Others on the ball","Germany","2H",1419.255241,72,258996744,"[1302]",84,47,81,55,2,549,549,"Touch","1970-01-01 00:45:00.000001419","M. Hummels"
8,"Simple pass","[{'id': 1801}]",224593,"[{'y': 81, 'x': 55}, {'y': 49, 'x': 47}]",2057984,"Pass","Germany","2H",1423.334884,85,258996745,"[1801]",81,55,49,47,2,549,549,"Simple pass","1970-01-01 00:45:00.000001423","J. Kimmich"
7,"Touch","[]",14716,"[{'y': 49, 'x': 47}, {'y': 52, 'x': 65}]",2057984,"Others on the ball","Germany","2H",1424.934888,72,258996746,,49,47,52,65,2,549,549,"Touch","1970-01-01 00:45:00.000001424","J. Boateng"
8,"High pass","[{'id': 1801}]",14716,"[{'y': 52, 'x': 65}, {'y': 97, 'x': 85}]",2057984,"Pass","Germany","2H",1429.282727,83,258996748,"[1801]",52,65,97,85,2,549,549,"High pass","1970-01-01 00:45:00.000001429","J. Boateng"
8,"Smart pass","[{'id': 901}, {'id': 1802}]",3319,"[{'y': 97, 'x': 85}, {'y': 87, 'x': 87}]",2057984,"Pass","Germany","2H",1432.203648,86,258996750,"[901, 1802]",97,85,87,87,2,550,550,"Smart pass","1970-01-01 00:45:00.000001432","M. Özil"
7,"Touch","[{'id': 1901}, {'id': 1401}]",336178,"[{'y': 13, 'x': 13}, {'y': 3, 'x': 17}]",2057984,"Others on the ball","Mexico","2H",1433.716635,72,258996632,"[1901, 1401]",13,13,3,17,2,551,551,"Touch","1970-01-01 00:45:00.000001433","J. Gallardo"
8,"Simple pass","[{'id': 1802}]",3319,"[{'y': 97, 'x': 83}, {'y': 91, 'x': 74}]",2057984,"Pass","Germany","2H",1434.233728,85,258996756,"[1802]",97,83,91,74,2,552,552,"Simple pass","1970-01-01 00:45:00.000001434","M. Özil"
8,"Simple pass","[{'id': 1901}, {'id': 1401}, {'id': 1801}]",112392,"[{'y': 9, 'x': 26}, {'y': 31, 'x': 37}]",2057984,"Pass","Mexico","2H",1437.241016,85,258996637,"[1901, 1401, 1801]",9,26,31,37,2,553,553,"Simple pass","1970-01-01 00:45:00.000001437","R. Jiménez"
8,"Simple pass","[{'id': 1901}, {'id': 1801}]",7941,"[{'y': 31, 'x': 37}, {'y': 67, 'x': 37}]",2057984,"Pass","Mexico","2H",1438.628714,85,258996639,"[1901, 1801]",31,37,67,37,2,553,553,"Simple pass","1970-01-01 00:45:00.000001438","J. Hernández"
7,"Acceleration","[{'id': 1901}, {'id': 1801}]",112366,"[{'y': 67, 'x': 37}, {'y': 64, 'x': 64}]",2057984,"Others on the ball","Mexico","2H",1442.423698,70,258996643,"[1901, 1801]",67,37,64,64,2,553,553,"Acceleration","1970-01-01 00:45:00.000001442","M. Layún"
8,"Smart pass","[{'id': 1901}, {'id': 901}, {'id': 1801}]",112366,"[{'y': 64, 'x': 64}, {'y': 58, 'x': 87}]",2057984,"Pass","Mexico","2H",1445.692492,86,258996648,"[1901, 901, 1801]",64,64,58,87,2,553,553,"Smart pass","1970-01-01 00:45:00.000001445","M. Layún"
1,"Ground defending duel","[{'id': 702}, {'id': 1801}]",14795,"[{'y': 42, 'x': 13}, {'y': 37, 'x': 13}]",2057984,"Duel","Germany","2H",1447.988448,12,258996762,"[702, 1801]",42,13,37,13,2,554,554,"Ground defending duel","1970-01-01 00:45:00.000001447","M. Hummels"
1,"Ground attacking duel","[{'id': 1901}, {'id': 702}, {'id': 1801}]",7941,"[{'y': 58, 'x': 87}, {'y': 63, 'x': 87}]",2057984,"Duel","Mexico","2H",1447.988448,11,258997191,"[1901, 702, 1801]",58,87,63,87,2,555,555,"Ground attacking duel","1970-01-01 00:45:00.000001447","J. Hernández"
1,"Ground loose ball duel","[{'id': 703}, {'id': 1801}]",15125,"[{'y': 37, 'x': 13}, {'y': 39, 'x': 11}]",2057984,"Duel","Germany","2H",1449.937431,13,258996771,"[703, 1801]",37,13,39,11,2,556,556,"Ground loose ball duel","1970-01-01 00:45:00.000001449","M. Plattenhardt"
1,"Ground loose ball duel","[{'id': 1901}, {'id': 701}, {'id': 1802}]",7941,"[{'y': 63, 'x': 87}, {'y': 61, 'x': 89}]",2057984,"Duel","Mexico","2H",1449.937431,13,258997192,"[1901, 701, 1802]",63,87,61,89,2,557,557,"Ground loose ball duel","1970-01-01 00:45:00.000001449","J. Hernández"
2,"Foul","[{'id': 1901}]",7941,"[{'y': 61, 'x': 89}, {'y': 63, 'x': 87}]",2057984,"Foul","Mexico","2H",1451.073435,20,258997193,"[1901]",61,89,63,87,2,557,557,"Foul","1970-01-01 00:45:00.000001451","J. Hernández"
3,"Free Kick","[{'id': 1801}]",14712,"[{'y': 41, 'x': 13}, {'y': 69, 'x': 45}]",2057984,"Free Kick","Germany","2H",1488.425724,31,258996778,"[1801]",41,13,69,45,2,558,558,"Free Kick","1970-01-01 00:45:00.000001488","M. Neuer"
8,"Simple pass","[{'id': 1801}]",3319,"[{'y': 69, 'x': 45}, {'y': 95, 'x': 57}]",2057984,"Pass","Germany","2H",1492.957094,85,258996780,"[1801]",69,45,95,57,2,558,558,"Simple pass","1970-01-01 00:45:00.000001492","M. Özil"
8,"Simple pass","[{'id': 1801}]",224593,"[{'y': 95, 'x': 57}, {'y': 73, 'x': 54}]",2057984,"Pass","Germany","2H",1495.598568,85,258996781,"[1801]",95,57,73,54,2,558,558,"Simple pass","1970-01-01 00:45:00.000001495","J. Kimmich"
7,"Touch","[]",3319,"[{'y': 73, 'x': 54}, {'y': 71, 'x': 65}]",2057984,"Others on the ball","Germany","2H",1496.960055,72,258996785,,73,54,71,65,2,558,558,"Touch","1970-01-01 00:45:00.000001496","M. Özil"
8,"Simple pass","[{'id': 1801}]",3319,"[{'y': 71, 'x': 65}, {'y': 82, 'x': 67}]",2057984,"Pass","Germany","2H",1500.352793,85,258996786,"[1801]",71,65,82,67,2,558,558,"Simple pass","1970-01-01 00:45:00.000001500","M. Özil"
8,"Simple pass","[{'id': 1801}]",15024,"[{'y': 82, 'x': 67}, {'y': 69, 'x': 65}]",2057984,"Pass","Germany","2H",1501.446807,85,258996788,"[1801]",82,67,69,65,2,558,558,"Simple pass","1970-01-01 00:45:00.000001501","M. Reus"
8,"Simple pass","[{'id': 1801}]",3319,"[{'y': 69, 'x': 65}, {'y': 98, 'x': 87}]",2057984,"Pass","Germany","2H",1503.614417,85,258996790,"[1801]",69,65,98,87,2,558,558,"Simple pass","1970-01-01 00:45:00.000001503","M. Özil"
8,"Simple pass","[{'id': 1801}]",224593,"[{'y': 98, 'x': 87}, {'y': 84, 'x': 98}]",2057984,"Pass","Germany","2H",1506.89846,85,258996792,"[1801]",98,87,84,98,2,558,558,"Simple pass","1970-01-01 00:45:00.000001506","J. Kimmich"
8,"Cross","[{'id': 402}, {'id': 1802}]",15024,"[{'y': 84, 'x': 98}, {'y': 46, 'x': 96}]",2057984,"Pass","Germany","2H",1508.766584,80,258996793,"[402, 1802]",84,98,46,96,2,559,559,"Cross","1970-01-01 00:45:00.000001508","M. Reus"
7,"Clearance","[{'id': 1401}, {'id': 1802}]",255387,"[{'y': 54, 'x': 4}, {'y': 3, 'x': 42}]",2057984,"Others on the ball","Mexico","2H",1510.28992,71,258996657,"[1401, 1802]",54,4,3,42,2,560,560,"Clearance","1970-01-01 00:45:00.000001510","C. Salcedo"
7,"Touch","[]",3319,"[{'y': 97, 'x': 58}, {'y': 77, 'x': 69}]",2057984,"Others on the ball","Germany","2H",1516.171574,72,258996795,,97,58,77,69,2,561,561,"Touch","1970-01-01 00:45:00.000001516","M. Özil"
8,"Simple pass","[{'id': 1801}]",3319,"[{'y': 77, 'x': 69}, {'y': 81, 'x': 76}]",2057984,"Pass","Germany","2H",1520.764054,85,258996796,"[1801]",77,69,81,76,2,561,561,"Simple pass","1970-01-01 00:45:00.000001520","M. Özil"
8,"Simple pass","[{'id': 1801}]",15024,"[{'y': 81, 'x': 76}, {'y': 73, 'x': 71}]",2057984,"Pass","Germany","2H",1524.816372,85,258996798,"[1801]",81,76,73,71,2,561,561,"Simple pass","1970-01-01 00:45:00.000001524","M. Reus"
8,"Simple pass","[{'id': 1801}]",3319,"[{'y': 73, 'x': 71}, {'y': 69, 'x': 78}]",2057984,"Pass","Germany","2H",1526.745684,85,258996799,"[1801]",73,71,69,78,2,561,561,"Simple pass","1970-01-01 00:45:00.000001526","M. Özil"
8,"Simple pass","[{'id': 1801}]",14732,"[{'y': 69, 'x': 78}, {'y': 76, 'x': 75}]",2057984,"Pass","Germany","2H",1527.240851,85,258996800,"[1801]",69,78,76,75,2,561,561,"Simple pass","1970-01-01 00:45:00.000001527","T. Müller"
8,"Simple pass","[{'id': 1801}]",3319,"[{'y': 76, 'x': 75}, {'y': 93, 'x': 92}]",2057984,"Pass","Germany","2H",1528.338747,85,258996802,"[1801]",76,75,93,92,2,561,561,"Simple pass","1970-01-01 00:45:00.000001528","M. Özil"
8,"Cross","[{'id': 402}, {'id': 801}, {'id': 1802}]",224593,"[{'y': 93, 'x': 92}, {'y': 49, 'x': 96}]",2057984,"Pass","Germany","2H",1530.442264,80,258996805,"[402, 801, 1802]",93,92,49,96,2,562,562,"Cross","1970-01-01 00:45:00.000001530","J. Kimmich"
7,"Clearance","[{'id': 1401}, {'id': 1802}]",112777,"[{'y': 51, 'x': 4}, {'y': 45, 'x': 28}]",2057984,"Others on the ball","Mexico","2H",1532.427396,71,258996658,"[1401, 1802]",51,4,45,28,2,563,563,"Clearance","1970-01-01 00:45:00.000001532","H. Ayala"
8,"Simple pass","[{'id': 1801}]",14723,"[{'y': 55, 'x': 72}, {'y': 63, 'x': 80}]",2057984,"Pass","Germany","2H",1534.137132,85,258996808,"[1801]",55,72,63,80,2,564,564,"Simple pass","1970-01-01 00:45:00.000001534","T. Kroos"
8,"Simple pass","[{'id': 1801}]",14862,"[{'y': 63, 'x': 80}, {'y': 74, 'x': 70}]",2057984,"Pass","Germany","2H",1535.048462,85,258996809,"[1801]",63,80,74,70,2,564,564,"Simple pass","1970-01-01 00:45:00.000001535","J. Draxler"
8,"Simple pass","[{'id': 1801}]",14723,"[{'y': 74, 'x': 70}, {'y': 91, 'x': 78}]",2057984,"Pass","Germany","2H",1540.885456,85,258996811,"[1801]",74,70,91,78,2,564,564,"Simple pass","1970-01-01 00:45:00.000001540","T. Kroos"
8,"Simple pass","[{'id': 1801}]",3319,"[{'y': 91, 'x': 78}, {'y': 69, 'x': 61}]",2057984,"Pass","Germany","2H",1543.722214,85,258996813,"[1801]",91,78,69,61,2,564,564,"Simple pass","1970-01-01 00:45:00.000001543","M. Özil"
8,"Simple pass","[{'id': 1801}]",14723,"[{'y': 69, 'x': 61}, {'y': 71, 'x': 53}]",2057984,"Pass","Germany","2H",1546.830248,85,258996826,"[1801]",69,61,71,53,2,564,564,"Simple pass","1970-01-01 00:45:00.000001546","T. Kroos"
7,"Touch","[]",14716,"[{'y': 71, 'x': 53}, {'y': 72, 'x': 75}]",2057984,"Others on the ball","Germany","2H",1547.962076,72,258996828,,71,53,72,75,2,564,564,"Touch","1970-01-01 00:45:00.000001547","J. Boateng"
8,"Smart pass","[{'id': 901}, {'id': 1801}]",14716,"[{'y': 72, 'x': 75}, {'y': 76, 'x': 88}]",2057984,"Pass","Germany","2H",1553.265211,86,258996830,"[901, 1801]",72,75,76,88,2,564,564,"Smart pass","1970-01-01 00:45:00.000001553","J. Boateng"
7,"Touch","[{'id': 1401}]",336178,"[{'y': 33, 'x': 9}, {'y': 29, 'x': 5}]",2057984,"Others on the ball","Mexico","2H",1554.261241,72,258996659,"[1401]",33,9,29,5,2,565,565,"Touch","1970-01-01 00:45:00.000001554","J. Gallardo"
8,"Cross","[{'id': 402}, {'id': 2101}, {'id': 1802}]",15024,"[{'y': 76, 'x': 88}, {'y': 0, 'x': 0}]",2057984,"Pass","Germany","2H",1554.714157,80,258996834,"[402, 2101, 1802]",76,88,0,0,2,566,566,"Cross","1970-01-01 00:45:00.000001554","M. Reus"
10,"Shot","[{'id': 402}, {'id': 201}, {'id': 1216}, {'id': 1802}]",15024,"[{'y': 71, 'x': 95}, {'y': 0, 'x': 0}]",2057984,"Shot","Germany","2H",1557.07588,100,258996835,"[402, 201, 1216, 1802]",71,95,0,0,2,566,566,"Shot","1970-01-01 00:45:00.000001557","M. Reus"
3,"Goal kick","[]",25816,"[{'y': 0, 'x': 0}, {'y': 85, 'x': 55}]",2057984,"Free Kick","Mexico","2H",1697.049426,34,258996661,,0,0,85,55,2,567,567,"Goal kick","1970-01-01 00:45:00.000001697","G. Ochoa"
1,"Air duel","[{'id': 703}, {'id': 1801}]",14862,"[{'y': 15, 'x': 45}, {'y': 18, 'x': 44}]",2057984,"Duel","Germany","2H",1700.98943,10,258996849,"[703, 1801]",15,45,18,44,2,568,568,"Air duel","1970-01-01 00:45:00.000001700","J. Draxler"
1,"Air duel","[{'id': 701}, {'id': 1802}]",448210,"[{'y': 85, 'x': 55}, {'y': 82, 'x': 56}]",2057984,"Duel","Mexico","2H",1700.98943,10,258997090,"[701, 1802]",85,55,82,56,2,569,569,"Air duel","1970-01-01 00:45:00.000001700","E. Álvarez"
2,"Foul","[]",448210,"[{'y': 82, 'x': 56}, {'y': 85, 'x': 55}]",2057984,"Foul","Mexico","2H",1702.250391,20,258997091,,82,56,85,55,2,569,569,"Foul","1970-01-01 00:45:00.000001702","E. Álvarez"
3,"Free Kick","[{'id': 1801}]",14723,"[{'y': 13, 'x': 44}, {'y': 28, 'x': 54}]",2057984,"Free Kick","Germany","2H",1714.80913,31,258996846,"[1801]",13,44,28,54,2,570,570,"Free Kick","1970-01-01 00:45:00.000001714","T. Kroos"
8,"Simple pass","[{'id': 1801}]",15024,"[{'y': 28, 'x': 54}, {'y': 12, 'x': 45}]",2057984,"Pass","Germany","2H",1717.200622,85,258996850,"[1801]",28,54,12,45,2,570,570,"Simple pass","1970-01-01 00:45:00.000001717","M. Reus"
8,"Simple pass","[{'id': 1801}]",14723,"[{'y': 12, 'x': 45}, {'y': 23, 'x': 47}]",2057984,"Pass","Germany","2H",1718.52569,85,258996851,"[1801]",12,45,23,47,2,570,570,"Simple pass","1970-01-01 00:45:00.000001718","T. Kroos"
8,"Simple pass","[{'id': 1801}]",15024,"[{'y': 23, 'x': 47}, {'y': 31, 'x': 36}]",2057984,"Pass","Germany","2H",1719.119309,85,258996852,"[1801]",23,47,31,36,2,570,570,"Simple pass","1970-01-01 00:45:00.000001719","M. Reus"
8,"Simple pass","[{'id': 1801}]",14795,"[{'y': 31, 'x': 36}, {'y': 68, 'x': 39}]",2057984,"Pass","Germany","2H",1722.088505,85,258996853,"[1801]",31,36,68,39,2,570,570,"Simple pass","1970-01-01 00:45:00.000001722","M. Hummels"
7,"Touch","[]",14716,"[{'y': 68, 'x': 39}, {'y': 69, 'x': 55}]",2057984,"Others on the ball","Germany","2H",1723.078147,72,258996854,,68,39,69,55,2,570,570,"Touch","1970-01-01 00:45:00.000001723","J. Boateng"
8,"Smart pass","[{'id': 1801}]",14716,"[{'y': 69, 'x': 55}, {'y': 59, 'x': 70}]",2057984,"Pass","Germany","2H",1726.84414,86,258996855,"[1801]",69,55,59,70,2,570,570,"Smart pass","1970-01-01 00:45:00.000001726","J. Boateng"
8,"Simple pass","[{'id': 1801}]",173214,"[{'y': 59, 'x': 70}, {'y': 39, 'x': 68}]",2057984,"Pass","Germany","2H",1728.066421,85,258996856,"[1801]",59,70,39,68,2,570,570,"Simple pass","1970-01-01 00:45:00.000001728","T. Werner"
8,"Simple pass","[{'id': 1801}]",14862,"[{'y': 39, 'x': 68}, {'y': 38, 'x': 63}]",2057984,"Pass","Germany","2H",1731.032894,85,258996857,"[1801]",39,68,38,63,2,570,570,"Simple pass","1970-01-01 00:45:00.000001731","J. Draxler"
8,"Simple pass","[{'id': 1801}]",14723,"[{'y': 38, 'x': 63}, {'y': 8, 'x': 71}]",2057984,"Pass","Germany","2H",1731.921222,85,258996858,"[1801]",38,63,8,71,2,570,570,"Simple pass","1970-01-01 00:45:00.000001731","T. Kroos"
8,"Simple pass","[{'id': 1801}]",15125,"[{'y': 8, 'x': 71}, {'y': 28, 'x': 66}]",2057984,"Pass","Germany","2H",1734.243134,85,258996859,"[1801]",8,71,28,66,2,570,570,"Simple pass","1970-01-01 00:45:00.000001734","M. Plattenhardt"
8,"Simple pass","[{'id': 1801}]",14723,"[{'y': 28, 'x': 66}, {'y': 61, 'x': 71}]",2057984,"Pass","Germany","2H",1737.169036,85,258996860,"[1801]",28,66,61,71,2,570,570,"Simple pass","1970-01-01 00:45:00.000001737","T. Kroos"
7,"Touch","[]",3319,"[{'y': 61, 'x': 71}, {'y': 48, 'x': 71}]",2057984,"Others on the ball","Germany","2H",1738.197068,72,258996861,,61,71,48,71,2,570,570,"Touch","1970-01-01 00:45:00.000001738","M. Özil"
8,"Simple pass","[{'id': 1802}]",112459,"[{'y': 52, 'x': 29}, {'y': 43, 'x': 34}]",2057984,"Pass","Mexico","2H",1739.422186,85,258996662,"[1802]",52,29,43,34,2,571,571,"Simple pass","1970-01-01 00:45:00.000001739","H. Herrera"
8,"Simple pass","[{'id': 1801}]",14716,"[{'y': 57, 'x': 66}, {'y': 95, 'x': 78}]",2057984,"Pass","Germany","2H",1743.16548,85,258996865,"[1801]",57,66,95,78,2,572,572,"Simple pass","1970-01-01 00:45:00.000001743","J. Boateng"
8,"Simple pass","[{'id': 1801}]",224593,"[{'y': 95, 'x': 78}, {'y': 90, 'x': 89}]",2057984,"Pass","Germany","2H",1746.029792,85,258996867,"[1801]",95,78,90,89,2,572,572,"Simple pass","1970-01-01 00:45:00.000001746","J. Kimmich"
8,"Simple pass","[{'id': 1801}]",14732,"[{'y': 90, 'x': 89}, {'y': 72, 'x': 88}]",2057984,"Pass","Germany","2H",1747.823438,85,258996868,"[1801]",90,89,72,88,2,572,572,"Simple pass","1970-01-01 00:45:00.000001747","T. Müller"
8,"Simple pass","[{'id': 1801}]",14862,"[{'y': 72, 'x': 88}, {'y': 71, 'x': 73}]",2057984,"Pass","Germany","2H",1749.78475,85,258996869,"[1801]",72,88,71,73,2,572,572,"Simple pass","1970-01-01 00:45:00.000001749","J. Draxler"
8,"Smart pass","[{'id': 901}, {'id': 1801}]",14716,"[{'y': 71, 'x': 73}, {'y': 64, 'x': 91}]",2057984,"Pass","Germany","2H",1752.393534,86,258996871,"[901, 1801]",71,73,64,91,2,572,572,"Smart pass","1970-01-01 00:45:00.000001752","J. Boateng"
1,"Ground loose ball duel","[{'id': 703}, {'id': 1801}]",255387,"[{'y': 36, 'x': 9}, {'y': 46, 'x': 7}]",2057984,"Duel","Mexico","2H",1753.766888,13,258996663,"[703, 1801]",36,9,46,7,2,573,573,"Ground loose ball duel","1970-01-01 00:45:00.000001753","C. Salcedo"
1,"Ground loose ball duel","[{'id': 701}, {'id': 1802}]",15024,"[{'y': 64, 'x': 91}, {'y': 54, 'x': 93}]",2057984,"Duel","Germany","2H",1753.800631,13,258996875,"[701, 1802]",64,91,54,93,2,574,574,"Ground loose ball duel","1970-01-01 00:45:00.000001753","M. Reus"
8,"High pass","[{'id': 1802}]",25816,"[{'y': 46, 'x': 7}, {'y': 28, 'x': 61}]",2057984,"Pass","Mexico","2H",1759.044232,83,258996665,"[1802]",46,7,28,61,2,575,575,"High pass","1970-01-01 00:45:00.000001759","G. Ochoa"
8,"Simple pass","[{'id': 1801}]",14795,"[{'y': 72, 'x': 39}, {'y': 63, 'x': 24}]",2057984,"Pass","Germany","2H",1764.401072,85,258996877,"[1801]",72,39,63,24,2,576,576,"Simple pass","1970-01-01 00:45:00.000001764","M. Hummels"
8,"Simple pass","[{'id': 1801}]",14712,"[{'y': 63, 'x': 24}, {'y': 64, 'x': 40}]",2057984,"Pass","Germany","2H",1768.108384,85,258996878,"[1801]",63,24,64,40,2,576,576,"Simple pass","1970-01-01 00:45:00.000001768","M. Neuer"
8,"Simple pass","[{'id': 1801}]",14723,"[{'y': 64, 'x': 40}, {'y': 70, 'x': 59}]",2057984,"Pass","Germany","2H",1771.910454,85,258996879,"[1801]",64,40,70,59,2,576,576,"Simple pass","1970-01-01 00:45:00.000001771","T. Kroos"
8,"Simple pass","[{'id': 1801}]",15024,"[{'y': 70, 'x': 59}, {'y': 80, 'x': 63}]",2057984,"Pass","Germany","2H",1774.86218,85,258996880,"[1801]",70,59,80,63,2,576,576,"Simple pass","1970-01-01 00:45:00.000001774","M. Reus"
8,"Simple pass","[{'id': 1802}]",3319,"[{'y': 80, 'x': 63}, {'y': 88, 'x': 73}]",2057984,"Pass","Germany","2H",1778.64777,85,258996882,"[1802]",80,63,88,73,2,577,577,"Simple pass","1970-01-01 00:45:00.000001778","M. Özil"
7,"Touch","[{'id': 1401}]",336178,"[{'y': 12, 'x': 27}, {'y': 7, 'x': 32}]",2057984,"Others on the ball","Mexico","2H",1780.504629,72,258996666,"[1401]",12,27,7,32,2,578,578,"Touch","1970-01-01 00:45:00.000001780","J. Gallardo"
1,"Ground attacking duel","[{'id': 504}, {'id': 701}, {'id': 1802}]",15024,"[{'y': 93, 'x': 68}, {'y': 84, 'x': 67}]",2057984,"Duel","Germany","2H",1780.648796,11,258996883,"[504, 701, 1802]",93,68,84,67,2,579,579,"Ground attacking duel","1970-01-01 00:45:00.000001780","M. Reus"
8,"Simple pass","[{'id': 1801}]",112392,"[{'y': 16, 'x': 33}, {'y': 6, 'x': 40}]",2057984,"Pass","Mexico","2H",1784.02955,85,258996667,"[1801]",16,33,6,40,2,580,580,"Simple pass","1970-01-01 00:45:00.000001784","R. Jiménez"
1,"Ground attacking duel","[{'id': 504}, {'id': 701}, {'id': 1802}]",336178,"[{'y': 6, 'x': 40}, {'y': 3, 'x': 37}]",2057984,"Duel","Mexico","2H",1785.633312,11,258996668,"[504, 701, 1802]",6,40,3,37,2,580,580,"Ground attacking duel","1970-01-01 00:45:00.000001785","J. Gallardo"
1,"Ground defending duel","[{'id': 503}, {'id': 703}, {'id': 1801}]",14732,"[{'y': 94, 'x': 60}, {'y': 97, 'x': 63}]",2057984,"Duel","Germany","2H",1785.867898,12,258996886,"[503, 703, 1801]",94,60,97,63,2,581,581,"Ground defending duel","1970-01-01 00:45:00.000001785","T. Müller"
1,"Ground attacking duel","[{'id': 702}, {'id': 1801}]",14732,"[{'y': 97, 'x': 63}, {'y': 100, 'x': 63}]",2057984,"Duel","Germany","2H",1787.38734,11,258996889,"[702, 1801]",97,63,100,63,2,581,581,"Ground attacking duel","1970-01-01 00:45:00.000001787","T. Müller"
8,"Simple pass","[{'id': 1801}]",14732,"[{'y': 100, 'x': 63}, {'y': 92, 'x': 56}]",2057984,"Pass","Germany","2H",1788.32933,85,258996891,"[1801]",100,63,92,56,2,581,581,"Simple pass","1970-01-01 00:45:00.000001788","T. Müller"
8,"Simple pass","[{'id': 1801}]",15024,"[{'y': 92, 'x': 56}, {'y': 80, 'x': 56}]",2057984,"Pass","Germany","2H",1789.817063,85,258996892,"[1801]",92,56,80,56,2,581,581,"Simple pass","1970-01-01 00:45:00.000001789","M. Reus"
8,"Simple pass","[{'id': 1801}]",3319,"[{'y': 80, 'x': 56}, {'y': 65, 'x': 57}]",2057984,"Pass","Germany","2H",1791.8564,85,258996893,"[1801]",80,56,65,57,2,581,581,"Simple pass","1970-01-01 00:45:00.000001791","M. Özil"
8,"Simple pass","[{'id': 1801}]",14716,"[{'y': 65, 'x': 57}, {'y': 45, 'x': 67}]",2057984,"Pass","Germany","2H",1795.065375,85,258996894,"[1801]",65,57,45,67,2,581,581,"Simple pass","1970-01-01 00:45:00.000001795","J. Boateng"
8,"Simple pass","[{'id': 1801}]",14862,"[{'y': 45, 'x': 67}, {'y': 8, 'x': 69}]",2057984,"Pass","Germany","2H",1798.619908,85,258996895,"[1801]",45,67,8,69,2,581,581,"Simple pass","1970-01-01 00:45:00.000001798","J. Draxler"
7,"Touch","[]",15125,"[{'y': 8, 'x': 69}, {'y': 8, 'x': 81}]",2057984,"Others on the ball","Germany","2H",1799.951758,72,258996897,,8,69,8,81,2,581,581,"Touch","1970-01-01 00:45:00.000001799","M. Plattenhardt"
8,"Simple pass","[{'id': 1801}]",15125,"[{'y': 8, 'x': 81}, {'y': 23, 'x': 81}]",2057984,"Pass","Germany","2H",1804.154532,85,258996902,"[1801]",8,81,23,81,2,581,581,"Simple pass","1970-01-01 00:45:00.000001804","M. Plattenhardt"
8,"Simple pass","[{'id': 1801}]",14862,"[{'y': 23, 'x': 81}, {'y': 28, 'x': 69}]",2057984,"Pass","Germany","2H",1805.515159,85,258996903,"[1801]",23,81,28,69,2,581,581,"Simple pass","1970-01-01 00:45:00.000001805","J. Draxler"
8,"Simple pass","[{'id': 1801}]",14723,"[{'y': 28, 'x': 69}, {'y': 58, 'x': 69}]",2057984,"Pass","Germany","2H",1807.438674,85,258996905,"[1801]",28,69,58,69,2,581,581,"Simple pass","1970-01-01 00:45:00.000001807","T. Kroos"
8,"Simple pass","[{'id': 1801}]",3319,"[{'y': 58, 'x': 69}, {'y': 39, 'x': 73}]",2057984,"Pass","Germany","2H",1812.348915,85,258996907,"[1801]",58,69,39,73,2,581,581,"Simple pass","1970-01-01 00:45:00.000001812","M. Özil"
8,"High pass","[{'id': 1801}]",14723,"[{'y': 39, 'x': 73}, {'y': 93, 'x': 83}]",2057984,"Pass","Germany","2H",1815.904341,83,258996908,"[1801]",39,73,93,83,2,581,581,"High pass","1970-01-01 00:45:00.000001815","T. Kroos"
8,"Simple pass","[{'id': 1801}]",224593,"[{'y': 93, 'x': 83}, {'y': 58, 'x': 80}]",2057984,"Pass","Germany","2H",1821.665083,85,258996910,"[1801]",93,83,58,80,2,581,581,"Simple pass","1970-01-01 00:45:00.000001821","J. Kimmich"
10,"Shot","[{'id': 402}, {'id': 201}, {'id': 1213}, {'id': 1802}]",14723,"[{'y': 58, 'x': 80}, {'y': 0, 'x': 0}]",2057984,"Shot","Germany","2H",1823.121247,100,258996911,"[402, 201, 1213, 1802]",58,80,0,0,2,581,581,"Shot","1970-01-01 00:45:00.000001823","T. Kroos"
3,"Goal kick","[]",25816,"[{'y': 0, 'x': 0}, {'y': 20, 'x': 55}]",2057984,"Free Kick","Mexico","2H",1850.630454,34,258996670,,0,0,20,55,2,582,582,"Goal kick","1970-01-01 00:45:00.000001850","G. Ochoa"
1,"Air duel","[{'id': 703}, {'id': 1801}]",112392,"[{'y': 20, 'x': 55}, {'y': 36, 'x': 58}]",2057984,"Duel","Mexico","2H",1854.069647,10,258996671,"[703, 1801]",20,55,36,58,2,582,582,"Air duel","1970-01-01 00:45:00.000001854","R. Jiménez"
1,"Air duel","[{'id': 701}, {'id': 1802}]",224593,"[{'y': 80, 'x': 45}, {'y': 64, 'x': 42}]",2057984,"Duel","Germany","2H",1854.309978,10,258996913,"[701, 1802]",80,45,64,42,2,583,583,"Air duel","1970-01-01 00:45:00.000001854","J. Kimmich"
7,"Touch","[]",14723,"[{'y': 64, 'x': 42}, {'y': 64, 'x': 52}]",2057984,"Others on the ball","Germany","2H",1855.832204,72,258996916,,64,42,64,52,2,583,583,"Touch","1970-01-01 00:45:00.000001855","T. Kroos"
8,"Simple pass","[{'id': 1801}]",14723,"[{'y': 64, 'x': 52}, {'y': 73, 'x': 64}]",2057984,"Pass","Germany","2H",1860.769312,85,258996918,"[1801]",64,52,73,64,2,583,583,"Simple pass","1970-01-01 00:45:00.000001860","T. Kroos"
8,"Simple pass","[{'id': 1801}]",14732,"[{'y': 73, 'x': 64}, {'y': 68, 'x': 56}]",2057984,"Pass","Germany","2H",1862.169827,85,258996920,"[1801]",73,64,68,56,2,583,583,"Simple pass","1970-01-01 00:45:00.000001862","T. Müller"
8,"Simple pass","[{'id': 1801}]",14723,"[{'y': 68, 'x': 56}, {'y': 66, 'x': 65}]",2057984,"Pass","Germany","2H",1864.135768,85,258996923,"[1801]",68,56,66,65,2,583,583,"Simple pass","1970-01-01 00:45:00.000001864","T. Kroos"
8,"Simple pass","[{'id': 1801}]",15024,"[{'y': 66, 'x': 65}, {'y': 72, 'x': 61}]",2057984,"Pass","Germany","2H",1864.570057,85,258996924,"[1801]",66,65,72,61,2,583,583,"Simple pass","1970-01-01 00:45:00.000001864","M. Reus"
8,"Simple pass","[{'id': 1801}]",14723,"[{'y': 72, 'x': 61}, {'y': 99, 'x': 75}]",2057984,"Pass","Germany","2H",1866.836538,85,258996926,"[1801]",72,61,99,75,2,583,583,"Simple pass","1970-01-01 00:45:00.000001866","T. Kroos"
8,"Simple pass","[{'id': 1801}]",224593,"[{'y': 99, 'x': 75}, {'y': 96, 'x': 88}]",2057984,"Pass","Germany","2H",1870.799037,85,258996928,"[1801]",99,75,96,88,2,583,583,"Simple pass","1970-01-01 00:45:00.000001870","J. Kimmich"
8,"Simple pass","[{'id': 1801}]",14732,"[{'y': 96, 'x': 88}, {'y': 97, 'x': 74}]",2057984,"Pass","Germany","2H",1872.114553,85,258996930,"[1801]",96,88,97,74,2,583,583,"Simple pass","1970-01-01 00:45:00.000001872","T. Müller"
8,"Simple pass","[{'id': 1801}]",224593,"[{'y': 97, 'x': 74}, {'y': 58, 'x': 68}]",2057984,"Pass","Germany","2H",1874.243772,85,258996932,"[1801]",97,74,58,68,2,583,583,"Simple pass","1970-01-01 00:45:00.000001874","J. Kimmich"
8,"Simple pass","[{'id': 1801}]",3319,"[{'y': 58, 'x': 68}, {'y': 38, 'x': 70}]",2057984,"Pass","Germany","2H",1877.10204,85,258996934,"[1801]",58,68,38,70,2,583,583,"Simple pass","1970-01-01 00:45:00.000001877","M. Özil"
8,"Simple pass","[{'id': 1801}]",14795,"[{'y': 38, 'x': 70}, {'y': 66, 'x': 71}]",2057984,"Pass","Germany","2H",1881.215258,85,258996935,"[1801]",38,70,66,71,2,583,583,"Simple pass","1970-01-01 00:45:00.000001881","M. Hummels"
8,"Simple pass","[{'id': 1801}]",14723,"[{'y': 66, 'x': 71}, {'y': 70, 'x': 88}]",2057984,"Pass","Germany","2H",1884.726316,85,258996939,"[1801]",66,71,70,88,2,583,583,"Simple pass","1970-01-01 00:45:00.000001884","T. Kroos"
7,"Touch","[{'id': 1302}]",255387,"[{'y': 56, 'x': 11}, {'y': 48, 'x': 14}]",2057984,"Others on the ball","Mexico","2H",1886.187733,72,258996672,"[1302]",56,11,48,14,2,584,584,"Touch","1970-01-01 00:45:00.000001886","C. Salcedo"
8,"Simple pass","[{'id': 1802}]",14732,"[{'y': 70, 'x': 88}, {'y': 44, 'x': 89}]",2057984,"Pass","Germany","2H",1886.396581,85,258996941,"[1802]",70,88,44,89,2,585,585,"Simple pass","1970-01-01 00:45:00.000001886","T. Müller"
1,"Ground attacking duel","[{'id': 502}, {'id': 703}, {'id': 1801}]",14862,"[{'y': 52, 'x': 86}, {'y': 47, 'x': 87}]",2057984,"Duel","Germany","2H",1886.941003,11,258996944,"[502, 703, 1801]",52,86,47,87,2,585,585,"Ground attacking duel","1970-01-01 00:45:00.000001886","J. Draxler"
10,"Shot","[{'id': 401}, {'id': 2101}, {'id': 201}, {'id': 1802}]",14862,"[{'y': 47, 'x': 87}, {'y': 0, 'x': 0}]",2057984,"Shot","Germany","2H",1887.672343,100,258996946,"[401, 2101, 201, 1802]",47,87,0,0,2,585,585,"Shot","1970-01-01 00:45:00.000001887","J. Draxler"
7,"Touch","[{'id': 1401}]",448210,"[{'y': 54, 'x': 11}, {'y': 52, 'x': 0}]",2057984,"Others on the ball","Mexico","2H",1889.568168,72,258996673,"[1401]",54,11,52,0,2,586,586,"Touch","1970-01-01 00:45:00.000001889","E. Álvarez"
3,"Corner","[{'id': 1801}]",14723,"[{'y': 99, 'x': 100}, {'y': 86, 'x': 88}]",2057984,"Free Kick","Germany","2H",1899.374309,30,258996949,"[1801]",99,100,86,88,2,587,587,"Corner","1970-01-01 00:45:00.000001899","T. Kroos"
8,"Simple pass","[{'id': 1801}]",15024,"[{'y': 86, 'x': 88}, {'y': 82, 'x': 87}]",2057984,"Pass","Germany","2H",1901.763159,85,258996951,"[1801]",86,88,82,87,2,587,587,"Simple pass","1970-01-01 00:45:00.000001901","M. Reus"
8,"Smart pass","[{'id': 302}, {'id': 901}, {'id': 1801}]",14723,"[{'y': 82, 'x': 87}, {'y': 71, 'x': 94}]",2057984,"Pass","Germany","2H",1902.745865,86,258996952,"[302, 901, 1801]",82,87,71,94,2,587,587,"Smart pass","1970-01-01 00:45:00.000001902","T. Kroos"
8,"Cross","[{'id': 402}, {'id': 2101}, {'id': 1802}]",14732,"[{'y': 71, 'x': 94}, {'y': 0, 'x': 0}]",2057984,"Pass","Germany","2H",1903.603436,80,258996954,"[402, 2101, 1802]",71,94,0,0,2,588,588,"Cross","1970-01-01 00:45:00.000001903","T. Müller"
7,"Touch","[{'id': 1401}]",112459,"[{'y': 38, 'x': 8}, {'y': 31, 'x': 0}]",2057984,"Others on the ball","Mexico","2H",1905.176819,72,258996675,"[1401]",38,8,31,0,2,589,589,"Touch","1970-01-01 00:45:00.000001905","H. Herrera"
3,"Corner","[{'id': 1801}]",15024,"[{'y': 100, 'x': 100}, {'y': 98, 'x': 94}]",2057984,"Free Kick","Germany","2H",1912.099236,30,258996956,"[1801]",100,100,98,94,2,590,590,"Corner","1970-01-01 00:45:00.000001912","M. Reus"
8,"Simple pass","[{'id': 1801}]",14723,"[{'y': 98, 'x': 94}, {'y': 89, 'x': 89}]",2057984,"Pass","Germany","2H",1914.410843,85,258996958,"[1801]",98,94,89,89,2,590,590,"Simple pass","1970-01-01 00:45:00.000001914","T. Kroos"
8,"Simple pass","[{'id': 2001}, {'id': 1802}]",15024,"[{'y': 89, 'x': 89}, {'y': 74, 'x': 73}]",2057984,"Pass","Germany","2H",1915.835852,85,258996959,"[2001, 1802]",89,89,74,73,2,591,591,"Simple pass","1970-01-01 00:45:00.000001915","M. Reus"
1,"Ground defending duel","[{'id': 503}, {'id': 701}, {'id': 1802}]",3319,"[{'y': 74, 'x': 73}, {'y': 56, 'x': 66}]",2057984,"Duel","Germany","2H",1917.994765,12,258996960,"[503, 701, 1802]",74,73,56,66,2,591,591,"Ground defending duel","1970-01-01 00:45:00.000001917","M. Özil"
1,"Ground attacking duel","[{'id': 1901}, {'id': 1401}, {'id': 504}, {'id': 703}, {'id': 1801}]",59003,"[{'y': 26, 'x': 27}, {'y': 44, 'x': 34}]",2057984,"Duel","Mexico","2H",1918.071882,11,258996677,"[1901, 1401, 504, 703, 1801]",26,27,44,34,2,592,592,"Ground attacking duel","1970-01-01 00:45:00.000001918","R. Márquez"
8,"Simple pass","[{'id': 1901}, {'id': 1801}]",59003,"[{'y': 44, 'x': 34}, {'y': 25, 'x': 53}]",2057984,"Pass","Mexico","2H",1919.616152,85,258996678,"[1901, 1801]",44,34,25,53,2,592,592,"Simple pass","1970-01-01 00:45:00.000001919","R. Márquez"
7,"Acceleration","[{'id': 1901}, {'id': 1801}]",112366,"[{'y': 25, 'x': 53}, {'y': 43, 'x': 72}]",2057984,"Others on the ball","Mexico","2H",1920.009439,70,258996681,"[1901, 1801]",25,53,43,72,2,592,592,"Acceleration","1970-01-01 00:45:00.000001920","M. Layún"
1,"Ground attacking duel","[{'id': 1901}, {'id': 501}, {'id': 703}, {'id': 1801}]",112366,"[{'y': 43, 'x': 72}, {'y': 49, 'x': 75}]",2057984,"Duel","Mexico","2H",1924.344455,11,258996682,"[1901, 501, 703, 1801]",43,72,49,75,2,592,592,"Ground attacking duel","1970-01-01 00:45:00.000001924","M. Layún"
1,"Ground defending duel","[{'id': 502}, {'id': 701}, {'id': 1802}]",15125,"[{'y': 57, 'x': 28}, {'y': 51, 'x': 25}]",2057984,"Duel","Germany","2H",1924.687955,12,258996965,"[502, 701, 1802]",57,28,51,25,2,593,593,"Ground defending duel","1970-01-01 00:45:00.000001924","M. Plattenhardt"
10,"Shot","[{'id': 1901}, {'id': 402}, {'id': 1216}, {'id': 1802}]",112366,"[{'y': 49, 'x': 75}, {'y': 100, 'x': 100}]",2057984,"Shot","Mexico","2H",1925.976852,100,258996683,"[1901, 402, 1216, 1802]",49,75,100,100,2,594,594,"Shot","1970-01-01 00:45:00.000001925","M. Layún"
3,"Goal kick","[]",14712,"[{'y': 100, 'x': 100}, {'y': 51, 'x': 20}]",2057984,"Free Kick","Germany","2H",1932.928702,34,258996966,,100,100,51,20,2,595,595,"Goal kick","1970-01-01 00:45:00.000001932","M. Neuer"
7,"Touch","[]",3319,"[{'y': 51, 'x': 20}, {'y': 49, 'x': 33}]",2057984,"Others on the ball","Germany","2H",1935.162785,72,258996967,,51,20,49,33,2,595,595,"Touch","1970-01-01 00:45:00.000001935","M. Özil"
8,"Simple pass","[{'id': 1801}]",3319,"[{'y': 49, 'x': 33}, {'y': 38, 'x': 41}]",2057984,"Pass","Germany","2H",1938.181189,85,258996968,"[1801]",49,33,38,41,2,595,595,"Simple pass","1970-01-01 00:45:00.000001938","M. Özil"
8,"High pass","[{'id': 1802}]",14723,"[{'y': 38, 'x': 41}, {'y': 100, 'x': 68}]",2057984,"Pass","Germany","2H",1941.868576,83,258996969,"[1802]",38,41,100,68,2,596,596,"High pass","1970-01-01 00:45:00.000001941","T. Kroos"
3,"Throw in","[{'id': 1801}]",336178,"[{'y': 0, 'x': 32}, {'y': 14, 'x': 44}]",2057984,"Free Kick","Mexico","2H",1963.146265,36,258996686,"[1801]",0,32,14,44,2,597,597,"Throw in","1970-01-01 00:45:00.000001963","J. Gallardo"
8,"High pass","[{'id': 1802}]",112392,"[{'y': 14, 'x': 44}, {'y': 0, 'x': 69}]",2057984,"Pass","Mexico","2H",1964.984075,83,258996687,"[1802]",14,44,0,69,2,598,598,"High pass","1970-01-01 00:45:00.000001964","R. Jiménez"
3,"Throw in","[{'id': 1801}]",224593,"[{'y': 100, 'x': 51}, {'y': 84, 'x': 45}]",2057984,"Free Kick","Germany","2H",1969.335096,36,258996971,"[1801]",100,51,84,45,2,599,599,"Throw in","1970-01-01 00:45:00.000001969","J. Kimmich"
8,"Simple pass","[{'id': 1801}]",14723,"[{'y': 84, 'x': 45}, {'y': 61, 'x': 47}]",2057984,"Pass","Germany","2H",1972.194594,85,258996973,"[1801]",84,45,61,47,2,599,599,"Simple pass","1970-01-01 00:45:00.000001972","T. Kroos"
8,"Simple pass","[{'id': 1801}]",14795,"[{'y': 61, 'x': 47}, {'y': 43, 'x': 64}]",2057984,"Pass","Germany","2H",1974.124875,85,258996975,"[1801]",61,47,43,64,2,599,599,"Simple pass","1970-01-01 00:45:00.000001974","M. Hummels"
8,"Simple pass","[{'id': 1801}]",14862,"[{'y': 43, 'x': 64}, {'y': 25, 'x': 55}]",2057984,"Pass","Germany","2H",1975.077343,85,258996976,"[1801]",43,64,25,55,2,599,599,"Simple pass","1970-01-01 00:45:00.000001975","J. Draxler"
7,"Touch","[]",15125,"[{'y': 25, 'x': 55}, {'y': 28, 'x': 67}]",2057984,"Others on the ball","Germany","2H",1977.144728,72,258996978,,25,55,28,67,2,599,599,"Touch","1970-01-01 00:45:00.000001977","M. Plattenhardt"
8,"Simple pass","[{'id': 1801}]",15125,"[{'y': 28, 'x': 67}, {'y': 21, 'x': 71}]",2057984,"Pass","Germany","2H",1979.538399,85,258996979,"[1801]",28,67,21,71,2,599,599,"Simple pass","1970-01-01 00:45:00.000001979","M. Plattenhardt"
8,"Simple pass","[{'id': 1801}]",14862,"[{'y': 21, 'x': 71}, {'y': 38, 'x': 67}]",2057984,"Pass","Germany","2H",1982.834063,85,258996982,"[1801]",21,71,38,67,2,599,599,"Simple pass","1970-01-01 00:45:00.000001982","J. Draxler"
8,"High pass","[{'id': 1801}]",14723,"[{'y': 38, 'x': 67}, {'y': 90, 'x': 88}]",2057984,"Pass","Germany","2H",1984.895228,83,258996983,"[1801]",38,67,90,88,2,599,599,"High pass","1970-01-01 00:45:00.000001984","T. Kroos"
1,"Ground attacking duel","[{'id': 502}, {'id': 703}, {'id': 1801}]",224593,"[{'y': 90, 'x': 88}, {'y': 87, 'x': 86}]",2057984,"Duel","Germany","2H",1988.859504,11,258996985,"[502, 703, 1801]",90,88,87,86,2,599,599,"Ground attacking duel","1970-01-01 00:45:00.000001988","J. Kimmich"
8,"Cross","[{'id': 401}, {'id': 801}, {'id': 1802}]",224593,"[{'y': 87, 'x': 86}, {'y': 38, 'x': 89}]",2057984,"Pass","Germany","2H",1990.129679,80,258996986,"[401, 801, 1802]",87,86,38,89,2,600,600,"Cross","1970-01-01 00:45:00.000001990","J. Kimmich"
7,"Clearance","[{'id': 1401}, {'id': 1802}]",448210,"[{'y': 62, 'x': 11}, {'y': 49, 'x': 25}]",2057984,"Others on the ball","Mexico","2H",1991.960329,71,258996689,"[1401, 1802]",62,11,49,25,2,601,601,"Clearance","1970-01-01 00:45:00.000001991","E. Álvarez"
8,"Simple pass","[{'id': 1801}]",14723,"[{'y': 51, 'x': 75}, {'y': 16, 'x': 93}]",2057984,"Pass","Germany","2H",1994.459226,85,258996987,"[1801]",51,75,16,93,2,602,602,"Simple pass","1970-01-01 00:45:00.000001994","T. Kroos"
1,"Ground defending duel","[{'id': 501}, {'id': 701}, {'id': 1802}]",448210,"[{'y': 84, 'x': 7}, {'y': 84, 'x': 3}]",2057984,"Duel","Mexico","2H",1998.105471,12,258996690,"[501, 701, 1802]",84,7,84,3,2,603,603,"Ground defending duel","1970-01-01 00:45:00.000001998","E. Álvarez"
1,"Ground attacking duel","[{'id': 502}, {'id': 703}, {'id': 1801}]",15125,"[{'y': 16, 'x': 93}, {'y': 16, 'x': 97}]",2057984,"Duel","Germany","2H",1998.537371,11,258996989,"[502, 703, 1801]",16,93,16,97,2,604,604,"Ground attacking duel","1970-01-01 00:45:00.000001998","M. Plattenhardt"
1,"Air duel","[{'id': 703}, {'id': 1801}]",336178,"[{'y': 46, 'x': 6}, {'y': 35, 'x': 22}]",2057984,"Duel","Mexico","2H",2000.01027,10,258996719,"[703, 1801]",46,6,35,22,2,605,605,"Air duel","1970-01-01 00:45:00.000002000","J. Gallardo"
1,"Ground loose ball duel","[{'id': 702}, {'id': 1801}]",3795,"[{'y': 50, 'x': 6}, {'y': 46, 'x': 6}]",2057984,"Duel","Mexico","2H",2000.756621,13,258996720,"[702, 1801]",50,6,46,6,2,605,605,"Ground loose ball duel","1970-01-01 00:45:00.000002000","H. Moreno"
8,"Cross","[{'id': 401}, {'id': 801}, {'id': 1801}]",15125,"[{'y': 16, 'x': 97}, {'y': 50, 'x': 94}]",2057984,"Pass","Germany","2H",2000.891407,80,258996990,"[401, 801, 1801]",16,97,50,94,2,606,606,"Cross","1970-01-01 00:45:00.000002000","M. Plattenhardt"
1,"Ground loose ball duel","[{'id': 702}, {'id': 1801}]",14732,"[{'y': 50, 'x': 94}, {'y': 54, 'x': 94}]",2057984,"Duel","Germany","2H",2000.995613,13,258996993,"[702, 1801]",50,94,54,94,2,606,606,"Ground loose ball duel","1970-01-01 00:45:00.000002000","T. Müller"
1,"Air duel","[{'id': 701}, {'id': 1802}]",14732,"[{'y': 54, 'x': 94}, {'y': 65, 'x': 78}]",2057984,"Duel","Germany","2H",2001.500242,10,258996994,"[701, 1802]",54,94,65,78,2,606,606,"Air duel","1970-01-01 00:45:00.000002001","T. Müller"
10,"Shot","[{'id': 401}, {'id': 2101}, {'id': 1802}]",3319,"[{'y': 65, 'x': 78}, {'y': 0, 'x': 0}]",2057984,"Shot","Germany","2H",2003.136255,100,258996995,"[401, 2101, 1802]",65,78,0,0,2,606,606,"Shot","1970-01-01 00:45:00.000002003","M. Özil"
7,"Touch","[{'id': 1401}]",336178,"[{'y': 47, 'x': 8}, {'y': 51, 'x': 21}]",2057984,"Others on the ball","Mexico","2H",2005.330994,72,258996722,"[1401]",47,8,51,21,2,607,607,"Touch","1970-01-01 00:45:00.000002005","J. Gallardo"
8,"Simple pass","[{'id': 1802}]",59003,"[{'y': 51, 'x': 21}, {'y': 12, 'x': 28}]",2057984,"Pass","Mexico","2H",2006.652756,85,258996723,"[1802]",51,21,12,28,2,608,608,"Simple pass","1970-01-01 00:45:00.000002006","R. Márquez"
1,"Ground defending duel","[{'id': 502}, {'id': 702}, {'id': 1801}]",112392,"[{'y': 12, 'x': 28}, {'y': 0, 'x': 35}]",2057984,"Duel","Mexico","2H",2008.132326,12,258996724,"[502, 702, 1801]",12,28,0,35,2,608,608,"Ground defending duel","1970-01-01 00:45:00.000002008","R. Jiménez"
1,"Ground attacking duel","[{'id': 501}, {'id': 702}, {'id': 1801}]",14716,"[{'y': 88, 'x': 72}, {'y': 100, 'x': 65}]",2057984,"Duel","Germany","2H",2008.537581,11,258996997,"[501, 702, 1801]",88,72,100,65,2,609,609,"Ground attacking duel","1970-01-01 00:45:00.000002008","J. Boateng"
3,"Throw in","[{'id': 1802}]",336178,"[{'y': 0, 'x': 35}, {'y': 0, 'x': 42}]",2057984,"Free Kick","Mexico","2H",2040.443898,36,258996729,"[1802]",0,35,0,42,2,610,610,"Throw in","1970-01-01 00:45:00.000002040","J. Gallardo"
3,"Throw in","[{'id': 1801}]",224593,"[{'y': 100, 'x': 59}, {'y': 77, 'x': 44}]",2057984,"Free Kick","Germany","2H",2051.86371,36,258997003,"[1801]",100,59,77,44,2,611,611,"Throw in","1970-01-01 00:45:00.000002051","J. Kimmich"
8,"Simple pass","[{'id': 1801}]",14716,"[{'y': 77, 'x': 44}, {'y': 50, 'x': 44}]",2057984,"Pass","Germany","2H",2055.719854,85,258997004,"[1801]",77,44,50,44,2,611,611,"Simple pass","1970-01-01 00:45:00.000002055","J. Boateng"
7,"Touch","[]",14795,"[{'y': 50, 'x': 44}, {'y': 63, 'x': 64}]",2057984,"Others on the ball","Germany","2H",2055.786495,72,258997005,,50,44,63,64,2,611,611,"Touch","1970-01-01 00:45:00.000002055","M. Hummels"
8,"Simple pass","[{'id': 1801}]",14795,"[{'y': 63, 'x': 64}, {'y': 76, 'x': 71}]",2057984,"Pass","Germany","2H",2062.117434,85,258997006,"[1801]",63,64,76,71,2,611,611,"Simple pass","1970-01-01 00:45:00.000002062","M. Hummels"
8,"Simple pass","[{'id': 1801}]",3319,"[{'y': 76, 'x': 71}, {'y': 54, 'x': 71}]",2057984,"Pass","Germany","2H",2068.67577,85,258997007,"[1801]",76,71,54,71,2,611,611,"Simple pass","1970-01-01 00:45:00.000002068","M. Özil"
8,"Smart pass","[{'id': 901}, {'id': 1802}]",14723,"[{'y': 54, 'x': 71}, {'y': 54, 'x': 94}]",2057984,"Pass","Germany","2H",2070.505509,86,258997008,"[901, 1802]",54,71,54,94,2,612,612,"Smart pass","1970-01-01 00:45:00.000002070","T. Kroos"
7,"Touch","[{'id': 1401}]",25816,"[{'y': 46, 'x': 6}, {'y': 5, 'x': 40}]",2057984,"Others on the ball","Mexico","2H",2072.322882,72,258996733,"[1401]",46,6,5,40,2,613,613,"Touch","1970-01-01 00:45:00.000002072","G. Ochoa"
8,"Simple pass","[{'id': 1801}]",336178,"[{'y': 5, 'x': 40}, {'y': 15, 'x': 36}]",2057984,"Pass","Mexico","2H",2085.545231,85,258996737,"[1801]",5,40,15,36,2,613,613,"Simple pass","1970-01-01 00:45:00.000002085","J. Gallardo"
8,"Simple pass","[{'id': 1801}]",112459,"[{'y': 15, 'x': 36}, {'y': 5, 'x': 65}]",2057984,"Pass","Mexico","2H",2087.732199,85,258996738,"[1801]",15,36,5,65,2,613,613,"Simple pass","1970-01-01 00:45:00.000002087","H. Herrera"
8,"Simple pass","[{'id': 1801}]",336178,"[{'y': 5, 'x': 65}, {'y': 19, 'x': 63}]",2057984,"Pass","Mexico","2H",2090.008755,85,258996740,"[1801]",5,65,19,63,2,613,613,"Simple pass","1970-01-01 00:45:00.000002090","J. Gallardo"
1,"Ground attacking duel","[{'id': 701}, {'id': 1802}]",112392,"[{'y': 19, 'x': 63}, {'y': 33, 'x': 53}]",2057984,"Duel","Mexico","2H",2091.504254,11,258996741,"[701, 1802]",19,63,33,53,2,613,613,"Ground attacking duel","1970-01-01 00:45:00.000002091","R. Jiménez"
1,"Ground defending duel","[{'id': 703}, {'id': 1801}]",14716,"[{'y': 81, 'x': 37}, {'y': 67, 'x': 47}]",2057984,"Duel","Germany","2H",2091.776374,12,258997012,"[703, 1801]",81,37,67,47,2,614,614,"Ground defending duel","1970-01-01 00:45:00.000002091","J. Boateng"
8,"Simple pass","[{'id': 1801}]",14723,"[{'y': 67, 'x': 47}, {'y': 41, 'x': 61}]",2057984,"Pass","Germany","2H",2094.893002,85,258997013,"[1801]",67,47,41,61,2,614,614,"Simple pass","1970-01-01 00:45:00.000002094","T. Kroos"
8,"Simple pass","[{'id': 1801}]",14862,"[{'y': 41, 'x': 61}, {'y': 80, 'x': 63}]",2057984,"Pass","Germany","2H",2100.137635,85,258997015,"[1801]",41,61,80,63,2,614,614,"Simple pass","1970-01-01 00:45:00.000002100","J. Draxler"
7,"Touch","[]",3319,"[{'y': 80, 'x': 63}, {'y': 79, 'x': 78}]",2057984,"Others on the ball","Germany","2H",2103.367609,72,258997016,,80,63,79,78,2,614,614,"Touch","1970-01-01 00:45:00.000002103","M. Özil"
8,"Simple pass","[{'id': 1801}]",3319,"[{'y': 79, 'x': 78}, {'y': 75, 'x': 90}]",2057984,"Pass","Germany","2H",2105.09459,85,258997017,"[1801]",79,78,75,90,2,614,614,"Simple pass","1970-01-01 00:45:00.000002105","M. Özil"
8,"Cross","[{'id': 402}, {'id': 1802}]",14732,"[{'y': 75, 'x': 90}, {'y': 52, 'x': 88}]",2057984,"Pass","Germany","2H",2106.267998,80,258997019,"[402, 1802]",75,90,52,88,2,615,615,"Cross","1970-01-01 00:45:00.000002106","T. Müller"
7,"Clearance","[{'id': 1901}, {'id': 1401}, {'id': 1801}]",112777,"[{'y': 48, 'x': 12}, {'y': 21, 'x': 37}]",2057984,"Others on the ball","Mexico","2H",2107.264454,71,258996747,"[1901, 1401, 1801]",48,12,21,37,2,616,616,"Clearance","1970-01-01 00:45:00.000002107","H. Ayala"
7,"Acceleration","[{'id': 1901}, {'id': 1801}]",112392,"[{'y': 21, 'x': 37}, {'y': 48, 'x': 69}]",2057984,"Others on the ball","Mexico","2H",2109.793026,70,258996749,"[1901, 1801]",21,37,48,69,2,616,616,"Acceleration","1970-01-01 00:45:00.000002109","R. Jiménez"
8,"Simple pass","[{'id': 1901}, {'id': 1802}]",112392,"[{'y': 48, 'x': 69}, {'y': 49, 'x': 68}]",2057984,"Pass","Mexico","2H",2115.245868,85,258996754,"[1901, 1802]",48,69,49,68,2,617,617,"Simple pass","1970-01-01 00:45:00.000002115","R. Jiménez"
7,"Touch","[{'id': 1401}]",14795,"[{'y': 51, 'x': 32}, {'y': 47, 'x': 36}]",2057984,"Others on the ball","Germany","2H",2116.757854,72,258997023,"[1401]",51,32,47,36,2,618,618,"Touch","1970-01-01 00:45:00.000002116","M. Hummels"
8,"Simple pass","[{'id': 1801}]",59003,"[{'y': 53, 'x': 64}, {'y': 82, 'x': 70}]",2057984,"Pass","Mexico","2H",2119.882249,85,258996755,"[1801]",53,64,82,70,2,619,619,"Simple pass","1970-01-01 00:45:00.000002119","R. Márquez"
8,"Simple pass","[{'id': 1801}]",112366,"[{'y': 82, 'x': 70}, {'y': 88, 'x': 64}]",2057984,"Pass","Mexico","2H",2125.991487,85,258996757,"[1801]",82,70,88,64,2,619,619,"Simple pass","1970-01-01 00:45:00.000002125","M. Layún"
8,"Simple pass","[{'id': 1801}]",448210,"[{'y': 88, 'x': 64}, {'y': 74, 'x': 20}]",2057984,"Pass","Mexico","2H",2129.66563,85,258996758,"[1801]",88,64,74,20,2,619,619,"Simple pass","1970-01-01 00:45:00.000002129","E. Álvarez"
8,"High pass","[{'id': 1801}]",25816,"[{'y': 74, 'x': 20}, {'y': 89, 'x': 61}]",2057984,"Pass","Mexico","2H",2138.143297,83,258996761,"[1801]",74,20,89,61,2,619,619,"High pass","1970-01-01 00:45:00.000002138","G. Ochoa"
7,"Touch","[]",448210,"[{'y': 89, 'x': 61}, {'y': 91, 'x': 58}]",2057984,"Others on the ball","Mexico","2H",2140.815169,72,258996763,,89,61,91,58,2,619,619,"Touch","1970-01-01 00:45:00.000002140","E. Álvarez"
1,"Ground loose ball duel","[{'id': 703}, {'id': 1801}]",173214,"[{'y': 9, 'x': 42}, {'y': 5, 'x': 39}]",2057984,"Duel","Germany","2H",2141.85877,13,258997030,"[703, 1801]",9,42,5,39,2,620,620,"Ground loose ball duel","1970-01-01 00:45:00.000002141","T. Werner"
1,"Ground loose ball duel","[{'id': 701}, {'id': 1802}]",448210,"[{'y': 91, 'x': 58}, {'y': 95, 'x': 61}]",2057984,"Duel","Mexico","2H",2142.341979,13,258996764,"[701, 1802]",91,58,95,61,2,621,621,"Ground loose ball duel","1970-01-01 00:45:00.000002142","E. Álvarez"
8,"Simple pass","[{'id': 1801}]",173214,"[{'y': 5, 'x': 39}, {'y': 24, 'x': 45}]",2057984,"Pass","Germany","2H",2142.965274,85,258997031,"[1801]",5,39,24,45,2,622,622,"Simple pass","1970-01-01 00:45:00.000002142","T. Werner"
8,"Simple pass","[{'id': 1801}]",14723,"[{'y': 24, 'x': 45}, {'y': 16, 'x': 61}]",2057984,"Pass","Germany","2H",2144.263942,85,258997032,"[1801]",24,45,16,61,2,622,622,"Simple pass","1970-01-01 00:45:00.000002144","T. Kroos"
7,"Touch","[]",14862,"[{'y': 16, 'x': 61}, {'y': 5, 'x': 73}]",2057984,"Others on the ball","Germany","2H",2145.267382,72,258997034,,16,61,5,73,2,622,622,"Touch","1970-01-01 00:45:00.000002145","J. Draxler"
8,"Simple pass","[{'id': 1802}]",14862,"[{'y': 5, 'x': 73}, {'y': 14, 'x': 62}]",2057984,"Pass","Germany","2H",2148.801445,85,258997035,"[1802]",5,73,14,62,2,623,623,"Simple pass","1970-01-01 00:45:00.000002148","J. Draxler"
8,"Simple pass","[{'id': 1401}, {'id': 1801}]",112366,"[{'y': 86, 'x': 38}, {'y': 87, 'x': 18}]",2057984,"Pass","Mexico","2H",2150.865852,85,258996767,"[1401, 1801]",86,38,87,18,2,624,624,"Simple pass","1970-01-01 00:45:00.000002150","M. Layún"
8,"High pass","[{'id': 1801}]",255387,"[{'y': 87, 'x': 18}, {'y': 73, 'x': 38}]",2057984,"Pass","Mexico","2H",2153.678915,83,258996768,"[1801]",87,18,73,38,2,624,624,"High pass","1970-01-01 00:45:00.000002153","C. Salcedo"
8,"Simple pass","[{'id': 1801}]",7941,"[{'y': 73, 'x': 38}, {'y': 68, 'x': 38}]",2057984,"Pass","Mexico","2H",2156.225804,85,258996769,"[1801]",73,38,68,38,2,624,624,"Simple pass","1970-01-01 00:45:00.000002156","J. Hernández"
1,"Ground attacking duel","[{'id': 701}, {'id': 1802}]",112459,"[{'y': 68, 'x': 38}, {'y': 60, 'x': 38}]",2057984,"Duel","Mexico","2H",2157.872645,11,258996770,"[701, 1802]",68,38,60,38,2,624,624,"Ground attacking duel","1970-01-01 00:45:00.000002157","H. Herrera"
1,"Ground defending duel","[{'id': 703}, {'id': 1801}]",14716,"[{'y': 32, 'x': 62}, {'y': 40, 'x': 62}]",2057984,"Duel","Germany","2H",2157.921622,12,258997037,"[703, 1801]",32,62,40,62,2,625,625,"Ground defending duel","1970-01-01 00:45:00.000002157","J. Boateng"
8,"Simple pass","[{'id': 1801}]",14716,"[{'y': 40, 'x': 62}, {'y': 47, 'x': 64}]",2057984,"Pass","Germany","2H",2160.620318,85,258997039,"[1801]",40,62,47,64,2,625,625,"Simple pass","1970-01-01 00:45:00.000002160","J. Boateng"
1,"Ground loose ball duel","[{'id': 1901}, {'id': 703}, {'id': 1801}]",59003,"[{'y': 53, 'x': 36}, {'y': 46, 'x': 37}]",2057984,"Duel","Mexico","2H",2161.663208,13,258996772,"[1901, 703, 1801]",53,36,46,37,2,626,626,"Ground loose ball duel","1970-01-01 00:45:00.000002161","R. Márquez"
1,"Ground loose ball duel","[{'id': 1601}, {'id': 701}, {'id': 1802}]",15024,"[{'y': 47, 'x': 64}, {'y': 54, 'x': 63}]",2057984,"Duel","Germany","2H",2161.939423,13,258997040,"[1601, 701, 1802]",47,64,54,63,2,627,627,"Ground loose ball duel","1970-01-01 00:45:00.000002161","M. Reus"
8,"Simple pass","[{'id': 1901}, {'id': 1801}]",59003,"[{'y': 46, 'x': 37}, {'y': 28, 'x': 34}]",2057984,"Pass","Mexico","2H",2162.688487,85,258996773,"[1901, 1801]",46,37,28,34,2,628,628,"Simple pass","1970-01-01 00:45:00.000002162","R. Márquez"
7,"Acceleration","[{'id': 1901}, {'id': 1801}]",336178,"[{'y': 28, 'x': 34}, {'y': 35, 'x': 69}]",2057984,"Others on the ball","Mexico","2H",2163.968582,70,258996774,"[1901, 1801]",28,34,35,69,2,628,628,"Acceleration","1970-01-01 00:45:00.000002163","J. Gallardo"
8,"Simple pass","[{'id': 302}, {'id': 1901}, {'id': 1801}]",336178,"[{'y': 35, 'x': 69}, {'y': 66, 'x': 82}]",2057984,"Pass","Mexico","2H",2167.950899,85,258996777,"[302, 1901, 1801]",35,69,66,82,2,628,628,"Simple pass","1970-01-01 00:45:00.000002167","J. Gallardo"
10,"Shot","[{'id': 1901}, {'id': 402}, {'id': 201}, {'id': 1215}, {'id': 1802}]",112366,"[{'y': 66, 'x': 82}, {'y': 100, 'x': 100}]",2057984,"Shot","Mexico","2H",2170.7672,100,258996779,"[1901, 402, 201, 1215, 1802]",66,82,100,100,2,628,628,"Shot","1970-01-01 00:45:00.000002170","M. Layún"
3,"Goal kick","[]",14712,"[{'y': 100, 'x': 100}, {'y': 39, 'x': 67}]",2057984,"Free Kick","Germany","2H",2187.313863,34,258997048,,100,100,39,67,2,629,629,"Goal kick","1970-01-01 00:45:00.000002187","M. Neuer"
1,"Ground defending duel","[{'id': 701}, {'id': 1802}]",59003,"[{'y': 61, 'x': 33}, {'y': 43, 'x': 31}]",2057984,"Duel","Mexico","2H",2195.209919,12,258996789,"[701, 1802]",61,33,43,31,2,630,630,"Ground defending duel","1970-01-01 00:45:00.000002195","R. Márquez"
1,"Ground attacking duel","[{'id': 703}, {'id': 1801}]",14862,"[{'y': 39, 'x': 67}, {'y': 57, 'x': 69}]",2057984,"Duel","Germany","2H",2195.433851,11,258997049,"[703, 1801]",39,67,57,69,2,631,631,"Ground attacking duel","1970-01-01 00:45:00.000002195","J. Draxler"
8,"Simple pass","[{'id': 1801}]",14862,"[{'y': 57, 'x': 69}, {'y': 94, 'x': 77}]",2057984,"Pass","Germany","2H",2197.990875,85,258997051,"[1801]",57,69,94,77,2,631,631,"Simple pass","1970-01-01 00:45:00.000002197","J. Draxler"
8,"Cross","[{'id': 402}, {'id': 2101}, {'id': 1802}]",14732,"[{'y': 94, 'x': 77}, {'y': 0, 'x': 0}]",2057984,"Pass","Germany","2H",2201.059997,80,258997053,"[402, 2101, 1802]",94,77,0,0,2,632,632,"Cross","1970-01-01 00:45:00.000002201","T. Müller"
7,"Clearance","[{'id': 1401}, {'id': 1801}]",336178,"[{'y': 23, 'x': 17}, {'y': 81, 'x': 21}]",2057984,"Others on the ball","Mexico","2H",2202.215328,71,258996794,"[1401, 1801]",23,17,81,21,2,633,633,"Clearance","1970-01-01 00:45:00.000002202","J. Gallardo"
7,"Clearance","[{'id': 1801}]",112366,"[{'y': 81, 'x': 21}, {'y': 94, 'x': 32}]",2057984,"Others on the ball","Mexico","2H",2204.965709,71,258996797,"[1801]",81,21,94,32,2,633,633,"Clearance","1970-01-01 00:45:00.000002204","M. Layún"
1,"Ground loose ball duel","[{'id': 702}, {'id': 1801}]",112366,"[{'y': 94, 'x': 32}, {'y': 100, 'x': 38}]",2057984,"Duel","Mexico","2H",2209.783147,13,258996801,"[702, 1801]",94,32,100,38,2,633,633,"Ground loose ball duel","1970-01-01 00:45:00.000002209","M. Layún"
1,"Ground loose ball duel","[{'id': 702}, {'id': 1801}]",173214,"[{'y': 6, 'x': 68}, {'y': 0, 'x': 62}]",2057984,"Duel","Germany","2H",2209.973789,13,258997054,"[702, 1801]",6,68,0,62,2,634,634,"Ground loose ball duel","1970-01-01 00:45:00.000002209","T. Werner"
3,"Throw in","[{'id': 1801}]",14795,"[{'y': 0, 'x': 62}, {'y': 48, 'x': 60}]",2057984,"Free Kick","Germany","2H",2216.459704,36,258997055,"[1801]",0,62,48,60,2,634,634,"Throw in","1970-01-01 00:45:00.000002216","M. Hummels"
8,"Simple pass","[{'id': 1801}]",14716,"[{'y': 48, 'x': 60}, {'y': 73, 'x': 64}]",2057984,"Pass","Germany","2H",2220.371363,85,258997056,"[1801]",48,60,73,64,2,634,634,"Simple pass","1970-01-01 00:45:00.000002220","J. Boateng"
7,"Touch","[]",3319,"[{'y': 73, 'x': 64}, {'y': 74, 'x': 74}]",2057984,"Others on the ball","Germany","2H",2221.562294,72,258997057,,73,64,74,74,2,634,634,"Touch","1970-01-01 00:45:00.000002221","M. Özil"
8,"Simple pass","[{'id': 1801}]",3319,"[{'y': 74, 'x': 74}, {'y': 82, 'x': 78}]",2057984,"Pass","Germany","2H",2226.709452,85,258997058,"[1801]",74,74,82,78,2,634,634,"Simple pass","1970-01-01 00:45:00.000002226","M. Özil"
8,"Simple pass","[{'id': 1801}]",15024,"[{'y': 82, 'x': 78}, {'y': 74, 'x': 73}]",2057984,"Pass","Germany","2H",2227.548454,85,258997060,"[1801]",82,78,74,73,2,634,634,"Simple pass","1970-01-01 00:45:00.000002227","M. Reus"
8,"Simple pass","[{'id': 1801}]",3319,"[{'y': 74, 'x': 73}, {'y': 72, 'x': 80}]",2057984,"Pass","Germany","2H",2228.954923,85,258997061,"[1801]",74,73,72,80,2,634,634,"Simple pass","1970-01-01 00:45:00.000002228","M. Özil"
8,"Simple pass","[{'id': 1801}]",14732,"[{'y': 72, 'x': 80}, {'y': 82, 'x': 75}]",2057984,"Pass","Germany","2H",2229.656245,85,258997062,"[1801]",72,80,82,75,2,634,634,"Simple pass","1970-01-01 00:45:00.000002229","T. Müller"
8,"Simple pass","[{'id': 1801}]",15024,"[{'y': 82, 'x': 75}, {'y': 72, 'x': 85}]",2057984,"Pass","Germany","2H",2231.327377,85,258997063,"[1801]",82,75,72,85,2,634,634,"Simple pass","1970-01-01 00:45:00.000002231","M. Reus"
1,"Ground defending duel","[{'id': 504}, {'id': 703}, {'id': 1801}]",3795,"[{'y': 28, 'x': 15}, {'y': 42, 'x': 19}]",2057984,"Duel","Mexico","2H",2232.451376,12,258996807,"[504, 703, 1801]",28,15,42,19,2,635,635,"Ground defending duel","1970-01-01 00:45:00.000002232","H. Moreno"
1,"Ground attacking duel","[{'id': 503}, {'id': 701}, {'id': 1802}]",14732,"[{'y': 72, 'x': 85}, {'y': 58, 'x': 81}]",2057984,"Duel","Germany","2H",2232.651121,11,258997064,"[503, 701, 1802]",72,85,58,81,2,636,636,"Ground attacking duel","1970-01-01 00:45:00.000002232","T. Müller"
7,"Clearance","[{'id': 1801}]",59003,"[{'y': 42, 'x': 19}, {'y': 38, 'x': 25}]",2057984,"Others on the ball","Mexico","2H",2234.144107,71,258996810,"[1801]",42,19,38,25,2,637,637,"Clearance","1970-01-01 00:45:00.000002234","R. Márquez"
1,"Ground attacking duel","[{'id': 703}, {'id': 1801}]",112459,"[{'y': 38, 'x': 25}, {'y': 27, 'x': 28}]",2057984,"Duel","Mexico","2H",2236.749916,11,258996812,"[703, 1801]",38,25,27,28,2,637,637,"Ground attacking duel","1970-01-01 00:45:00.000002236","H. Herrera"
1,"Ground defending duel","[{'id': 701}, {'id': 1802}]",14732,"[{'y': 62, 'x': 75}, {'y': 73, 'x': 72}]",2057984,"Duel","Germany","2H",2236.749916,12,258997066,"[701, 1802]",62,75,73,72,2,638,638,"Ground defending duel","1970-01-01 00:45:00.000002236","T. Müller"
2,"Foul","[{'id': 1702}]",14732,"[{'y': 73, 'x': 72}, {'y': 62, 'x': 75}]",2057984,"Foul","Germany","2H",2237.804255,20,258997067,"[1702]",73,72,62,75,2,638,638,"Foul","1970-01-01 00:45:00.000002237","T. Müller"
8,"Simple pass","[{'id': 1801}]",336178,"[{'y': 12, 'x': 55}, {'y': 14, 'x': 66}]",2057984,"Pass","Mexico","2H",2270.642504,85,258996815,"[1801]",12,55,14,66,2,639,639,"Simple pass","1970-01-01 00:45:00.000002270","J. Gallardo"
1,"Ground attacking duel","[{'id': 1901}, {'id': 701}, {'id': 1802}]",112459,"[{'y': 14, 'x': 66}, {'y': 15, 'x': 67}]",2057984,"Duel","Mexico","2H",2273.686122,11,258996816,"[1901, 701, 1802]",14,66,15,67,2,639,639,"Ground attacking duel","1970-01-01 00:45:00.000002273","H. Herrera"
1,"Ground defending duel","[{'id': 703}, {'id': 1801}]",15024,"[{'y': 86, 'x': 34}, {'y': 85, 'x': 33}]",2057984,"Duel","Germany","2H",2273.722441,12,258997069,"[703, 1801]",86,34,85,33,2,640,640,"Ground defending duel","1970-01-01 00:45:00.000002273","M. Reus"
7,"Touch","[]",14716,"[{'y': 85, 'x': 33}, {'y': 78, 'x': 53}]",2057984,"Others on the ball","Germany","2H",2275.074558,72,258997070,,85,33,78,53,2,640,640,"Touch","1970-01-01 00:45:00.000002275","J. Boateng"
1,"Ground defending duel","[{'id': 1901}, {'id': 703}, {'id': 1801}]",112459,"[{'y': 22, 'x': 47}, {'y': 27, 'x': 38}]",2057984,"Duel","Mexico","2H",2279.322584,12,258996818,"[1901, 703, 1801]",22,47,27,38,2,641,641,"Ground defending duel","1970-01-01 00:45:00.000002279","H. Herrera"
1,"Ground attacking duel","[{'id': 701}, {'id': 1802}]",14716,"[{'y': 78, 'x': 53}, {'y': 73, 'x': 62}]",2057984,"Duel","Germany","2H",2279.363913,11,258997072,"[701, 1802]",78,53,73,62,2,642,642,"Ground attacking duel","1970-01-01 00:45:00.000002279","J. Boateng"
8,"Simple pass","[{'id': 1901}, {'id': 1801}]",112459,"[{'y': 27, 'x': 38}, {'y': 36, 'x': 33}]",2057984,"Pass","Mexico","2H",2280.776473,85,258996819,"[1901, 1801]",27,38,36,33,2,643,643,"Simple pass","1970-01-01 00:45:00.000002280","H. Herrera"
8,"Simple pass","[{'id': 1901}, {'id': 1801}]",59003,"[{'y': 36, 'x': 33}, {'y': 23, 'x': 31}]",2057984,"Pass","Mexico","2H",2281.749092,85,258996820,"[1901, 1801]",36,33,23,31,2,643,643,"Simple pass","1970-01-01 00:45:00.000002281","R. Márquez"
8,"Simple pass","[{'id': 1901}, {'id': 1801}]",3795,"[{'y': 23, 'x': 31}, {'y': 22, 'x': 54}]",2057984,"Pass","Mexico","2H",2283.917743,85,258996821,"[1901, 1801]",23,31,22,54,2,643,643,"Simple pass","1970-01-01 00:45:00.000002283","H. Moreno"
8,"Simple pass","[{'id': 1901}, {'id': 1801}]",112459,"[{'y': 22, 'x': 54}, {'y': 34, 'x': 62}]",2057984,"Pass","Mexico","2H",2286.383885,85,258996822,"[1901, 1801]",22,54,34,62,2,643,643,"Simple pass","1970-01-01 00:45:00.000002286","H. Herrera"
8,"Simple pass","[{'id': 1901}, {'id': 1801}]",7941,"[{'y': 34, 'x': 62}, {'y': 21, 'x': 65}]",2057984,"Pass","Mexico","2H",2287.79617,85,258996824,"[1901, 1801]",34,62,21,65,2,643,643,"Simple pass","1970-01-01 00:45:00.000002287","J. Hernández"
8,"Simple pass","[{'id': 1901}, {'id': 1801}]",112392,"[{'y': 21, 'x': 65}, {'y': 25, 'x': 68}]",2057984,"Pass","Mexico","2H",2290.884534,85,258996825,"[1901, 1801]",21,65,25,68,2,643,643,"Simple pass","1970-01-01 00:45:00.000002290","R. Jiménez"
8,"Simple pass","[{'id': 1901}, {'id': 1801}]",112459,"[{'y': 25, 'x': 68}, {'y': 24, 'x': 70}]",2057984,"Pass","Mexico","2H",2292.70866,85,258996829,"[1901, 1801]",25,68,24,70,2,643,643,"Simple pass","1970-01-01 00:45:00.000002292","H. Herrera"
8,"Simple pass","[{'id': 1901}, {'id': 1801}]",112392,"[{'y': 24, 'x': 70}, {'y': 17, 'x': 64}]",2057984,"Pass","Mexico","2H",2293.921739,85,258996831,"[1901, 1801]",24,70,17,64,2,643,643,"Simple pass","1970-01-01 00:45:00.000002293","R. Jiménez"
8,"Simple pass","[{'id': 1801}]",112459,"[{'y': 17, 'x': 64}, {'y': 24, 'x': 62}]",2057984,"Pass","Mexico","2H",2296.027437,85,258996832,"[1801]",17,64,24,62,2,643,643,"Simple pass","1970-01-01 00:45:00.000002296","H. Herrera"
8,"Simple pass","[{'id': 1802}]",112392,"[{'y': 24, 'x': 62}, {'y': 17, 'x': 52}]",2057984,"Pass","Mexico","2H",2299.735501,85,258996836,"[1802]",24,62,17,52,2,644,644,"Simple pass","1970-01-01 00:45:00.000002299","R. Jiménez"
8,"Simple pass","[{'id': 1401}, {'id': 1801}]",14732,"[{'y': 83, 'x': 48}, {'y': 79, 'x': 44}]",2057984,"Pass","Germany","2H",2301.426601,85,258997074,"[1401, 1801]",83,48,79,44,2,645,645,"Simple pass","1970-01-01 00:45:00.000002301","T. Müller"
8,"High pass","[{'id': 1802}]",14716,"[{'y': 79, 'x': 44}, {'y': 50, 'x': 68}]",2057984,"Pass","Germany","2H",2302.301433,83,258997076,"[1802]",79,44,50,68,2,646,646,"High pass","1970-01-01 00:45:00.000002302","J. Boateng"
7,"Touch","[{'id': 1302}]",112777,"[{'y': 50, 'x': 32}, {'y': 54, 'x': 33}]",2057984,"Others on the ball","Mexico","2H",2303.02666,72,258996837,"[1302]",50,32,54,33,2,647,647,"Touch","1970-01-01 00:45:00.000002303","H. Ayala"
8,"Simple pass","[{'id': 1401}, {'id': 1802}]",255387,"[{'y': 54, 'x': 33}, {'y': 29, 'x': 30}]",2057984,"Pass","Mexico","2H",2303.834041,85,258996838,"[1401, 1802]",54,33,29,30,2,648,648,"Simple pass","1970-01-01 00:45:00.000002303","C. Salcedo"
8,"Simple pass","[{'id': 1801}]",14731,"[{'y': 71, 'x': 70}, {'y': 21, 'x': 89}]",2057984,"Pass","Germany","2H",2305.397623,85,258997078,"[1801]",71,70,21,89,2,649,649,"Simple pass","1970-01-01 00:45:00.000002305","M. Gómez"
8,"Simple pass","[{'id': 1801}]",173214,"[{'y': 21, 'x': 89}, {'y': 22, 'x': 71}]",2057984,"Pass","Germany","2H",2309.590511,85,258997080,"[1801]",21,89,22,71,2,649,649,"Simple pass","1970-01-01 00:45:00.000002309","T. Werner"
8,"Simple pass","[{'id': 1801}]",14862,"[{'y': 22, 'x': 71}, {'y': 46, 'x': 73}]",2057984,"Pass","Germany","2H",2312.672378,85,258997081,"[1801]",22,71,46,73,2,649,649,"Simple pass","1970-01-01 00:45:00.000002312","J. Draxler"
1,"Ground defending duel","[{'id': 501}, {'id': 701}, {'id': 1802}]",59003,"[{'y': 54, 'x': 27}, {'y': 63, 'x': 22}]",2057984,"Duel","Mexico","2H",2313.896198,12,258996844,"[501, 701, 1802]",54,27,63,22,2,650,650,"Ground defending duel","1970-01-01 00:45:00.000002313","R. Márquez"
1,"Ground attacking duel","[{'id': 502}, {'id': 703}, {'id': 1801}]",14723,"[{'y': 46, 'x': 73}, {'y': 37, 'x': 78}]",2057984,"Duel","Germany","2H",2315.273896,11,258997082,"[502, 703, 1801]",46,73,37,78,2,651,651,"Ground attacking duel","1970-01-01 00:45:00.000002315","T. Kroos"
10,"Shot","[{'id': 401}, {'id': 201}, {'id': 1205}, {'id': 1801}]",14723,"[{'y': 37, 'x': 78}, {'y': 0, 'x': 0}]",2057984,"Shot","Germany","2H",2316.185878,100,258997083,"[401, 201, 1205, 1801]",37,78,0,0,2,651,651,"Shot","1970-01-01 00:45:00.000002316","T. Kroos"
9,"Save attempt","[{'id': 1205}, {'id': 1801}]",25816,"[{'y': 0, 'x': 0}, {'y': 63, 'x': 22}]",2057984,"Save attempt","Mexico","2H",2317.454754,91,258996845,"[1205, 1801]",0,0,63,22,2,652,652,"Save attempt","1970-01-01 00:45:00.000002317","G. Ochoa"
1,"Ground attacking duel","[{'id': 703}, {'id': 1801}]",448210,"[{'y': 73, 'x': 28}, {'y': 69, 'x': 31}]",2057984,"Duel","Mexico","2H",2351.311451,11,258996847,"[703, 1801]",73,28,69,31,2,652,652,"Ground attacking duel","1970-01-01 00:45:00.000002351","E. Álvarez"
1,"Ground defending duel","[{'id': 1601}, {'id': 701}, {'id': 1802}]",14795,"[{'y': 27, 'x': 72}, {'y': 31, 'x': 69}]",2057984,"Duel","Germany","2H",2351.311451,12,258997084,"[1601, 701, 1802]",27,72,31,69,2,653,653,"Ground defending duel","1970-01-01 00:45:00.000002351","M. Hummels"
2,"Foul","[{'id': 1702}]",14795,"[{'y': 31, 'x': 69}, {'y': 27, 'x': 72}]",2057984,"Foul","Germany","2H",2352.749942,20,258997085,"[1702]",31,69,27,72,2,653,653,"Foul","1970-01-01 00:45:00.000002352","M. Hummels"
3,"Free Kick","[{'id': 1801}]",25816,"[{'y': 69, 'x': 31}, {'y': 82, 'x': 74}]",2057984,"Free Kick","Mexico","2H",2378.110435,31,258996848,"[1801]",69,31,82,74,2,654,654,"Free Kick","1970-01-01 00:45:00.000002378","G. Ochoa"
1,"Ground loose ball duel","[{'id': 701}, {'id': 1802}]",7941,"[{'y': 82, 'x': 74}, {'y': 84, 'x': 76}]",2057984,"Duel","Mexico","2H",2381.357174,13,258996862,"[701, 1802]",82,74,84,76,2,654,654,"Ground loose ball duel","1970-01-01 00:45:00.000002381","J. Hernández"
1,"Ground loose ball duel","[{'id': 703}, {'id': 1801}]",14795,"[{'y': 18, 'x': 26}, {'y': 16, 'x': 24}]",2057984,"Duel","Germany","2H",2381.810133,13,258997086,"[703, 1801]",18,26,16,24,2,655,655,"Ground loose ball duel","1970-01-01 00:45:00.000002381","M. Hummels"
8,"Head pass","[{'id': 1801}]",14795,"[{'y': 16, 'x': 24}, {'y': 10, 'x': 32}]",2057984,"Pass","Germany","2H",2382.202705,82,258997087,"[1801]",16,24,10,32,2,655,655,"Head pass","1970-01-01 00:45:00.000002382","M. Hummels"
1,"Ground defending duel","[{'id': 501}, {'id': 701}, {'id': 1802}]",112459,"[{'y': 90, 'x': 68}, {'y': 92, 'x': 68}]",2057984,"Duel","Mexico","2H",2384.738149,12,258996863,"[501, 701, 1802]",90,68,92,68,2,656,656,"Ground defending duel","1970-01-01 00:45:00.000002384","H. Herrera"
1,"Ground attacking duel","[{'id': 502}, {'id': 703}, {'id': 1801}]",14723,"[{'y': 10, 'x': 32}, {'y': 8, 'x': 32}]",2057984,"Duel","Germany","2H",2384.738149,11,258997088,"[502, 703, 1801]",10,32,8,32,2,657,657,"Ground attacking duel","1970-01-01 00:45:00.000002384","T. Kroos"
2,"Foul","[]",112459,"[{'y': 92, 'x': 68}, {'y': 90, 'x': 68}]",2057984,"Foul","Mexico","2H",2385.85199,20,258996864,,92,68,90,68,2,658,658,"Foul","1970-01-01 00:45:00.000002385","H. Herrera"
3,"Free Kick","[{'id': 1801}]",14723,"[{'y': 4, 'x': 29}, {'y': 37, 'x': 35}]",2057984,"Free Kick","Germany","2H",2389.321003,31,258997089,"[1801]",4,29,37,35,2,659,659,"Free Kick","1970-01-01 00:45:00.000002389","T. Kroos"
8,"Simple pass","[{'id': 1801}]",3319,"[{'y': 37, 'x': 35}, {'y': 96, 'x': 65}]",2057984,"Pass","Germany","2H",2392.00758,85,258997092,"[1801]",37,35,96,65,2,659,659,"Simple pass","1970-01-01 00:45:00.000002392","M. Özil"
8,"Simple pass","[{'id': 1801}]",224593,"[{'y': 96, 'x': 65}, {'y': 78, 'x': 60}]",2057984,"Pass","Germany","2H",2398.284047,85,258997093,"[1801]",96,65,78,60,2,659,659,"Simple pass","1970-01-01 00:45:00.000002398","J. Kimmich"
7,"Touch","[]",3319,"[{'y': 78, 'x': 60}, {'y': 77, 'x': 72}]",2057984,"Others on the ball","Germany","2H",2399.572862,72,258997094,,78,60,77,72,2,659,659,"Touch","1970-01-01 00:45:00.000002399","M. Özil"
8,"Simple pass","[{'id': 1801}]",3319,"[{'y': 77, 'x': 72}, {'y': 83, 'x': 77}]",2057984,"Pass","Germany","2H",2402.870175,85,258997095,"[1801]",77,72,83,77,2,659,659,"Simple pass","1970-01-01 00:45:00.000002402","M. Özil"
8,"Simple pass","[{'id': 1801}]",14732,"[{'y': 83, 'x': 77}, {'y': 88, 'x': 72}]",2057984,"Pass","Germany","2H",2403.371522,85,258997096,"[1801]",83,77,88,72,2,659,659,"Simple pass","1970-01-01 00:45:00.000002403","T. Müller"
8,"Simple pass","[{'id': 1801}]",15024,"[{'y': 88, 'x': 72}, {'y': 97, 'x': 82}]",2057984,"Pass","Germany","2H",2404.997852,85,258997097,"[1801]",88,72,97,82,2,659,659,"Simple pass","1970-01-01 00:45:00.000002404","M. Reus"
8,"Simple pass","[{'id': 1801}]",224593,"[{'y': 97, 'x': 82}, {'y': 93, 'x': 75}]",2057984,"Pass","Germany","2H",2405.956746,85,258997098,"[1801]",97,82,93,75,2,659,659,"Simple pass","1970-01-01 00:45:00.000002405","J. Kimmich"
8,"Simple pass","[{'id': 1801}]",15024,"[{'y': 93, 'x': 75}, {'y': 79, 'x': 73}]",2057984,"Pass","Germany","2H",2407.172839,85,258997099,"[1801]",93,75,79,73,2,659,659,"Simple pass","1970-01-01 00:45:00.000002407","M. Reus"
8,"Cross","[{'id': 401}, {'id': 801}, {'id': 1801}]",3319,"[{'y': 79, 'x': 73}, {'y': 34, 'x': 90}]",2057984,"Pass","Germany","2H",2409.200636,80,258997101,"[401, 801, 1801]",79,73,34,90,2,659,659,"Cross","1970-01-01 00:45:00.000002409","M. Özil"
1,"Air duel","[{'id': 702}, {'id': 1801}]",448210,"[{'y': 66, 'x': 10}, {'y': 63, 'x': 9}]",2057984,"Duel","Mexico","2H",2410.786063,10,258996873,"[702, 1801]",66,10,63,9,2,660,660,"Air duel","1970-01-01 00:45:00.000002410","E. Álvarez"
1,"Air duel","[{'id': 702}, {'id': 1801}]",14731,"[{'y': 34, 'x': 90}, {'y': 37, 'x': 91}]",2057984,"Duel","Germany","2H",2410.849329,10,258997102,"[702, 1801]",34,90,37,91,2,661,661,"Air duel","1970-01-01 00:45:00.000002410","M. Gómez"
1,"Air duel","[{'id': 703}, {'id': 1801}]",255387,"[{'y': 63, 'x': 9}, {'y': 70, 'x': 17}]",2057984,"Duel","Mexico","2H",2411.678027,10,258996874,"[703, 1801]",63,9,70,17,2,662,662,"Air duel","1970-01-01 00:45:00.000002411","C. Salcedo"
1,"Ground defending duel","[{'id': 703}, {'id': 1801}]",112366,"[{'y': 70, 'x': 17}, {'y': 61, 'x': 26}]",2057984,"Duel","Mexico","2H",2413.490198,12,258996876,"[703, 1801]",70,17,61,26,2,662,662,"Ground defending duel","1970-01-01 00:45:00.000002413","M. Layún"
1,"Ground attacking duel","[{'id': 701}, {'id': 1802}]",173214,"[{'y': 30, 'x': 83}, {'y': 39, 'x': 74}]",2057984,"Duel","Germany","2H",2413.513329,11,258997103,"[701, 1802]",30,83,39,74,2,663,663,"Ground attacking duel","1970-01-01 00:45:00.000002413","T. Werner"
7,"Clearance","[{'id': 1802}]",112777,"[{'y': 61, 'x': 26}, {'y': 59, 'x': 34}]",2057984,"Others on the ball","Mexico","2H",2415.861846,71,258997100,"[1802]",61,26,59,34,2,664,664,"Clearance","1970-01-01 00:45:00.000002415","H. Ayala"
8,"Simple pass","[{'id': 1801}]",14723,"[{'y': 41, 'x': 66}, {'y': 70, 'x': 68}]",2057984,"Pass","Germany","2H",2419.454893,85,258997104,"[1801]",41,66,70,68,2,665,665,"Simple pass","1970-01-01 00:45:00.000002419","T. Kroos"
8,"High pass","[{'id': 1802}]",3319,"[{'y': 70, 'x': 68}, {'y': 0, 'x': 88}]",2057984,"Pass","Germany","2H",2422.423359,83,258997105,"[1802]",70,68,0,88,2,666,666,"High pass","1970-01-01 00:45:00.000002422","M. Özil"
3,"Throw in","[{'id': 1801}]",448210,"[{'y': 100, 'x': 23}, {'y': 92, 'x': 35}]",2057984,"Free Kick","Mexico","2H",2457.992762,36,258996887,"[1801]",100,23,92,35,2,667,667,"Throw in","1970-01-01 00:45:00.000002457","E. Álvarez"
8,"Simple pass","[{'id': 1801}]",112459,"[{'y': 92, 'x': 35}, {'y': 86, 'x': 36}]",2057984,"Pass","Mexico","2H",2460.018269,85,258996888,"[1801]",92,35,86,36,2,667,667,"Simple pass","1970-01-01 00:45:00.000002460","H. Herrera"
1,"Ground attacking duel","[{'id': 501}, {'id': 703}, {'id': 1801}]",7941,"[{'y': 86, 'x': 36}, {'y': 81, 'x': 41}]",2057984,"Duel","Mexico","2H",2461.320586,11,258996890,"[501, 703, 1801]",86,36,81,41,2,667,667,"Ground attacking duel","1970-01-01 00:45:00.000002461","J. Hernández"
1,"Ground defending duel","[{'id': 502}, {'id': 701}, {'id': 1802}]",14716,"[{'y': 14, 'x': 64}, {'y': 19, 'x': 59}]",2057984,"Duel","Germany","2H",2461.320586,12,258997106,"[502, 701, 1802]",14,64,19,59,2,668,668,"Ground defending duel","1970-01-01 00:45:00.000002461","J. Boateng"
2,"Foul","[]",14716,"[{'y': 19, 'x': 59}, {'y': 14, 'x': 64}]",2057984,"Foul","Germany","2H",2462.784328,20,258997107,,19,59,14,64,2,668,668,"Foul","1970-01-01 00:45:00.000002462","J. Boateng"
3,"Free Kick","[{'id': 1801}]",112366,"[{'y': 92, 'x': 33}, {'y': 17, 'x': 63}]",2057984,"Free Kick","Mexico","2H",2469.687109,31,258996898,"[1801]",92,33,17,63,2,669,669,"Free Kick","1970-01-01 00:45:00.000002469","M. Layún"
7,"Touch","[]",336178,"[{'y': 17, 'x': 63}, {'y': 22, 'x': 82}]",2057984,"Others on the ball","Mexico","2H",2474.764537,72,258996899,,17,63,22,82,2,669,669,"Touch","1970-01-01 00:45:00.000002474","J. Gallardo"
1,"Ground attacking duel","[{'id': 502}, {'id': 703}, {'id': 1801}]",336178,"[{'y': 22, 'x': 82}, {'y': 24, 'x': 93}]",2057984,"Duel","Mexico","2H",2477.009855,11,258996904,"[502, 703, 1801]",22,82,24,93,2,669,669,"Ground attacking duel","1970-01-01 00:45:00.000002477","J. Gallardo"
1,"Ground defending duel","[{'id': 501}, {'id': 701}, {'id': 1802}]",3319,"[{'y': 78, 'x': 18}, {'y': 76, 'x': 7}]",2057984,"Duel","Germany","2H",2477.543299,12,258997111,"[501, 701, 1802]",78,18,76,7,2,670,670,"Ground defending duel","1970-01-01 00:45:00.000002477","M. Özil"
1,"Ground attacking duel","[{'id': 502}, {'id': 703}, {'id': 1801}]",336178,"[{'y': 24, 'x': 93}, {'y': 21, 'x': 96}]",2057984,"Duel","Mexico","2H",2478.496792,11,258996906,"[502, 703, 1801]",24,93,21,96,2,671,671,"Ground attacking duel","1970-01-01 00:45:00.000002478","J. Gallardo"
1,"Ground defending duel","[{'id': 501}, {'id': 701}, {'id': 1802}]",224593,"[{'y': 76, 'x': 7}, {'y': 79, 'x': 4}]",2057984,"Duel","Germany","2H",2479.696989,12,258997112,"[501, 701, 1802]",76,7,79,4,2,672,672,"Ground defending duel","1970-01-01 00:45:00.000002479","J. Kimmich"
8,"Cross","[{'id': 401}, {'id': 801}, {'id': 1802}]",336178,"[{'y': 21, 'x': 96}, {'y': 37, 'x': 98}]",2057984,"Pass","Mexico","2H",2480.403665,80,258996909,"[401, 801, 1802]",21,96,37,98,2,673,673,"Cross","1970-01-01 00:45:00.000002480","J. Gallardo"
3,"Goal kick","[]",14712,"[{'y': 100, 'x': 100}, {'y': 11, 'x': 67}]",2057984,"Free Kick","Germany","2H",2498.232968,34,258997113,,100,100,11,67,2,674,674,"Goal kick","1970-01-01 00:45:00.000002498","M. Neuer"
8,"Simple pass","[{'id': 1801}]",146583,"[{'y': 11, 'x': 67}, {'y': 43, 'x': 64}]",2057984,"Pass","Germany","2H",2502.870244,85,258997114,"[1801]",11,67,43,64,2,674,674,"Simple pass","1970-01-01 00:45:00.000002502","J. Brandt"
8,"Simple pass","[{'id': 1801}]",14723,"[{'y': 43, 'x': 64}, {'y': 92, 'x': 65}]",2057984,"Pass","Germany","2H",2504.801823,85,258997115,"[1801]",43,64,92,65,2,674,674,"Simple pass","1970-01-01 00:45:00.000002504","T. Kroos"
7,"Touch","[]",224593,"[{'y': 92, 'x': 65}, {'y': 93, 'x': 74}]",2057984,"Others on the ball","Germany","2H",2507.679319,72,258997116,,92,65,93,74,2,674,674,"Touch","1970-01-01 00:45:00.000002507","J. Kimmich"
8,"Simple pass","[{'id': 1801}]",224593,"[{'y': 93, 'x': 74}, {'y': 83, 'x': 72}]",2057984,"Pass","Germany","2H",2510.508558,85,258997117,"[1801]",93,74,83,72,2,674,674,"Simple pass","1970-01-01 00:45:00.000002510","J. Kimmich"
8,"Simple pass","[{'id': 1801}]",15024,"[{'y': 83, 'x': 72}, {'y': 79, 'x': 66}]",2057984,"Pass","Germany","2H",2512.99996,85,258997118,"[1801]",83,72,79,66,2,674,674,"Simple pass","1970-01-01 00:45:00.000002512","M. Reus"
8,"Simple pass","[{'id': 1801}]",3319,"[{'y': 79, 'x': 66}, {'y': 94, 'x': 83}]",2057984,"Pass","Germany","2H",2513.913732,85,258997119,"[1801]",79,66,94,83,2,674,674,"Simple pass","1970-01-01 00:45:00.000002513","M. Özil"
8,"Cross","[{'id': 302}, {'id': 402}, {'id': 801}, {'id': 1801}]",224593,"[{'y': 94, 'x': 83}, {'y': 47, 'x': 93}]",2057984,"Pass","Germany","2H",2516.114107,80,258997120,"[302, 402, 801, 1801]",94,83,47,93,2,674,674,"Cross","1970-01-01 00:45:00.000002516","J. Kimmich"
1,"Air duel","[{'id': 701}, {'id': 1802}]",255387,"[{'y': 53, 'x': 7}, {'y': 53, 'x': 8}]",2057984,"Duel","Mexico","2H",2517.189094,10,258996914,"[701, 1802]",53,7,53,8,2,675,675,"Air duel","1970-01-01 00:45:00.000002517","C. Salcedo"
1,"Air duel","[{'id': 703}, {'id': 1801}]",14731,"[{'y': 47, 'x': 93}, {'y': 47, 'x': 92}]",2057984,"Duel","Germany","2H",2517.189094,10,258997121,"[703, 1801]",47,93,47,92,2,676,676,"Air duel","1970-01-01 00:45:00.000002517","M. Gómez"
10,"Shot","[{'id': 403}, {'id': 201}, {'id': 1216}, {'id': 1802}]",14731,"[{'y': 47, 'x': 92}, {'y': 0, 'x': 0}]",2057984,"Shot","Germany","2H",2518.527478,100,258997122,"[403, 201, 1216, 1802]",47,92,0,0,2,676,676,"Shot","1970-01-01 00:45:00.000002518","M. Gómez"
3,"Goal kick","[]",25816,"[{'y': 0, 'x': 0}, {'y': 15, 'x': 55}]",2057984,"Free Kick","Mexico","2H",2546.122299,34,258996919,,0,0,15,55,2,677,677,"Goal kick","1970-01-01 00:45:00.000002546","G. Ochoa"
1,"Air duel","[{'id': 702}, {'id': 1801}]",112392,"[{'y': 15, 'x': 55}, {'y': 9, 'x': 67}]",2057984,"Duel","Mexico","2H",2549.263569,10,258996921,"[702, 1801]",15,55,9,67,2,677,677,"Air duel","1970-01-01 00:45:00.000002549","R. Jiménez"
1,"Air duel","[{'id': 702}, {'id': 1801}]",224593,"[{'y': 85, 'x': 45}, {'y': 91, 'x': 33}]",2057984,"Duel","Germany","2H",2549.27642,10,258997123,"[702, 1801]",85,45,91,33,2,678,678,"Air duel","1970-01-01 00:45:00.000002549","J. Kimmich"
1,"Ground attacking duel","[{'id': 503}, {'id': 702}, {'id': 1801}]",112459,"[{'y': 9, 'x': 67}, {'y': 0, 'x': 66}]",2057984,"Duel","Mexico","2H",2553.02462,11,258996922,"[503, 702, 1801]",9,67,0,66,2,679,679,"Ground attacking duel","1970-01-01 00:45:00.000002553","H. Herrera"
1,"Ground defending duel","[{'id': 504}, {'id': 702}, {'id': 1801}]",14716,"[{'y': 91, 'x': 33}, {'y': 100, 'x': 34}]",2057984,"Duel","Germany","2H",2553.229538,12,258997125,"[504, 702, 1801]",91,33,100,34,2,680,680,"Ground defending duel","1970-01-01 00:45:00.000002553","J. Boateng"
3,"Throw in","[{'id': 1801}]",336178,"[{'y': 0, 'x': 66}, {'y': 17, 'x': 66}]",2057984,"Free Kick","Mexico","2H",2573.916078,36,258996931,"[1801]",0,66,17,66,2,681,681,"Throw in","1970-01-01 00:45:00.000002573","J. Gallardo"
8,"High pass","[{'id': 1801}]",112459,"[{'y': 17, 'x': 66}, {'y': 52, 'x': 12}]",2057984,"Pass","Mexico","2H",2575.764967,83,258996933,"[1801]",17,66,52,12,2,681,681,"High pass","1970-01-01 00:45:00.000002575","H. Herrera"
8,"Launch","[{'id': 1801}]",25816,"[{'y': 52, 'x': 12}, {'y': 86, 'x': 58}]",2057984,"Pass","Mexico","2H",2583.198332,84,258996936,"[1801]",52,12,86,58,2,681,681,"Launch","1970-01-01 00:45:00.000002583","G. Ochoa"
1,"Air duel","[{'id': 703}, {'id': 1801}]",448210,"[{'y': 86, 'x': 58}, {'y': 90, 'x': 65}]",2057984,"Duel","Mexico","2H",2586.378951,10,258996938,"[703, 1801]",86,58,90,65,2,681,681,"Air duel","1970-01-01 00:45:00.000002586","E. Álvarez"
1,"Air duel","[{'id': 701}, {'id': 1802}]",146583,"[{'y': 14, 'x': 42}, {'y': 10, 'x': 35}]",2057984,"Duel","Germany","2H",2586.567919,10,258997127,"[701, 1802]",14,42,10,35,2,682,682,"Air duel","1970-01-01 00:45:00.000002586","J. Brandt"
8,"Simple pass","[{'id': 1801}]",112366,"[{'y': 90, 'x': 65}, {'y': 71, 'x': 60}]",2057984,"Pass","Mexico","2H",2591.215759,85,258996940,"[1801]",90,65,71,60,2,683,683,"Simple pass","1970-01-01 00:45:00.000002591","M. Layún"
8,"Simple pass","[{'id': 1801}]",59003,"[{'y': 71, 'x': 60}, {'y': 90, 'x': 56}]",2057984,"Pass","Mexico","2H",2591.883791,85,258996942,"[1801]",71,60,90,56,2,683,683,"Simple pass","1970-01-01 00:45:00.000002591","R. Márquez"
8,"Simple pass","[{'id': 1802}]",448210,"[{'y': 90, 'x': 56}, {'y': 67, 'x': 79}]",2057984,"Pass","Mexico","2H",2592.900664,85,258996943,"[1802]",90,56,67,79,2,684,684,"Simple pass","1970-01-01 00:45:00.000002592","E. Álvarez"
8,"Simple pass","[{'id': 1801}]",14712,"[{'y': 33, 'x': 21}, {'y': 55, 'x': 28}]",2057984,"Pass","Germany","2H",2596.490939,85,258997129,"[1801]",33,21,55,28,2,685,685,"Simple pass","1970-01-01 00:45:00.000002596","M. Neuer"
8,"Simple pass","[{'id': 1801}]",14716,"[{'y': 55, 'x': 28}, {'y': 25, 'x': 42}]",2057984,"Pass","Germany","2H",2601.096972,85,258997130,"[1801]",55,28,25,42,2,685,685,"Simple pass","1970-01-01 00:45:00.000002601","J. Boateng"
7,"Touch","[]",14723,"[{'y': 25, 'x': 42}, {'y': 27, 'x': 61}]",2057984,"Others on the ball","Germany","2H",2602.162909,72,258997131,,25,42,27,61,2,685,685,"Touch","1970-01-01 00:45:00.000002602","T. Kroos"
8,"Simple pass","[{'id': 1801}]",14723,"[{'y': 27, 'x': 61}, {'y': 9, 'x': 81}]",2057984,"Pass","Germany","2H",2605.823289,85,258997132,"[1801]",27,61,9,81,2,685,685,"Simple pass","1970-01-01 00:45:00.000002605","T. Kroos"
1,"Ground defending duel","[{'id': 502}, {'id': 701}, {'id': 1802}]",112366,"[{'y': 91, 'x': 19}, {'y': 85, 'x': 22}]",2057984,"Duel","Mexico","2H",2609.014616,12,258996945,"[502, 701, 1802]",91,19,85,22,2,686,686,"Ground defending duel","1970-01-01 00:45:00.000002609","M. Layún"
1,"Ground attacking duel","[{'id': 501}, {'id': 703}, {'id': 1801}]",146583,"[{'y': 9, 'x': 81}, {'y': 15, 'x': 78}]",2057984,"Duel","Germany","2H",2609.307045,11,258997133,"[501, 703, 1801]",9,81,15,78,2,687,687,"Ground attacking duel","1970-01-01 00:45:00.000002609","J. Brandt"
8,"Smart pass","[{'id': 901}, {'id': 1801}]",146583,"[{'y': 15, 'x': 78}, {'y': 28, 'x': 92}]",2057984,"Pass","Germany","2H",2610.470925,86,258997134,"[901, 1801]",15,78,28,92,2,687,687,"Smart pass","1970-01-01 00:45:00.000002610","J. Brandt"
8,"Cross","[{'id': 302}, {'id': 401}, {'id': 1801}]",15024,"[{'y': 28, 'x': 92}, {'y': 46, 'x': 96}]",2057984,"Pass","Germany","2H",2611.870956,80,258997136,"[302, 401, 1801]",28,92,46,96,2,687,687,"Cross","1970-01-01 00:45:00.000002611","M. Reus"
7,"Touch","[{'id': 1401}]",255387,"[{'y': 72, 'x': 6}, {'y': 54, 'x': 4}]",2057984,"Others on the ball","Mexico","2H",2612.74987,72,258996948,"[1401]",72,6,54,4,2,688,688,"Touch","1970-01-01 00:45:00.000002612","C. Salcedo"
10,"Shot","[{'id': 402}, {'id': 201}, {'id': 1204}, {'id': 1801}]",14731,"[{'y': 46, 'x': 96}, {'y': 0, 'x': 0}]",2057984,"Shot","Germany","2H",2613.362627,100,258997138,"[402, 201, 1204, 1801]",46,96,0,0,2,689,689,"Shot","1970-01-01 00:45:00.000002613","M. Gómez"
9,"Reflexes","[{'id': 1204}, {'id': 1801}]",25816,"[{'y': 0, 'x': 0}, {'y': 72, 'x': 8}]",2057984,"Save attempt","Mexico","2H",2614.590917,90,258996950,"[1204, 1801]",0,0,72,8,2,690,690,"Reflexes","1970-01-01 00:45:00.000002614","G. Ochoa"
8,"Simple pass","[{'id': 1801}]",14731,"[{'y': 41, 'x': 99}, {'y': 60, 'x': 80}]",2057984,"Pass","Germany","2H",2615.387719,85,258997139,"[1801]",41,99,60,80,2,691,691,"Simple pass","1970-01-01 00:45:00.000002615","M. Gómez"
8,"Simple pass","[{'id': 1802}]",112459,"[{'y': 42, 'x': 17}, {'y': 62, 'x': 21}]",2057984,"Pass","Mexico","2H",2618.164069,85,258996955,"[1802]",42,17,62,21,2,692,692,"Simple pass","1970-01-01 00:45:00.000002618","H. Herrera"
7,"Touch","[{'id': 1401}]",224593,"[{'y': 60, 'x': 80}, {'y': 58, 'x': 83}]",2057984,"Others on the ball","Germany","2H",2618.383918,72,258997140,"[1401]",60,80,58,83,2,693,693,"Touch","1970-01-01 00:45:00.000002618","J. Kimmich"
10,"Shot","[{'id': 402}, {'id': 201}, {'id': 1222}, {'id': 1802}]",146583,"[{'y': 38, 'x': 79}, {'y': 0, 'x': 0}]",2057984,"Shot","Germany","2H",2619.685309,100,258997141,"[402, 201, 1222, 1802]",38,79,0,0,2,693,693,"Shot","1970-01-01 00:45:00.000002619","J. Brandt"
3,"Goal kick","[]",25816,"[{'y': 0, 'x': 0}, {'y': 26, 'x': 63}]",2057984,"Free Kick","Mexico","2H",2652.883028,34,258996970,,0,0,26,63,2,694,694,"Goal kick","1970-01-01 00:45:00.000002652","G. Ochoa"
1,"Ground loose ball duel","[{'id': 701}, {'id': 1802}]",112459,"[{'y': 26, 'x': 63}, {'y': 29, 'x': 62}]",2057984,"Duel","Mexico","2H",2655.846472,13,258996972,"[701, 1802]",26,63,29,62,2,694,694,"Ground loose ball duel","1970-01-01 00:45:00.000002655","H. Herrera"
1,"Ground loose ball duel","[{'id': 703}, {'id': 1801}]",14716,"[{'y': 74, 'x': 37}, {'y': 71, 'x': 38}]",2057984,"Duel","Germany","2H",2655.846472,13,258997142,"[703, 1801]",74,37,71,38,2,695,695,"Ground loose ball duel","1970-01-01 00:45:00.000002655","J. Boateng"
2,"Foul","[]",112459,"[{'y': 29, 'x': 62}, {'y': 26, 'x': 63}]",2057984,"Foul","Mexico","2H",2657.021567,20,258996974,,29,62,26,63,2,696,696,"Foul","1970-01-01 00:45:00.000002657","H. Herrera"
2,"Time lost foul","[{'id': 1702}]",112459,"[{'y': 29, 'x': 65}, {'y': 100, 'x': 100}]",2057984,"Foul","Mexico","2H",2662.886489,26,258996981,"[1702]",29,65,100,100,2,696,696,"Time lost foul","1970-01-01 00:45:00.000002662","H. Herrera"
3,"Free Kick","[{'id': 1801}]",14716,"[{'y': 80, 'x': 41}, {'y': 42, 'x': 48}]",2057984,"Free Kick","Germany","2H",2666.731983,31,258997143,"[1801]",80,41,42,48,2,697,697,"Free Kick","1970-01-01 00:45:00.000002666","J. Boateng"
8,"Simple pass","[{'id': 1801}]",14723,"[{'y': 42, 'x': 48}, {'y': 7, 'x': 72}]",2057984,"Pass","Germany","2H",2669.979999,85,258997144,"[1801]",42,48,7,72,2,697,697,"Simple pass","1970-01-01 00:45:00.000002669","T. Kroos"
8,"Simple pass","[{'id': 1801}]",146583,"[{'y': 7, 'x': 72}, {'y': 21, 'x': 70}]",2057984,"Pass","Germany","2H",2673.259739,85,258997145,"[1801]",7,72,21,70,2,697,697,"Simple pass","1970-01-01 00:45:00.000002673","J. Brandt"
8,"Simple pass","[{'id': 1801}]",14795,"[{'y': 21, 'x': 70}, {'y': 7, 'x': 89}]",2057984,"Pass","Germany","2H",2674.928379,85,258997146,"[1801]",21,70,7,89,2,697,697,"Simple pass","1970-01-01 00:45:00.000002674","M. Hummels"
8,"Cross","[{'id': 401}, {'id': 801}, {'id': 1801}]",146583,"[{'y': 7, 'x': 89}, {'y': 57, 'x': 93}]",2057984,"Pass","Germany","2H",2677.407497,80,258997147,"[401, 801, 1801]",7,89,57,93,2,697,697,"Cross","1970-01-01 00:45:00.000002677","J. Brandt"
1,"Air duel","[{'id': 702}, {'id': 1801}]",3795,"[{'y': 43, 'x': 7}, {'y': 9, 'x': 12}]",2057984,"Duel","Mexico","2H",2678.979838,10,258996988,"[702, 1801]",43,7,9,12,2,698,698,"Air duel","1970-01-01 00:45:00.000002678","H. Moreno"
1,"Air duel","[{'id': 702}, {'id': 1801}]",14732,"[{'y': 57, 'x': 93}, {'y': 91, 'x': 88}]",2057984,"Duel","Germany","2H",2679.097625,10,258997148,"[702, 1801]",57,93,91,88,2,699,699,"Air duel","1970-01-01 00:45:00.000002679","T. Müller"
8,"Simple pass","[{'id': 1801}]",224593,"[{'y': 91, 'x': 88}, {'y': 76, 'x': 79}]",2057984,"Pass","Germany","2H",2683.554393,85,258997149,"[1801]",91,88,76,79,2,699,699,"Simple pass","1970-01-01 00:45:00.000002683","J. Kimmich"
1,"Ground defending duel","[{'id': 501}, {'id': 701}, {'id': 1802}]",112459,"[{'y': 24, 'x': 21}, {'y': 27, 'x': 22}]",2057984,"Duel","Mexico","2H",2684.907282,12,258996991,"[501, 701, 1802]",24,21,27,22,2,700,700,"Ground defending duel","1970-01-01 00:45:00.000002684","H. Herrera"
1,"Ground attacking duel","[{'id': 502}, {'id': 703}, {'id': 1801}]",14716,"[{'y': 76, 'x': 79}, {'y': 73, 'x': 78}]",2057984,"Duel","Germany","2H",2686.368229,11,258997150,"[502, 703, 1801]",76,79,73,78,2,701,701,"Ground attacking duel","1970-01-01 00:45:00.000002686","J. Boateng"
10,"Shot","[{'id': 401}, {'id': 201}, {'id': 1201}, {'id': 1801}]",14716,"[{'y': 73, 'x': 78}, {'y': 0, 'x': 0}]",2057984,"Shot","Germany","2H",2687.456949,100,258997151,"[401, 201, 1201, 1801]",73,78,0,0,2,701,701,"Shot","1970-01-01 00:45:00.000002687","J. Boateng"
9,"Save attempt","[{'id': 1201}, {'id': 1801}]",25816,"[{'y': 0, 'x': 0}, {'y': 27, 'x': 22}]",2057984,"Save attempt","Mexico","2H",2688.680012,91,258996992,"[1201, 1801]",0,0,27,22,2,702,702,"Save attempt","1970-01-01 00:45:00.000002688","G. Ochoa"
8,"Launch","[{'id': 1802}]",25816,"[{'y': 64, 'x': 14}, {'y': 75, 'x': 65}]",2057984,"Pass","Mexico","2H",2704.941694,84,258996996,"[1802]",64,14,75,65,2,703,703,"Launch","1970-01-01 00:45:00.000002704","G. Ochoa"
8,"Head pass","[{'id': 1801}]",146583,"[{'y': 25, 'x': 35}, {'y': 21, 'x': 42}]",2057984,"Pass","Germany","2H",2707.909012,82,258997152,"[1801]",25,35,21,42,2,704,704,"Head pass","1970-01-01 00:45:00.000002707","J. Brandt"
8,"Simple pass","[{'id': 1801}]",14723,"[{'y': 21, 'x': 42}, {'y': 45, 'x': 33}]",2057984,"Pass","Germany","2H",2710.432607,85,258997153,"[1801]",21,42,45,33,2,704,704,"Simple pass","1970-01-01 00:45:00.000002710","T. Kroos"
7,"Touch","[]",14716,"[{'y': 45, 'x': 33}, {'y': 46, 'x': 50}]",2057984,"Others on the ball","Germany","2H",2711.676542,72,258997154,,45,33,46,50,2,704,704,"Touch","1970-01-01 00:45:00.000002711","J. Boateng"
8,"Smart pass","[{'id': 1801}]",14716,"[{'y': 46, 'x': 50}, {'y': 18, 'x': 76}]",2057984,"Pass","Germany","2H",2715.388471,86,258997155,"[1801]",46,50,18,76,2,704,704,"Smart pass","1970-01-01 00:45:00.000002715","J. Boateng"
8,"Simple pass","[{'id': 1801}]",14795,"[{'y': 18, 'x': 76}, {'y': 14, 'x': 64}]",2057984,"Pass","Germany","2H",2720.336628,85,258997157,"[1801]",18,76,14,64,2,704,704,"Simple pass","1970-01-01 00:45:00.000002720","M. Hummels"
8,"Simple pass","[{'id': 1801}]",146583,"[{'y': 14, 'x': 64}, {'y': 54, 'x': 67}]",2057984,"Pass","Germany","2H",2722.209282,85,258997158,"[1801]",14,64,54,67,2,704,704,"Simple pass","1970-01-01 00:45:00.000002722","J. Brandt"
8,"Simple pass","[{'id': 1801}]",14716,"[{'y': 54, 'x': 67}, {'y': 73, 'x': 72}]",2057984,"Pass","Germany","2H",2727.422091,85,258997159,"[1801]",54,67,73,72,2,704,704,"Simple pass","1970-01-01 00:45:00.000002727","J. Boateng"
8,"High pass","[{'id': 901}, {'id': 1802}]",224593,"[{'y': 73, 'x': 72}, {'y': 65, 'x': 73}]",2057984,"Pass","Germany","2H",2729.516569,83,258997160,"[901, 1802]",73,72,65,73,2,705,705,"High pass","1970-01-01 00:45:00.000002729","J. Kimmich"
7,"Touch","[{'id': 1401}]",112459,"[{'y': 35, 'x': 27}, {'y': 30, 'x': 29}]",2057984,"Others on the ball","Mexico","2H",2730.62844,72,258996998,"[1401]",35,27,30,29,2,706,706,"Touch","1970-01-01 00:45:00.000002730","H. Herrera"
7,"Touch","[]",224593,"[{'y': 84, 'x': 66}, {'y': 70, 'x': 71}]",2057984,"Others on the ball","Germany","2H",2732.882196,72,258997161,,84,66,70,71,2,707,707,"Touch","1970-01-01 00:45:00.000002732","J. Kimmich"
8,"Simple pass","[{'id': 1801}]",224593,"[{'y': 70, 'x': 71}, {'y': 80, 'x': 64}]",2057984,"Pass","Germany","2H",2738.509316,85,258997162,"[1801]",70,71,80,64,2,707,707,"Simple pass","1970-01-01 00:45:00.000002738","J. Kimmich"
8,"Simple pass","[{'id': 1801}]",14716,"[{'y': 80, 'x': 64}, {'y': 94, 'x': 63}]",2057984,"Pass","Germany","2H",2740.48015,85,258997163,"[1801]",80,64,94,63,2,707,707,"Simple pass","1970-01-01 00:45:00.000002740","J. Boateng"
8,"Simple pass","[{'id': 1801}]",3319,"[{'y': 94, 'x': 63}, {'y': 95, 'x': 75}]",2057984,"Pass","Germany","2H",2741.997242,85,258997164,"[1801]",94,63,95,75,2,707,707,"Simple pass","1970-01-01 00:45:00.000002741","M. Özil"
8,"Simple pass","[{'id': 1801}]",14732,"[{'y': 95, 'x': 75}, {'y': 89, 'x': 64}]",2057984,"Pass","Germany","2H",2743.834959,85,258997165,"[1801]",95,75,89,64,2,707,707,"Simple pass","1970-01-01 00:45:00.000002743","T. Müller"
8,"Simple pass","[{'id': 1801}]",3319,"[{'y': 89, 'x': 64}, {'y': 40, 'x': 62}]",2057984,"Pass","Germany","2H",2746.090089,85,258997166,"[1801]",89,64,40,62,2,707,707,"Simple pass","1970-01-01 00:45:00.000002746","M. Özil"
8,"Simple pass","[{'id': 1801}]",14723,"[{'y': 40, 'x': 62}, {'y': 78, 'x': 63}]",2057984,"Pass","Germany","2H",2750.636771,85,258997167,"[1801]",40,62,78,63,2,707,707,"Simple pass","1970-01-01 00:45:00.000002750","T. Kroos"
8,"Simple pass","[{'id': 1801}]",3319,"[{'y': 78, 'x': 63}, {'y': 60, 'x': 61}]",2057984,"Pass","Germany","2H",2754.879549,85,258997168,"[1801]",78,63,60,61,2,707,707,"Simple pass","1970-01-01 00:45:00.000002754","M. Özil"
8,"Simple pass","[{'id': 1801}]",224593,"[{'y': 60, 'x': 61}, {'y': 26, 'x': 67}]",2057984,"Pass","Germany","2H",2756.653824,85,258997169,"[1801]",60,61,26,67,2,707,707,"Simple pass","1970-01-01 00:45:00.000002756","J. Kimmich"
8,"Simple pass","[{'id': 1801}]",14723,"[{'y': 26, 'x': 67}, {'y': 65, 'x': 73}]",2057984,"Pass","Germany","2H",2759.920338,85,258997170,"[1801]",26,67,65,73,2,707,707,"Simple pass","1970-01-01 00:45:00.000002759","T. Kroos"
8,"Simple pass","[{'id': 1801}]",14732,"[{'y': 65, 'x': 73}, {'y': 90, 'x': 76}]",2057984,"Pass","Germany","2H",2761.944089,85,258997171,"[1801]",65,73,90,76,2,707,707,"Simple pass","1970-01-01 00:45:00.000002761","T. Müller"
8,"Simple pass","[{'id': 1801}]",224593,"[{'y': 90, 'x': 76}, {'y': 59, 'x': 81}]",2057984,"Pass","Germany","2H",2764.453141,85,258997173,"[1801]",90,76,59,81,2,707,707,"Simple pass","1970-01-01 00:45:00.000002764","J. Kimmich"
8,"Simple pass","[{'id': 1801}]",3319,"[{'y': 59, 'x': 81}, {'y': 67, 'x': 78}]",2057984,"Pass","Germany","2H",2766.071187,85,258997175,"[1801]",59,81,67,78,2,707,707,"Simple pass","1970-01-01 00:45:00.000002766","M. Özil"
8,"Smart pass","[{'id': 901}, {'id': 1802}]",14732,"[{'y': 67, 'x': 78}, {'y': 58, 'x': 92}]",2057984,"Pass","Germany","2H",2767.621972,86,258997176,"[901, 1802]",67,78,58,92,2,708,708,"Smart pass","1970-01-01 00:45:00.000002767","T. Müller"
7,"Touch","[{'id': 1401}]",25816,"[{'y': 42, 'x': 8}, {'y': 45, 'x': 14}]",2057984,"Others on the ball","Mexico","2H",2769.0322,72,258996999,"[1401]",42,8,45,14,2,709,709,"Touch","1970-01-01 00:45:00.000002769","G. Ochoa"
8,"Launch","[{'id': 1801}]",25816,"[{'y': 45, 'x': 14}, {'y': 12, 'x': 66}]",2057984,"Pass","Mexico","2H",2784.41593,84,258997000,"[1801]",45,14,12,66,2,709,709,"Launch","1970-01-01 00:45:00.000002784","G. Ochoa"
1,"Ground loose ball duel","[{'id': 701}, {'id': 1802}]",112392,"[{'y': 12, 'x': 66}, {'y': 13, 'x': 65}]",2057984,"Duel","Mexico","2H",2787.39066,13,258997001,"[701, 1802]",12,66,13,65,2,709,709,"Ground loose ball duel","1970-01-01 00:45:00.000002787","R. Jiménez"
1,"Ground loose ball duel","[{'id': 703}, {'id': 1801}]",224593,"[{'y': 88, 'x': 34}, {'y': 87, 'x': 35}]",2057984,"Duel","Germany","2H",2787.39066,13,258997179,"[703, 1801]",88,34,87,35,2,710,710,"Ground loose ball duel","1970-01-01 00:45:00.000002787","J. Kimmich"
2,"Foul","[]",112392,"[{'y': 13, 'x': 65}, {'y': 12, 'x': 66}]",2057984,"Foul","Mexico","2H",2789.033485,20,258997002,,13,65,12,66,2,711,711,"Foul","1970-01-01 00:45:00.000002789","R. Jiménez"
3,"Free Kick","[{'id': 1801}]",14723,"[{'y': 85, 'x': 31}, {'y': 92, 'x': 39}]",2057984,"Free Kick","Germany","2H",2802.94691,31,258997180,"[1801]",85,31,92,39,2,712,712,"Free Kick","1970-01-01 00:45:00.000002802","T. Kroos"
8,"Simple pass","[{'id': 1801}]",224593,"[{'y': 92, 'x': 39}, {'y': 64, 'x': 47}]",2057984,"Pass","Germany","2H",2804.758553,85,258997181,"[1801]",92,39,64,47,2,712,712,"Simple pass","1970-01-01 00:45:00.000002804","J. Kimmich"
8,"Simple pass","[{'id': 1801}]",14723,"[{'y': 64, 'x': 47}, {'y': 37, 'x': 60}]",2057984,"Pass","Germany","2H",2806.768685,85,258997182,"[1801]",64,47,37,60,2,712,712,"Simple pass","1970-01-01 00:45:00.000002806","T. Kroos"
8,"High pass","[{'id': 1801}]",14716,"[{'y': 37, 'x': 60}, {'y': 92, 'x': 89}]",2057984,"Pass","Germany","2H",2809.291938,83,258997183,"[1801]",37,60,92,89,2,712,712,"High pass","1970-01-01 00:45:00.000002809","J. Boateng"
8,"Cross","[{'id': 402}, {'id': 801}, {'id': 1801}]",14732,"[{'y': 92, 'x': 89}, {'y': 44, 'x': 92}]",2057984,"Pass","Germany","2H",2813.470848,80,258997184,"[402, 801, 1801]",92,89,44,92,2,712,712,"Cross","1970-01-01 00:45:00.000002813","T. Müller"
7,"Clearance","[{'id': 1401}, {'id': 1802}]",448210,"[{'y': 60, 'x': 9}, {'y': 59, 'x': 0}]",2057984,"Others on the ball","Mexico","2H",2814.297058,71,258997025,"[1401, 1802]",60,9,59,0,2,713,713,"Clearance","1970-01-01 00:45:00.000002814","E. Álvarez"
1,"Ground loose ball duel","[{'id': 702}, {'id': 1801}]",255387,"[{'y': 56, 'x': 8}, {'y': 45, 'x': 8}]",2057984,"Duel","Mexico","2H",2814.523173,13,258997027,"[702, 1801]",56,8,45,8,2,713,713,"Ground loose ball duel","1970-01-01 00:45:00.000002814","C. Salcedo"
1,"Ground loose ball duel","[{'id': 702}, {'id': 1801}]",14731,"[{'y': 44, 'x': 92}, {'y': 55, 'x': 92}]",2057984,"Duel","Germany","2H",2814.622956,13,258997185,"[702, 1801]",44,92,55,92,2,714,714,"Ground loose ball duel","1970-01-01 00:45:00.000002814","M. Gómez"
1,"Ground loose ball duel","[{'id': 701}, {'id': 1802}]",14795,"[{'y': 55, 'x': 92}, {'y': 40, 'x': 91}]",2057984,"Duel","Germany","2H",2814.75611,13,258997186,"[701, 1802]",55,92,40,91,2,714,714,"Ground loose ball duel","1970-01-01 00:45:00.000002814","M. Hummels"
3,"Corner","[{'id': 801}, {'id': 1802}]",14723,"[{'y': 0, 'x': 100}, {'y': 37, 'x': 88}]",2057984,"Free Kick","Germany","2H",2843.901547,30,258997187,"[801, 1802]",0,100,37,88,2,714,714,"Corner","1970-01-01 00:45:00.000002843","T. Kroos"
7,"Clearance","[{'id': 1401}, {'id': 1802}]",59003,"[{'y': 63, 'x': 12}, {'y': 100, 'x': 32}]",2057984,"Others on the ball","Mexico","2H",2846.022236,71,258997038,"[1401, 1802]",63,12,100,32,2,715,715,"Clearance","1970-01-01 00:45:00.000002846","R. Márquez"
3,"Throw in","[{'id': 1801}]",3319,"[{'y': 0, 'x': 64}, {'y': 30, 'x': 53}]",2057984,"Free Kick","Germany","2H",2852.517518,36,258997188,"[1801]",0,64,30,53,2,716,716,"Throw in","1970-01-01 00:45:00.000002852","M. Özil"
8,"High pass","[{'id': 901}, {'id': 1802}]",224593,"[{'y': 30, 'x': 53}, {'y': 100, 'x': 100}]",2057984,"Pass","Germany","2H",2855.894351,83,258997189,"[901, 1802]",30,53,100,100,2,717,717,"High pass","1970-01-01 00:45:00.000002855","J. Kimmich"
4,"Goalkeeper leaving line","[]",25816,"[{'y': 0, 'x': 0}, {'y': 70, 'x': 47}]",2057984,"Goalkeeper leaving line","Mexico","2H",2858.771981,40,258997046,,0,0,70,47,2,718,718,"Goalkeeper leaving line","1970-01-01 00:45:00.000002858","G. Ochoa"
8,"Launch","[{'id': 1802}]",25816,"[{'y': 43, 'x': 11}, {'y': 8, 'x': 63}]",2057984,"Pass","Mexico","2H",2873.474743,84,258997050,"[1802]",43,11,8,63,2,719,719,"Launch","1970-01-01 00:45:00.000002873","G. Ochoa"
6,,"[]",112459,"[{'y': 8, 'x': 63}, {'y': 100, 'x': 100}]",2057984,"Offside","Mexico","2H",2876.524363,,258997059,,8,63,100,100,2,719,719,,"1970-01-01 00:45:00.000002876","H. Herrera"
3,"Free Kick","[{'id': 1802}]",14723,"[{'y': 74, 'x': 42}, {'y': 0, 'x': 0}]",2057984,"Free Kick","Germany","2H",2888.602083,31,258997190,"[1802]",74,42,0,0,2,720,720,"Free Kick","1970-01-01 00:45:00.000002888","T. Kroos"
